CustomerKey,Segment,SignupDate
1,Consumer,09-01-2023
2,Consumer,03-01-2022
3,Corporate,25-06-2022
4,Consumer,28-02-2023
5,Consumer,21-06-2023
6,Consumer,11-09-2023
7,Consumer,13-10-2023
8,Small Business,05-08-2022
9,Consumer,04-04-2024
10,Corporate,25-07-2022
11,Consumer,04-04-2023
12,Small Business,09-10-2023
13,Small Business,27-10-2022
14,Consumer,04-12-2022
15,Small Business,30-11-2024
16,Consumer,09-01-2022
17,Consumer,02-07-2023
18,Corporate,09-03-2024
19,Consumer,26-03-2023
20,Small Business,31-03-2023
21,Corporate,22-12-2023
22,Consumer,09-04-2024
23,Small Business,26-09-2023
24,Consumer,06-04-2023
25,Consumer,16-12-2023
26,Corporate,05-09-2023
27,Consumer,23-05-2024
28,Consumer,05-08-2023
29,Corporate,16-01-2024
30,Consumer,13-01-2024
31,Consumer,07-05-2024
32,Consumer,18-04-2023
33,Consumer,20-05-2023
34,Corporate,21-09-2022
35,Consumer,25-06-2023
36,Consumer,19-09-2023
37,Small Business,03-02-2023
38,Corporate,15-03-2024
39,Corporate,26-05-2024
40,Consumer,05-09-2022
41,Consumer,01-03-2024
42,Consumer,09-03-2024
43,Consumer,13-02-2024
44,Small Business,21-05-2023
45,Corporate,22-11-2022
46,Consumer,28-04-2023
47,Small Business,25-12-2023
48,Consumer,30-10-2024
49,Corporate,17-10-2024
50,Corporate,10-02-2023
51,Consumer,09-12-2024
52,Consumer,26-11-2023
53,Consumer,09-11-2022
54,Consumer,11-09-2024
55,Corporate,04-10-2023
56,Consumer,23-12-2022
57,Consumer,25-09-2024
58,Corporate,26-07-2024
59,Consumer,12-06-2022
60,Corporate,01-08-2022
61,Consumer,05-09-2024
62,Consumer,13-04-2022
63,Consumer,22-05-2024
64,Corporate,02-05-2022
65,Consumer,22-08-2024
66,Small Business,20-11-2024
67,Corporate,04-02-2023
68,Consumer,11-10-2022
69,Corporate,30-04-2022
70,Consumer,26-01-2023
71,Consumer,17-06-2023
72,Consumer,05-02-2024
73,Corporate,10-10-2022
74,Consumer,21-07-2023
75,Small Business,27-12-2023
76,Consumer,24-02-2023
77,Consumer,08-12-2023
78,Consumer,11-02-2024
79,Small Business,06-03-2023
80,Small Business,22-01-2024
81,Consumer,08-03-2022
82,Consumer,11-04-2023
83,Small Business,17-10-2022
84,Consumer,19-10-2024
85,Consumer,15-06-2023
86,Small Business,06-10-2023
87,Consumer,05-10-2022
88,Consumer,24-12-2022
89,Consumer,06-12-2023
90,Corporate,28-06-2023
91,Consumer,16-05-2024
92,Consumer,29-11-2023
93,Corporate,07-01-2022
94,Consumer,29-04-2023
95,Corporate,03-12-2024
96,Corporate,29-08-2024
97,Consumer,12-09-2022
98,Corporate,01-10-2022
99,Consumer,12-10-2024
100,Consumer,06-05-2023
101,Small Business,29-03-2022
102,Consumer,18-10-2023
103,Consumer,07-12-2024
104,Consumer,20-01-2024
105,Corporate,13-05-2022
106,Consumer,01-07-2023
107,Small Business,13-01-2022
108,Consumer,18-07-2023
109,Small Business,12-01-2024
110,Consumer,13-07-2023
111,Consumer,02-05-2022
112,Consumer,07-08-2022
113,Consumer,29-07-2023
114,Consumer,10-07-2024
115,Corporate,24-10-2024
116,Corporate,18-07-2024
117,Small Business,22-10-2023
118,Consumer,11-12-2022
119,Corporate,23-03-2024
120,Consumer,04-09-2022
121,Consumer,06-04-2023
122,Corporate,30-03-2022
123,Small Business,07-03-2022
124,Consumer,03-08-2022
125,Consumer,03-04-2024
126,Corporate,08-09-2023
127,Consumer,01-07-2023
128,Consumer,30-10-2024
129,Consumer,13-08-2024
130,Consumer,17-05-2023
131,Consumer,27-03-2024
132,Consumer,29-05-2023
133,Consumer,31-05-2023
134,Consumer,11-10-2023
135,Consumer,04-05-2024
136,Consumer,02-11-2024
137,Consumer,15-05-2024
138,Consumer,13-09-2022
139,Consumer,04-08-2024
140,Consumer,05-09-2022
141,Consumer,18-02-2022
142,Consumer,02-03-2022
143,Consumer,22-08-2023
144,Consumer,28-03-2023
145,Consumer,18-03-2024
146,Corporate,09-12-2022
147,Corporate,03-11-2024
148,Consumer,15-07-2024
149,Small Business,08-08-2024
150,Consumer,31-12-2023
151,Consumer,16-10-2022
152,Small Business,23-02-2022
153,Small Business,05-03-2023
154,Small Business,15-10-2023
155,Consumer,22-09-2022
156,Small Business,17-01-2022
157,Small Business,22-05-2024
158,Consumer,28-03-2024
159,Corporate,06-05-2023
160,Consumer,09-11-2023
161,Consumer,07-04-2024
162,Small Business,26-04-2023
163,Corporate,13-05-2022
164,Consumer,11-07-2022
165,Consumer,11-06-2024
166,Consumer,23-08-2023
167,Consumer,21-04-2022
168,Consumer,25-01-2022
169,Consumer,24-05-2022
170,Consumer,01-06-2023
171,Consumer,05-11-2022
172,Small Business,14-09-2024
173,Corporate,14-10-2023
174,Corporate,07-01-2022
175,Consumer,20-11-2023
176,Consumer,20-12-2023
177,Small Business,08-08-2023
178,Consumer,19-03-2022
179,Corporate,11-05-2024
180,Consumer,13-09-2024
181,Small Business,18-04-2022
182,Small Business,27-08-2024
183,Consumer,23-08-2024
184,Small Business,25-04-2024
185,Consumer,26-01-2022
186,Small Business,09-08-2024
187,Small Business,30-04-2023
188,Consumer,06-07-2024
189,Consumer,02-04-2024
190,Consumer,29-05-2022
191,Consumer,19-06-2024
192,Corporate,18-04-2023
193,Consumer,10-08-2022
194,Small Business,07-12-2022
195,Consumer,02-01-2023
196,Consumer,13-07-2024
197,Consumer,08-01-2022
198,Consumer,23-02-2022
199,Consumer,26-12-2024
200,Corporate,01-11-2024
201,Consumer,09-10-2022
202,Consumer,17-02-2022
203,Small Business,20-09-2024
204,Consumer,29-12-2023
205,Consumer,02-05-2022
206,Consumer,23-10-2024
207,Corporate,16-08-2023
208,Consumer,25-08-2022
209,Small Business,09-03-2022
210,Consumer,05-10-2022
211,Consumer,03-11-2024
212,Corporate,16-02-2024
213,Consumer,31-01-2022
214,Small Business,21-08-2023
215,Small Business,08-10-2024
216,Corporate,10-01-2024
217,Consumer,29-10-2023
218,Consumer,09-10-2024
219,Corporate,20-06-2024
220,Corporate,08-10-2023
221,Consumer,25-02-2023
222,Small Business,29-05-2023
223,Consumer,18-02-2024
224,Consumer,02-10-2022
225,Small Business,14-10-2024
226,Consumer,23-07-2022
227,Consumer,11-02-2023
228,Corporate,04-01-2023
229,Consumer,05-06-2023
230,Consumer,08-11-2024
231,Consumer,23-01-2022
232,Consumer,09-02-2024
233,Corporate,01-08-2023
234,Consumer,01-03-2023
235,Consumer,12-04-2024
236,Consumer,15-12-2023
237,Small Business,29-04-2024
238,Small Business,13-05-2022
239,Consumer,29-08-2022
240,Consumer,08-12-2023
241,Consumer,02-04-2023
242,Corporate,17-04-2022
243,Consumer,30-11-2023
244,Consumer,30-11-2022
245,Consumer,29-10-2023
246,Consumer,22-01-2023
247,Small Business,01-04-2024
248,Corporate,22-06-2023
249,Consumer,01-07-2023
250,Consumer,23-07-2024
251,Consumer,26-06-2022
252,Consumer,28-08-2024
253,Consumer,03-08-2022
254,Consumer,17-09-2023
255,Small Business,30-05-2023
256,Consumer,02-06-2024
257,Consumer,06-11-2024
258,Consumer,01-07-2022
259,Consumer,17-11-2023
260,Consumer,22-09-2023
261,Corporate,22-01-2022
262,Consumer,30-04-2022
263,Consumer,04-11-2024
264,Small Business,20-10-2024
265,Consumer,30-10-2022
266,Consumer,24-01-2024
267,Corporate,25-06-2024
268,Consumer,27-04-2024
269,Consumer,02-09-2022
270,Consumer,24-12-2023
271,Consumer,23-05-2023
272,Small Business,16-10-2024
273,Corporate,27-04-2022
274,Corporate,19-04-2022
275,Consumer,29-08-2022
276,Small Business,20-07-2023
277,Consumer,27-05-2022
278,Consumer,15-06-2022
279,Consumer,15-02-2024
280,Small Business,12-06-2022
281,Small Business,18-11-2024
282,Consumer,25-07-2022
283,Small Business,14-10-2023
284,Consumer,02-07-2024
285,Consumer,16-02-2024
286,Corporate,13-03-2023
287,Small Business,12-04-2023
288,Consumer,20-11-2024
289,Consumer,11-06-2024
290,Consumer,25-04-2024
291,Consumer,13-11-2024
292,Consumer,21-01-2022
293,Corporate,26-11-2024
294,Consumer,29-07-2023
295,Small Business,03-08-2023
296,Consumer,07-06-2023
297,Consumer,22-08-2023
298,Consumer,03-04-2024
299,Consumer,19-11-2024
300,Consumer,02-05-2023
301,Consumer,25-05-2023
302,Corporate,05-03-2023
303,Consumer,24-08-2022
304,Consumer,10-07-2023
305,Corporate,15-06-2024
306,Consumer,02-01-2023
307,Consumer,07-11-2024
308,Small Business,10-10-2024
309,Small Business,28-06-2023
310,Consumer,21-12-2023
311,Corporate,20-08-2024
312,Consumer,02-07-2023
313,Consumer,16-11-2023
314,Consumer,13-06-2022
315,Consumer,13-01-2023
316,Small Business,25-10-2024
317,Small Business,17-05-2023
318,Consumer,08-05-2022
319,Consumer,26-07-2022
320,Small Business,24-01-2024
321,Consumer,01-09-2024
322,Consumer,27-11-2024
323,Small Business,30-12-2022
324,Corporate,01-08-2022
325,Corporate,07-05-2023
326,Consumer,24-12-2024
327,Consumer,23-07-2024
328,Consumer,09-03-2024
329,Consumer,18-08-2023
330,Corporate,24-10-2023
331,Consumer,18-12-2023
332,Consumer,18-08-2022
333,Small Business,12-03-2022
334,Consumer,23-11-2024
335,Consumer,20-01-2024
336,Consumer,13-05-2022
337,Small Business,27-11-2024
338,Consumer,24-01-2024
339,Small Business,18-07-2024
340,Small Business,02-06-2024
341,Consumer,05-06-2022
342,Consumer,23-04-2022
343,Consumer,15-11-2024
344,Consumer,04-01-2023
345,Corporate,27-01-2022
346,Small Business,19-02-2023
347,Consumer,21-01-2024
348,Consumer,26-04-2023
349,Small Business,01-12-2023
350,Consumer,15-03-2022
351,Corporate,28-10-2022
352,Consumer,24-05-2022
353,Corporate,25-01-2023
354,Small Business,23-06-2024
355,Consumer,22-01-2022
356,Consumer,16-06-2022
357,Consumer,19-02-2023
358,Small Business,06-10-2022
359,Consumer,12-08-2024
360,Consumer,19-12-2024
361,Consumer,21-11-2024
362,Consumer,04-07-2023
363,Consumer,21-11-2024
364,Consumer,02-02-2022
365,Consumer,12-06-2022
366,Small Business,23-10-2024
367,Corporate,10-10-2023
368,Small Business,24-03-2024
369,Small Business,08-02-2022
370,Small Business,19-11-2022
371,Consumer,05-05-2024
372,Consumer,18-04-2023
373,Consumer,26-05-2023
374,Consumer,19-12-2023
375,Consumer,06-12-2022
376,Consumer,17-10-2024
377,Consumer,25-11-2024
378,Consumer,16-01-2022
379,Small Business,12-05-2022
380,Consumer,08-11-2024
381,Consumer,16-02-2023
382,Consumer,01-05-2023
383,Small Business,20-02-2024
384,Consumer,08-04-2023
385,Consumer,07-02-2022
386,Consumer,29-09-2023
387,Consumer,26-12-2023
388,Consumer,16-06-2023
389,Consumer,01-12-2024
390,Consumer,26-03-2022
391,Consumer,23-04-2022
392,Consumer,18-03-2024
393,Corporate,24-02-2022
394,Consumer,02-03-2023
395,Small Business,12-11-2023
396,Small Business,07-07-2022
397,Corporate,17-02-2023
398,Consumer,16-05-2024
399,Consumer,13-05-2024
400,Consumer,10-06-2024
401,Small Business,02-08-2022
402,Consumer,06-06-2024
403,Consumer,26-09-2022
404,Corporate,13-05-2022
405,Small Business,03-01-2023
406,Small Business,25-03-2023
407,Consumer,13-01-2023
408,Corporate,17-09-2022
409,Consumer,14-01-2023
410,Small Business,30-04-2022
411,Small Business,17-04-2024
412,Consumer,10-11-2023
413,Small Business,14-04-2024
414,Small Business,09-05-2024
415,Consumer,13-11-2024
416,Consumer,17-02-2023
417,Consumer,18-02-2022
418,Consumer,04-10-2023
419,Consumer,10-05-2022
420,Consumer,12-05-2024
421,Small Business,16-11-2024
422,Consumer,23-12-2024
423,Consumer,17-11-2024
424,Consumer,27-01-2023
425,Small Business,01-12-2022
426,Consumer,10-05-2022
427,Corporate,14-08-2022
428,Consumer,02-10-2024
429,Consumer,13-11-2024
430,Small Business,09-01-2023
431,Consumer,06-01-2023
432,Corporate,12-05-2022
433,Consumer,21-02-2022
434,Consumer,25-12-2022
435,Consumer,10-02-2023
436,Consumer,23-02-2022
437,Small Business,28-08-2023
438,Corporate,19-06-2024
439,Consumer,09-02-2024
440,Small Business,21-02-2023
441,Consumer,17-05-2022
442,Small Business,22-01-2023
443,Consumer,05-06-2023
444,Corporate,09-04-2024
445,Corporate,14-12-2022
446,Consumer,30-07-2023
447,Consumer,21-05-2022
448,Consumer,29-05-2022
449,Consumer,10-05-2024
450,Small Business,03-03-2024
451,Corporate,07-10-2022
452,Consumer,23-02-2023
453,Small Business,12-07-2022
454,Corporate,02-06-2022
455,Small Business,06-04-2023
456,Consumer,09-03-2022
457,Consumer,21-07-2024
458,Corporate,15-08-2024
459,Small Business,10-04-2022
460,Consumer,16-04-2024
461,Corporate,06-06-2024
462,Consumer,05-05-2023
463,Consumer,02-12-2023
464,Small Business,11-06-2024
465,Consumer,21-02-2022
466,Small Business,03-05-2024
467,Consumer,20-03-2023
468,Small Business,23-10-2024
469,Consumer,22-08-2023
470,Consumer,13-02-2022
471,Consumer,28-12-2023
472,Consumer,01-02-2024
473,Small Business,12-07-2022
474,Consumer,30-11-2023
475,Consumer,30-12-2024
476,Consumer,09-10-2023
477,Consumer,11-06-2024
478,Consumer,11-02-2022
479,Consumer,14-07-2024
480,Corporate,10-01-2022
481,Consumer,26-08-2023
482,Consumer,18-02-2024
483,Consumer,26-04-2023
484,Consumer,23-12-2022
485,Small Business,24-07-2022
486,Consumer,08-02-2024
487,Consumer,13-02-2022
488,Consumer,30-01-2023
489,Consumer,25-11-2023
490,Corporate,11-01-2024
491,Corporate,26-03-2023
492,Consumer,18-02-2024
493,Small Business,08-03-2023
494,Small Business,24-02-2024
495,Corporate,01-11-2024
496,Consumer,14-02-2023
497,Consumer,18-11-2023
498,Consumer,08-04-2023
499,Corporate,07-06-2023
500,Corporate,15-09-2022
501,Consumer,18-05-2024
502,Small Business,29-11-2024
503,Consumer,23-01-2022
504,Consumer,17-12-2024
505,Small Business,29-12-2022
506,Small Business,20-04-2024
507,Consumer,17-01-2023
508,Corporate,27-12-2022
509,Consumer,25-03-2024
510,Consumer,26-09-2022
511,Corporate,21-11-2023
512,Small Business,06-11-2022
513,Consumer,25-11-2024
514,Small Business,09-08-2024
515,Consumer,01-07-2023
516,Small Business,24-05-2024
517,Corporate,31-05-2022
518,Small Business,28-07-2022
519,Consumer,27-03-2023
520,Corporate,29-01-2024
521,Consumer,12-10-2022
522,Consumer,03-08-2024
523,Corporate,10-12-2024
524,Consumer,28-01-2023
525,Consumer,20-07-2023
526,Small Business,21-03-2022
527,Consumer,18-05-2023
528,Consumer,10-05-2024
529,Small Business,05-09-2024
530,Corporate,29-10-2023
531,Consumer,16-06-2023
532,Consumer,10-08-2024
533,Corporate,13-05-2023
534,Corporate,17-06-2024
535,Consumer,24-04-2024
536,Corporate,25-01-2022
537,Consumer,06-10-2024
538,Consumer,06-12-2022
539,Consumer,06-02-2024
540,Consumer,12-08-2023
541,Consumer,03-02-2024
542,Small Business,12-11-2022
543,Small Business,22-08-2024
544,Consumer,18-03-2022
545,Consumer,27-05-2023
546,Corporate,25-11-2024
547,Consumer,21-03-2022
548,Consumer,23-09-2023
549,Consumer,06-06-2022
550,Consumer,12-07-2022
551,Consumer,27-09-2023
552,Consumer,13-05-2023
553,Corporate,11-05-2023
554,Consumer,02-11-2023
555,Consumer,20-03-2023
556,Consumer,18-06-2022
557,Consumer,07-05-2023
558,Consumer,21-07-2024
559,Corporate,06-05-2024
560,Corporate,07-05-2022
561,Consumer,24-09-2022
562,Consumer,20-12-2022
563,Corporate,11-11-2024
564,Consumer,10-12-2023
565,Consumer,04-07-2024
566,Consumer,16-06-2023
567,Consumer,21-12-2024
568,Corporate,03-10-2022
569,Consumer,01-11-2024
570,Consumer,05-08-2022
571,Consumer,11-09-2022
572,Consumer,10-09-2022
573,Consumer,25-09-2023
574,Corporate,03-12-2022
575,Consumer,12-05-2024
576,Corporate,23-01-2024
577,Consumer,13-12-2024
578,Consumer,13-02-2022
579,Corporate,22-12-2023
580,Consumer,11-02-2022
581,Consumer,01-03-2024
582,Consumer,07-02-2024
583,Small Business,20-03-2023
584,Consumer,17-11-2022
585,Consumer,10-06-2024
586,Consumer,27-11-2024
587,Small Business,23-11-2022
588,Consumer,04-02-2024
589,Consumer,05-03-2024
590,Small Business,11-06-2023
591,Consumer,19-07-2023
592,Consumer,10-08-2023
593,Consumer,20-10-2023
594,Consumer,21-12-2023
595,Consumer,29-05-2023
596,Corporate,28-11-2023
597,Consumer,03-11-2022
598,Small Business,27-02-2024
599,Small Business,31-05-2022
600,Corporate,18-01-2023
601,Small Business,15-08-2023
602,Consumer,05-09-2023
603,Small Business,12-09-2023
604,Small Business,28-09-2022
605,Consumer,03-03-2023
606,Small Business,07-05-2024
607,Consumer,13-03-2023
608,Consumer,26-12-2024
609,Consumer,28-06-2023
610,Small Business,08-11-2023
611,Consumer,14-02-2024
612,Small Business,02-01-2023
613,Small Business,17-06-2022
614,Consumer,08-02-2023
615,Consumer,02-12-2022
616,Consumer,06-07-2024
617,Consumer,30-06-2022
618,Consumer,29-01-2024
619,Small Business,21-06-2024
620,Consumer,02-12-2023
621,Consumer,28-08-2024
622,Consumer,06-04-2023
623,Consumer,11-11-2023
624,Corporate,06-05-2024
625,Consumer,15-05-2024
626,Consumer,26-04-2023
627,Small Business,05-02-2024
628,Small Business,06-07-2022
629,Consumer,10-04-2022
630,Small Business,27-07-2023
631,Corporate,04-10-2022
632,Consumer,24-07-2023
633,Corporate,17-12-2023
634,Consumer,31-07-2023
635,Small Business,20-12-2022
636,Consumer,25-06-2024
637,Consumer,03-02-2024
638,Small Business,12-03-2024
639,Consumer,01-12-2022
640,Corporate,17-02-2023
641,Consumer,03-08-2022
642,Small Business,25-04-2022
643,Consumer,17-07-2024
644,Small Business,20-10-2023
645,Corporate,22-02-2023
646,Consumer,14-09-2024
647,Consumer,30-01-2023
648,Consumer,27-12-2023
649,Corporate,23-10-2023
650,Consumer,06-05-2024
651,Corporate,21-11-2024
652,Small Business,05-02-2024
653,Corporate,31-05-2024
654,Corporate,22-02-2024
655,Consumer,31-08-2022
656,Consumer,31-07-2022
657,Small Business,10-12-2024
658,Consumer,22-02-2022
659,Consumer,06-11-2024
660,Consumer,29-09-2023
661,Consumer,19-06-2022
662,Small Business,21-11-2024
663,Consumer,08-01-2024
664,Consumer,03-05-2023
665,Corporate,22-08-2023
666,Consumer,10-02-2024
667,Consumer,30-05-2022
668,Small Business,09-11-2024
669,Consumer,18-03-2024
670,Consumer,25-03-2022
671,Corporate,03-02-2022
672,Consumer,20-03-2022
673,Small Business,15-05-2022
674,Small Business,21-07-2022
675,Small Business,10-12-2024
676,Consumer,19-09-2024
677,Consumer,11-11-2022
678,Consumer,17-06-2024
679,Consumer,01-06-2023
680,Consumer,09-03-2024
681,Consumer,12-01-2023
682,Small Business,24-06-2023
683,Corporate,19-11-2024
684,Consumer,17-10-2022
685,Consumer,18-09-2022
686,Consumer,07-04-2024
687,Consumer,23-10-2024
688,Consumer,01-06-2022
689,Corporate,08-04-2022
690,Consumer,15-03-2022
691,Small Business,25-04-2022
692,Consumer,18-08-2023
693,Consumer,03-05-2024
694,Consumer,19-05-2022
695,Consumer,03-03-2023
696,Consumer,24-04-2022
697,Consumer,24-09-2024
698,Small Business,28-09-2024
699,Consumer,08-04-2024
700,Consumer,06-12-2022
701,Consumer,24-08-2022
702,Consumer,30-12-2023
703,Small Business,24-12-2024
704,Consumer,29-01-2024
705,Small Business,07-01-2023
706,Consumer,23-08-2023
707,Small Business,26-11-2022
708,Consumer,26-08-2023
709,Corporate,22-09-2024
710,Consumer,08-12-2024
711,Small Business,05-02-2023
712,Consumer,08-03-2022
713,Consumer,11-11-2022
714,Small Business,19-05-2023
715,Small Business,24-10-2022
716,Corporate,02-08-2024
717,Corporate,17-02-2023
718,Consumer,13-09-2024
719,Corporate,31-03-2024
720,Small Business,11-01-2022
721,Corporate,11-04-2024
722,Consumer,02-12-2022
723,Small Business,04-11-2022
724,Consumer,06-03-2024
725,Consumer,29-03-2023
726,Consumer,27-11-2024
727,Consumer,15-07-2022
728,Consumer,26-08-2024
729,Consumer,24-05-2022
730,Small Business,28-03-2024
731,Consumer,26-09-2024
732,Consumer,12-04-2023
733,Small Business,22-06-2024
734,Small Business,16-11-2024
735,Small Business,27-07-2022
736,Consumer,04-02-2022
737,Small Business,08-12-2023
738,Consumer,24-10-2024
739,Corporate,12-08-2022
740,Consumer,08-08-2023
741,Consumer,28-09-2022
742,Corporate,19-06-2023
743,Consumer,14-11-2024
744,Consumer,29-03-2024
745,Corporate,15-08-2023
746,Small Business,28-05-2023
747,Small Business,18-12-2024
748,Consumer,05-10-2022
749,Corporate,29-09-2022
750,Consumer,03-08-2024
751,Consumer,04-01-2023
752,Consumer,12-06-2022
753,Small Business,05-08-2022
754,Consumer,17-07-2022
755,Small Business,27-06-2024
756,Consumer,14-09-2022
757,Consumer,01-01-2023
758,Corporate,31-07-2024
759,Small Business,14-03-2022
760,Consumer,17-01-2024
761,Small Business,05-08-2024
762,Consumer,22-02-2023
763,Consumer,06-07-2024
764,Consumer,03-05-2024
765,Consumer,19-08-2023
766,Small Business,11-10-2022
767,Consumer,26-03-2024
768,Consumer,07-01-2022
769,Corporate,30-06-2022
770,Consumer,16-08-2022
771,Consumer,03-03-2024
772,Consumer,02-11-2022
773,Consumer,08-08-2024
774,Small Business,16-09-2023
775,Small Business,27-04-2022
776,Consumer,08-10-2023
777,Consumer,03-12-2024
778,Corporate,26-10-2024
779,Consumer,15-06-2023
780,Consumer,06-12-2023
781,Small Business,14-08-2022
782,Small Business,18-06-2023
783,Corporate,10-09-2023
784,Consumer,14-10-2023
785,Corporate,02-06-2023
786,Consumer,07-08-2023
787,Corporate,24-09-2022
788,Corporate,13-06-2022
789,Consumer,27-03-2024
790,Consumer,20-05-2024
791,Consumer,28-08-2022
792,Consumer,24-02-2024
793,Consumer,07-12-2024
794,Consumer,29-04-2022
795,Consumer,23-06-2022
796,Consumer,30-07-2022
797,Consumer,09-01-2022
798,Corporate,26-03-2024
799,Consumer,12-07-2024
800,Consumer,16-04-2023
801,Corporate,17-04-2022
802,Consumer,03-03-2024
803,Consumer,16-07-2024
804,Consumer,30-03-2024
805,Small Business,02-12-2023
806,Small Business,24-07-2022
807,Consumer,09-05-2022
808,Small Business,30-08-2024
809,Consumer,17-10-2022
810,Consumer,29-08-2024
811,Corporate,05-03-2022
812,Consumer,02-07-2022
813,Consumer,03-05-2023
814,Consumer,16-09-2023
815,Small Business,24-10-2022
816,Small Business,10-09-2022
817,Corporate,04-07-2024
818,Consumer,25-05-2022
819,Consumer,24-07-2022
820,Consumer,26-10-2023
821,Corporate,02-09-2023
822,Consumer,16-07-2024
823,Small Business,22-08-2022
824,Consumer,14-08-2023
825,Small Business,15-04-2024
826,Consumer,23-06-2024
827,Consumer,24-10-2022
828,Small Business,05-12-2022
829,Small Business,06-02-2022
830,Small Business,10-08-2022
831,Consumer,21-04-2024
832,Small Business,11-11-2022
833,Consumer,18-02-2024
834,Consumer,03-07-2022
835,Corporate,13-07-2023
836,Consumer,10-04-2023
837,Small Business,24-04-2024
838,Consumer,25-05-2022
839,Small Business,08-09-2024
840,Corporate,23-06-2024
841,Consumer,18-07-2023
842,Small Business,09-01-2022
843,Consumer,09-01-2022
844,Consumer,30-04-2022
845,Consumer,17-02-2024
846,Consumer,05-11-2024
847,Consumer,15-12-2022
848,Small Business,29-05-2024
849,Small Business,23-11-2023
850,Small Business,02-06-2022
851,Consumer,15-03-2024
852,Consumer,19-12-2024
853,Consumer,21-05-2022
854,Small Business,21-03-2022
855,Consumer,26-05-2023
856,Corporate,01-02-2022
857,Corporate,27-06-2024
858,Corporate,27-01-2022
859,Consumer,22-12-2023
860,Consumer,15-10-2024
861,Consumer,31-05-2024
862,Small Business,26-12-2022
863,Consumer,24-06-2024
864,Corporate,22-09-2023
865,Consumer,06-11-2023
866,Consumer,22-12-2024
867,Corporate,19-09-2022
868,Corporate,09-06-2024
869,Consumer,10-05-2023
870,Consumer,08-06-2022
871,Consumer,24-09-2024
872,Small Business,01-03-2023
873,Small Business,20-10-2024
874,Corporate,26-08-2024
875,Corporate,07-12-2023
876,Small Business,29-11-2023
877,Consumer,13-09-2024
878,Consumer,08-09-2023
879,Consumer,17-04-2023
880,Small Business,18-09-2024
881,Consumer,28-03-2023
882,Small Business,16-07-2023
883,Corporate,02-11-2023
884,Consumer,10-02-2024
885,Small Business,04-05-2024
886,Small Business,19-01-2024
887,Corporate,01-04-2022
888,Consumer,25-12-2024
889,Corporate,19-12-2024
890,Consumer,12-08-2022
891,Corporate,27-04-2024
892,Consumer,09-12-2022
893,Consumer,05-04-2023
894,Consumer,24-11-2024
895,Small Business,16-01-2023
896,Consumer,21-08-2023
897,Small Business,21-04-2022
898,Consumer,16-09-2022
899,Corporate,30-05-2024
900,Consumer,04-09-2024
901,Corporate,28-12-2024
902,Consumer,11-12-2023
903,Consumer,13-08-2022
904,Consumer,28-08-2022
905,Consumer,21-06-2024
906,Small Business,06-06-2023
907,Consumer,02-08-2022
908,Small Business,04-08-2023
909,Small Business,11-11-2024
910,Corporate,11-02-2023
911,Small Business,31-01-2022
912,Corporate,21-12-2022
913,Small Business,13-12-2023
914,Corporate,25-03-2023
915,Corporate,03-06-2022
916,Consumer,21-09-2024
917,Small Business,03-06-2024
918,Consumer,13-11-2022
919,Consumer,08-12-2023
920,Small Business,09-01-2023
921,Small Business,23-05-2024
922,Consumer,15-08-2024
923,Small Business,19-06-2024
924,Consumer,28-01-2022
925,Small Business,18-07-2022
926,Corporate,19-04-2024
927,Small Business,09-07-2024
928,Corporate,19-04-2023
929,Consumer,25-02-2023
930,Consumer,04-05-2023
931,Consumer,30-08-2022
932,Consumer,13-09-2023
933,Corporate,06-09-2022
934,Consumer,23-06-2023
935,Corporate,01-05-2023
936,Corporate,28-12-2023
937,Consumer,09-02-2024
938,Consumer,01-08-2024
939,Corporate,28-04-2023
940,Consumer,04-09-2024
941,Corporate,01-02-2022
942,Small Business,12-05-2024
943,Consumer,13-07-2024
944,Consumer,11-03-2022
945,Consumer,29-07-2022
946,Consumer,25-08-2022
947,Small Business,10-01-2023
948,Consumer,29-06-2024
949,Consumer,05-01-2023
950,Corporate,09-04-2022
951,Consumer,07-09-2022
952,Corporate,16-09-2023
953,Corporate,28-07-2023
954,Consumer,12-12-2024
955,Consumer,10-05-2024
956,Consumer,21-12-2023
957,Consumer,07-04-2022
958,Consumer,03-03-2024
959,Corporate,29-11-2024
960,Corporate,23-03-2024
961,Consumer,04-03-2022
962,Small Business,07-05-2024
963,Small Business,06-08-2024
964,Corporate,10-05-2023
965,Small Business,24-08-2022
966,Small Business,14-06-2024
967,Consumer,28-11-2022
968,Corporate,22-08-2023
969,Small Business,08-10-2022
970,Corporate,30-07-2024
971,Small Business,18-01-2022
972,Consumer,30-08-2022
973,Consumer,28-07-2022
974,Consumer,13-12-2022
975,Consumer,09-05-2024
976,Small Business,26-01-2022
977,Small Business,12-05-2023
978,Small Business,28-07-2022
979,Consumer,23-06-2024
980,Small Business,15-03-2022
981,Consumer,04-12-2023
982,Consumer,25-07-2022
983,Consumer,27-06-2023
984,Consumer,12-07-2022
985,Consumer,24-10-2022
986,Consumer,11-06-2022
987,Consumer,13-07-2022
988,Consumer,06-08-2024
989,Consumer,04-11-2022
990,Consumer,28-08-2023
991,Small Business,30-09-2022
992,Small Business,18-04-2022
993,Consumer,03-03-2024
994,Consumer,27-08-2023
995,Small Business,31-01-2023
996,Consumer,09-07-2022
997,Consumer,18-11-2024
998,Consumer,20-04-2022
999,Consumer,25-01-2023
1000,Small Business,15-09-2023
1001,Consumer,01-04-2024
1002,Consumer,03-01-2022
1003,Consumer,09-03-2023
1004,Consumer,15-10-2024
1005,Small Business,26-01-2022
1006,Consumer,20-01-2023
1007,Consumer,10-10-2024
1008,Corporate,07-10-2024
1009,Consumer,28-10-2023
1010,Consumer,10-01-2024
1011,Consumer,25-11-2024
1012,Small Business,09-08-2022
1013,Consumer,16-01-2024
1014,Corporate,19-08-2024
1015,Small Business,09-02-2023
1016,Corporate,08-10-2024
1017,Consumer,15-03-2022
1018,Consumer,08-11-2022
1019,Small Business,09-12-2024
1020,Small Business,11-12-2024
1021,Consumer,27-12-2024
1022,Consumer,27-07-2024
1023,Consumer,11-04-2023
1024,Small Business,12-10-2023
1025,Consumer,07-07-2024
1026,Corporate,17-05-2022
1027,Small Business,19-03-2024
1028,Corporate,28-04-2023
1029,Consumer,29-04-2024
1030,Consumer,04-01-2022
1031,Consumer,25-02-2023
1032,Consumer,13-05-2024
1033,Consumer,23-05-2023
1034,Consumer,12-12-2023
1035,Consumer,12-04-2024
1036,Consumer,20-11-2023
1037,Small Business,03-10-2022
1038,Consumer,13-09-2023
1039,Consumer,30-09-2023
1040,Small Business,26-11-2024
1041,Small Business,16-07-2024
1042,Corporate,30-12-2024
1043,Consumer,22-11-2022
1044,Consumer,28-11-2022
1045,Consumer,03-07-2024
1046,Consumer,01-04-2024
1047,Small Business,30-10-2024
1048,Consumer,28-10-2024
1049,Consumer,20-06-2024
1050,Consumer,13-10-2024
1051,Corporate,30-12-2022
1052,Corporate,05-08-2022
1053,Consumer,01-08-2022
1054,Consumer,29-04-2022
1055,Consumer,14-09-2022
1056,Corporate,28-06-2023
1057,Consumer,24-06-2022
1058,Consumer,14-06-2023
1059,Consumer,22-02-2024
1060,Small Business,17-12-2023
1061,Consumer,16-11-2022
1062,Consumer,30-08-2024
1063,Consumer,10-11-2023
1064,Consumer,07-09-2023
1065,Corporate,12-11-2023
1066,Consumer,18-05-2024
1067,Consumer,05-07-2024
1068,Small Business,07-11-2024
1069,Consumer,20-03-2022
1070,Corporate,04-02-2023
1071,Consumer,06-03-2024
1072,Small Business,19-05-2024
1073,Small Business,17-10-2023
1074,Corporate,20-01-2023
1075,Small Business,06-03-2022
1076,Corporate,22-04-2024
1077,Small Business,05-11-2023
1078,Consumer,22-12-2022
1079,Small Business,07-03-2022
1080,Consumer,06-12-2023
1081,Consumer,22-07-2022
1082,Corporate,13-02-2024
1083,Consumer,20-07-2024
1084,Consumer,02-02-2022
1085,Consumer,02-09-2023
1086,Consumer,30-08-2022
1087,Consumer,31-07-2024
1088,Consumer,04-04-2022
1089,Consumer,16-08-2024
1090,Consumer,01-01-2024
1091,Consumer,15-01-2024
1092,Consumer,22-08-2024
1093,Consumer,26-05-2022
1094,Consumer,31-07-2024
1095,Small Business,11-08-2024
1096,Consumer,29-12-2024
1097,Corporate,18-12-2022
1098,Consumer,19-02-2023
1099,Consumer,22-01-2024
1100,Consumer,01-03-2022
1101,Small Business,07-07-2023
1102,Small Business,16-01-2023
1103,Small Business,28-08-2022
1104,Consumer,14-09-2023
1105,Small Business,09-12-2022
1106,Consumer,31-12-2023
1107,Corporate,14-06-2023
1108,Small Business,12-04-2023
1109,Consumer,09-09-2024
1110,Consumer,07-07-2022
1111,Consumer,16-05-2023
1112,Corporate,16-05-2023
1113,Consumer,18-10-2024
1114,Corporate,06-02-2024
1115,Consumer,27-08-2023
1116,Consumer,26-07-2023
1117,Consumer,14-10-2023
1118,Corporate,08-10-2024
1119,Consumer,02-02-2024
1120,Consumer,13-01-2024
1121,Corporate,13-01-2022
1122,Consumer,29-10-2022
1123,Corporate,16-06-2024
1124,Consumer,12-04-2023
1125,Consumer,21-08-2024
1126,Consumer,22-06-2024
1127,Corporate,09-01-2023
1128,Consumer,18-11-2022
1129,Consumer,24-12-2022
1130,Consumer,05-04-2023
1131,Consumer,02-07-2024
1132,Corporate,05-01-2022
1133,Consumer,13-07-2023
1134,Small Business,07-04-2023
1135,Consumer,28-01-2023
1136,Consumer,17-08-2022
1137,Consumer,17-09-2022
1138,Corporate,20-02-2023
1139,Small Business,31-01-2022
1140,Consumer,09-07-2022
1141,Consumer,07-11-2023
1142,Consumer,18-09-2023
1143,Consumer,22-05-2023
1144,Consumer,18-10-2023
1145,Small Business,08-09-2023
1146,Consumer,27-11-2024
1147,Corporate,15-05-2024
1148,Small Business,17-05-2023
1149,Corporate,22-02-2022
1150,Small Business,07-03-2024
1151,Consumer,12-05-2022
1152,Consumer,11-05-2024
1153,Small Business,10-04-2022
1154,Small Business,27-07-2022
1155,Consumer,20-10-2024
1156,Corporate,20-11-2022
1157,Consumer,26-08-2022
1158,Consumer,04-03-2024
1159,Consumer,15-07-2024
1160,Small Business,08-03-2024
1161,Corporate,24-04-2022
1162,Consumer,13-02-2022
1163,Consumer,02-06-2023
1164,Corporate,15-06-2023
1165,Corporate,19-02-2022
1166,Consumer,13-11-2023
1167,Small Business,06-12-2023
1168,Small Business,09-08-2022
1169,Consumer,09-11-2023
1170,Consumer,02-06-2022
1171,Corporate,28-07-2024
1172,Corporate,20-08-2022
1173,Consumer,23-12-2024
1174,Consumer,01-10-2024
1175,Consumer,06-09-2022
1176,Consumer,28-04-2022
1177,Consumer,22-12-2022
1178,Corporate,03-07-2024
1179,Consumer,27-02-2022
1180,Consumer,10-10-2023
1181,Consumer,07-09-2023
1182,Consumer,06-05-2024
1183,Consumer,05-10-2022
1184,Corporate,08-03-2024
1185,Consumer,01-01-2022
1186,Consumer,15-06-2023
1187,Consumer,18-07-2024
1188,Consumer,08-03-2023
1189,Corporate,08-01-2022
1190,Consumer,07-03-2023
1191,Consumer,15-01-2022
1192,Consumer,26-06-2023
1193,Corporate,24-03-2023
1194,Corporate,13-03-2024
1195,Consumer,02-11-2023
1196,Corporate,02-03-2023
1197,Small Business,23-11-2022
1198,Corporate,24-01-2023
1199,Small Business,27-04-2024
1200,Corporate,12-01-2024
1201,Consumer,17-12-2024
1202,Consumer,10-09-2022
1203,Consumer,16-05-2023
1204,Corporate,03-08-2024
1205,Corporate,26-12-2023
1206,Small Business,10-08-2022
1207,Consumer,04-02-2024
1208,Corporate,24-08-2022
1209,Corporate,10-04-2024
1210,Small Business,18-01-2022
1211,Consumer,08-07-2022
1212,Consumer,03-07-2024
1213,Consumer,08-07-2023
1214,Consumer,18-02-2022
1215,Small Business,14-02-2022
1216,Consumer,27-11-2022
1217,Consumer,23-12-2023
1218,Consumer,22-04-2022
1219,Consumer,21-04-2022
1220,Consumer,04-05-2022
1221,Consumer,19-04-2023
1222,Corporate,03-07-2024
1223,Consumer,02-01-2022
1224,Consumer,08-02-2023
1225,Consumer,28-08-2023
1226,Small Business,07-12-2024
1227,Consumer,02-01-2023
1228,Small Business,21-10-2023
1229,Consumer,15-10-2023
1230,Consumer,09-06-2022
1231,Consumer,25-05-2022
1232,Small Business,23-11-2022
1233,Consumer,14-01-2023
1234,Consumer,17-11-2024
1235,Small Business,17-12-2022
1236,Corporate,29-10-2023
1237,Consumer,26-07-2022
1238,Consumer,12-08-2024
1239,Corporate,06-03-2024
1240,Corporate,18-03-2022
1241,Corporate,17-04-2023
1242,Consumer,18-07-2023
1243,Consumer,08-07-2024
1244,Consumer,04-12-2024
1245,Consumer,28-04-2022
1246,Consumer,27-03-2023
1247,Consumer,02-02-2024
1248,Small Business,11-01-2023
1249,Corporate,07-10-2022
1250,Consumer,09-03-2023
1251,Consumer,19-10-2022
1252,Consumer,02-10-2023
1253,Small Business,10-06-2023
1254,Consumer,18-03-2024
1255,Consumer,28-12-2022
1256,Consumer,23-08-2024
1257,Consumer,31-01-2023
1258,Consumer,23-06-2022
1259,Consumer,18-06-2022
1260,Corporate,07-09-2022
1261,Small Business,15-10-2024
1262,Consumer,09-04-2022
1263,Consumer,27-08-2022
1264,Consumer,30-10-2022
1265,Consumer,12-04-2022
1266,Consumer,02-05-2024
1267,Consumer,13-12-2022
1268,Consumer,08-05-2024
1269,Corporate,13-09-2022
1270,Corporate,16-10-2022
1271,Small Business,21-01-2023
1272,Corporate,18-05-2022
1273,Small Business,21-09-2024
1274,Small Business,09-02-2024
1275,Corporate,28-08-2023
1276,Consumer,10-08-2024
1277,Consumer,15-02-2024
1278,Consumer,18-03-2022
1279,Corporate,16-11-2024
1280,Corporate,23-01-2022
1281,Consumer,05-05-2024
1282,Corporate,30-07-2024
1283,Consumer,02-10-2024
1284,Consumer,15-07-2022
1285,Consumer,26-02-2022
1286,Small Business,13-11-2022
1287,Consumer,19-04-2022
1288,Small Business,28-09-2024
1289,Small Business,15-09-2024
1290,Consumer,26-10-2023
1291,Small Business,15-09-2023
1292,Corporate,11-01-2022
1293,Corporate,12-01-2024
1294,Consumer,09-04-2023
1295,Consumer,03-03-2023
1296,Consumer,06-08-2023
1297,Corporate,01-03-2024
1298,Consumer,21-08-2024
1299,Consumer,17-09-2023
1300,Consumer,07-01-2022
1301,Consumer,01-01-2022
1302,Consumer,19-05-2023
1303,Corporate,14-11-2024
1304,Small Business,28-10-2024
1305,Consumer,08-04-2022
1306,Corporate,26-10-2022
1307,Consumer,03-05-2022
1308,Consumer,10-01-2024
1309,Consumer,28-08-2022
1310,Consumer,23-11-2024
1311,Consumer,17-04-2022
1312,Consumer,27-06-2022
1313,Consumer,10-06-2024
1314,Consumer,06-09-2023
1315,Small Business,30-01-2024
1316,Consumer,16-12-2023
1317,Consumer,05-12-2022
1318,Corporate,19-02-2022
1319,Consumer,17-10-2024
1320,Consumer,22-09-2024
1321,Corporate,09-08-2023
1322,Consumer,01-03-2022
1323,Consumer,02-12-2024
1324,Consumer,07-06-2023
1325,Small Business,01-01-2024
1326,Consumer,28-10-2024
1327,Small Business,09-12-2023
1328,Corporate,13-01-2024
1329,Consumer,11-09-2024
1330,Corporate,07-05-2024
1331,Consumer,18-05-2024
1332,Consumer,29-04-2023
1333,Consumer,30-05-2023
1334,Consumer,10-04-2023
1335,Consumer,19-11-2024
1336,Consumer,23-06-2024
1337,Corporate,21-09-2023
1338,Small Business,12-06-2023
1339,Consumer,22-09-2022
1340,Small Business,26-03-2024
1341,Small Business,23-10-2023
1342,Small Business,21-05-2024
1343,Consumer,06-12-2024
1344,Corporate,29-07-2023
1345,Consumer,17-06-2022
1346,Consumer,20-05-2024
1347,Consumer,16-09-2023
1348,Consumer,06-04-2022
1349,Consumer,05-06-2023
1350,Small Business,28-04-2024
1351,Consumer,24-07-2022
1352,Corporate,21-08-2022
1353,Consumer,18-05-2024
1354,Small Business,17-04-2023
1355,Consumer,18-08-2023
1356,Small Business,15-03-2023
1357,Consumer,05-09-2022
1358,Consumer,11-07-2022
1359,Consumer,26-07-2023
1360,Consumer,29-05-2023
1361,Corporate,25-12-2022
1362,Consumer,06-04-2022
1363,Consumer,06-07-2022
1364,Consumer,25-02-2022
1365,Consumer,08-11-2024
1366,Corporate,14-03-2023
1367,Consumer,24-03-2023
1368,Consumer,17-09-2023
1369,Small Business,13-08-2022
1370,Corporate,05-06-2022
1371,Corporate,01-07-2024
1372,Consumer,21-01-2023
1373,Consumer,08-04-2023
1374,Consumer,30-04-2023
1375,Consumer,26-09-2023
1376,Consumer,18-02-2023
1377,Consumer,20-09-2022
1378,Consumer,23-03-2024
1379,Consumer,27-07-2024
1380,Consumer,27-11-2024
1381,Consumer,23-11-2024
1382,Consumer,08-09-2022
1383,Corporate,13-01-2024
1384,Consumer,28-03-2024
1385,Consumer,18-08-2023
1386,Consumer,19-05-2024
1387,Consumer,06-01-2023
1388,Small Business,01-04-2024
1389,Consumer,06-08-2022
1390,Consumer,12-12-2024
1391,Consumer,09-04-2024
1392,Consumer,31-05-2023
1393,Small Business,20-11-2022
1394,Consumer,10-03-2022
1395,Consumer,26-08-2023
1396,Corporate,04-03-2023
1397,Consumer,26-08-2024
1398,Consumer,05-12-2022
1399,Consumer,18-01-2024
1400,Small Business,06-08-2023
1401,Small Business,24-10-2023
1402,Corporate,19-01-2024
1403,Consumer,29-08-2024
1404,Consumer,21-11-2023
1405,Consumer,28-10-2024
1406,Corporate,13-09-2024
1407,Consumer,02-11-2022
1408,Small Business,12-09-2022
1409,Consumer,13-02-2024
1410,Consumer,22-06-2023
1411,Consumer,01-03-2024
1412,Consumer,21-06-2023
1413,Consumer,23-02-2023
1414,Corporate,21-12-2024
1415,Small Business,15-11-2023
1416,Corporate,15-09-2023
1417,Consumer,29-05-2023
1418,Consumer,18-10-2023
1419,Corporate,02-12-2024
1420,Consumer,13-09-2024
1421,Consumer,18-12-2023
1422,Consumer,04-06-2022
1423,Consumer,22-06-2023
1424,Consumer,15-04-2022
1425,Small Business,15-06-2022
1426,Consumer,21-05-2023
1427,Consumer,09-12-2024
1428,Small Business,18-02-2023
1429,Corporate,19-03-2022
1430,Consumer,08-02-2022
1431,Consumer,08-08-2024
1432,Consumer,22-03-2022
1433,Corporate,01-10-2024
1434,Corporate,06-02-2023
1435,Consumer,19-05-2024
1436,Consumer,11-03-2022
1437,Consumer,27-01-2024
1438,Consumer,28-10-2023
1439,Consumer,05-08-2022
1440,Small Business,17-11-2023
1441,Consumer,08-12-2024
1442,Consumer,24-07-2023
1443,Consumer,02-03-2024
1444,Consumer,22-11-2022
1445,Corporate,27-04-2023
1446,Corporate,23-09-2023
1447,Consumer,26-05-2023
1448,Corporate,26-05-2023
1449,Consumer,20-11-2024
1450,Consumer,26-09-2022
1451,Consumer,01-04-2023
1452,Consumer,09-02-2024
1453,Corporate,14-09-2024
1454,Small Business,30-01-2023
1455,Corporate,03-04-2023
1456,Consumer,01-09-2023
1457,Consumer,20-02-2023
1458,Consumer,13-07-2023
1459,Consumer,10-02-2024
1460,Consumer,20-01-2022
1461,Consumer,11-09-2023
1462,Small Business,16-09-2022
1463,Consumer,09-11-2024
1464,Consumer,27-04-2024
1465,Corporate,19-09-2023
1466,Consumer,26-09-2024
1467,Consumer,31-10-2024
1468,Consumer,06-05-2024
1469,Consumer,15-02-2022
1470,Small Business,26-08-2022
1471,Consumer,06-11-2022
1472,Corporate,21-01-2023
1473,Small Business,11-06-2023
1474,Consumer,12-03-2024
1475,Corporate,11-12-2022
1476,Consumer,12-06-2022
1477,Small Business,20-05-2022
1478,Consumer,25-02-2022
1479,Consumer,09-04-2023
1480,Corporate,10-10-2024
1481,Corporate,17-05-2023
1482,Consumer,07-08-2023
1483,Consumer,04-07-2022
1484,Corporate,07-06-2024
1485,Corporate,23-06-2022
1486,Small Business,10-01-2023
1487,Consumer,22-02-2023
1488,Small Business,28-11-2024
1489,Consumer,16-10-2022
1490,Corporate,18-08-2022
1491,Small Business,06-12-2022
1492,Consumer,21-07-2023
1493,Consumer,21-04-2022
1494,Consumer,16-12-2022
1495,Consumer,14-05-2024
1496,Consumer,29-08-2023
1497,Corporate,04-11-2024
1498,Small Business,26-07-2023
1499,Consumer,22-06-2024
1500,Small Business,10-10-2024
1501,Consumer,27-02-2023
1502,Consumer,04-01-2022
1503,Small Business,10-08-2024
1504,Corporate,08-09-2024
1505,Consumer,18-03-2022
1506,Consumer,12-06-2022
1507,Consumer,01-12-2023
1508,Consumer,20-06-2023
1509,Corporate,26-06-2022
1510,Corporate,27-02-2023
1511,Small Business,09-03-2024
1512,Consumer,30-08-2023
1513,Small Business,24-02-2024
1514,Consumer,06-04-2023
1515,Small Business,02-02-2023
1516,Corporate,30-07-2024
1517,Small Business,18-08-2022
1518,Consumer,10-12-2024
1519,Corporate,04-04-2023
1520,Corporate,28-12-2024
1521,Consumer,24-04-2023
1522,Consumer,13-11-2024
1523,Consumer,19-02-2022
1524,Small Business,12-09-2024
1525,Consumer,10-12-2024
1526,Consumer,30-05-2022
1527,Consumer,19-01-2024
1528,Consumer,07-03-2022
1529,Small Business,11-05-2024
1530,Small Business,20-04-2024
1531,Small Business,12-08-2023
1532,Consumer,13-11-2022
1533,Corporate,03-11-2022
1534,Consumer,01-11-2022
1535,Consumer,24-11-2022
1536,Consumer,01-12-2023
1537,Consumer,13-07-2023
1538,Consumer,16-04-2023
1539,Consumer,09-07-2022
1540,Corporate,14-12-2023
1541,Consumer,12-05-2023
1542,Consumer,06-04-2023
1543,Consumer,11-03-2023
1544,Corporate,07-03-2023
1545,Corporate,21-04-2022
1546,Consumer,26-08-2023
1547,Consumer,27-02-2022
1548,Corporate,26-10-2024
1549,Consumer,10-12-2022
1550,Small Business,08-08-2023
1551,Consumer,24-01-2023
1552,Corporate,28-10-2022
1553,Consumer,20-11-2023
1554,Consumer,30-03-2024
1555,Small Business,26-09-2022
1556,Consumer,11-11-2023
1557,Small Business,16-06-2024
1558,Consumer,22-10-2022
1559,Consumer,19-03-2023
1560,Corporate,26-05-2022
1561,Consumer,21-11-2022
1562,Small Business,28-07-2022
1563,Small Business,11-11-2023
1564,Consumer,18-05-2023
1565,Corporate,30-08-2024
1566,Small Business,24-05-2023
1567,Consumer,08-10-2022
1568,Consumer,17-05-2022
1569,Corporate,21-01-2022
1570,Consumer,25-08-2022
1571,Consumer,13-02-2022
1572,Consumer,20-01-2023
1573,Consumer,12-08-2023
1574,Small Business,08-03-2023
1575,Corporate,27-09-2023
1576,Consumer,13-04-2024
1577,Consumer,30-10-2023
1578,Consumer,05-08-2022
1579,Consumer,10-06-2022
1580,Consumer,06-05-2023
1581,Consumer,03-01-2022
1582,Consumer,22-09-2024
1583,Small Business,02-02-2023
1584,Consumer,17-11-2023
1585,Consumer,17-07-2022
1586,Consumer,28-08-2022
1587,Corporate,28-10-2023
1588,Small Business,25-03-2023
1589,Small Business,25-02-2022
1590,Consumer,03-08-2024
1591,Corporate,23-05-2024
1592,Consumer,28-10-2023
1593,Consumer,04-06-2024
1594,Consumer,03-05-2024
1595,Consumer,28-06-2022
1596,Consumer,06-12-2024
1597,Consumer,11-04-2024
1598,Consumer,10-11-2024
1599,Consumer,06-04-2023
1600,Consumer,16-12-2024
1601,Consumer,26-06-2022
1602,Consumer,16-05-2023
1603,Consumer,04-10-2022
1604,Consumer,29-07-2022
1605,Small Business,23-09-2022
1606,Corporate,13-08-2022
1607,Consumer,25-10-2022
1608,Consumer,11-06-2024
1609,Corporate,08-07-2023
1610,Corporate,28-12-2023
1611,Small Business,15-01-2024
1612,Consumer,19-07-2024
1613,Small Business,30-05-2023
1614,Consumer,03-04-2024
1615,Consumer,10-01-2024
1616,Consumer,05-06-2024
1617,Small Business,22-12-2023
1618,Consumer,02-12-2022
1619,Consumer,17-05-2023
1620,Consumer,04-12-2022
1621,Consumer,11-05-2024
1622,Consumer,13-04-2023
1623,Consumer,05-07-2023
1624,Small Business,28-06-2024
1625,Small Business,20-03-2024
1626,Consumer,26-01-2024
1627,Consumer,14-05-2023
1628,Corporate,21-04-2022
1629,Small Business,10-11-2022
1630,Consumer,02-05-2022
1631,Small Business,20-04-2022
1632,Corporate,05-04-2022
1633,Small Business,08-06-2022
1634,Consumer,19-04-2023
1635,Consumer,13-02-2022
1636,Corporate,07-04-2023
1637,Consumer,10-06-2023
1638,Corporate,06-06-2022
1639,Consumer,19-01-2023
1640,Corporate,22-03-2023
1641,Consumer,25-05-2023
1642,Consumer,19-04-2024
1643,Consumer,03-01-2024
1644,Consumer,21-05-2023
1645,Consumer,03-05-2022
1646,Corporate,28-12-2022
1647,Consumer,09-02-2023
1648,Corporate,25-07-2022
1649,Consumer,06-10-2023
1650,Consumer,28-07-2023
1651,Small Business,01-04-2023
1652,Consumer,05-02-2024
1653,Consumer,23-05-2024
1654,Small Business,16-08-2022
1655,Consumer,27-03-2022
1656,Small Business,27-02-2023
1657,Corporate,05-10-2023
1658,Consumer,13-10-2024
1659,Consumer,29-04-2024
1660,Corporate,15-01-2022
1661,Consumer,26-10-2023
1662,Corporate,30-10-2024
1663,Consumer,14-06-2023
1664,Consumer,21-07-2022
1665,Small Business,17-12-2024
1666,Small Business,26-04-2023
1667,Small Business,22-10-2023
1668,Corporate,20-04-2023
1669,Corporate,04-12-2023
1670,Small Business,28-01-2023
1671,Consumer,10-04-2024
1672,Consumer,22-05-2022
1673,Consumer,23-10-2023
1674,Corporate,24-11-2023
1675,Consumer,19-07-2023
1676,Consumer,07-11-2024
1677,Consumer,18-04-2023
1678,Consumer,12-03-2022
1679,Corporate,24-10-2023
1680,Small Business,12-06-2024
1681,Consumer,10-03-2024
1682,Consumer,10-05-2023
1683,Consumer,23-02-2024
1684,Consumer,08-08-2022
1685,Consumer,30-06-2024
1686,Corporate,24-10-2023
1687,Consumer,19-06-2023
1688,Consumer,26-01-2024
1689,Consumer,29-01-2022
1690,Consumer,03-01-2022
1691,Small Business,28-04-2022
1692,Consumer,27-08-2023
1693,Consumer,23-01-2023
1694,Small Business,22-02-2024
1695,Consumer,03-04-2022
1696,Consumer,02-01-2022
1697,Consumer,27-11-2022
1698,Consumer,09-10-2022
1699,Small Business,25-07-2024
1700,Consumer,27-07-2023
1701,Consumer,14-10-2023
1702,Consumer,29-07-2023
1703,Consumer,30-04-2022
1704,Small Business,18-10-2023
1705,Small Business,06-07-2022
1706,Consumer,17-05-2024
1707,Consumer,13-01-2024
1708,Small Business,20-07-2022
1709,Small Business,31-12-2023
1710,Corporate,22-05-2022
1711,Consumer,20-10-2023
1712,Small Business,10-11-2022
1713,Small Business,24-04-2023
1714,Consumer,20-02-2023
1715,Corporate,27-09-2022
1716,Consumer,26-03-2024
1717,Corporate,07-04-2022
1718,Corporate,21-06-2023
1719,Small Business,18-11-2022
1720,Consumer,31-01-2024
1721,Small Business,15-11-2022
1722,Consumer,01-08-2024
1723,Consumer,17-02-2022
1724,Consumer,07-05-2023
1725,Consumer,05-09-2024
1726,Small Business,05-03-2022
1727,Consumer,31-07-2023
1728,Consumer,12-04-2024
1729,Small Business,29-12-2022
1730,Consumer,14-10-2024
1731,Consumer,22-06-2022
1732,Corporate,16-09-2022
1733,Small Business,22-01-2022
1734,Corporate,09-07-2022
1735,Consumer,13-08-2022
1736,Consumer,03-11-2024
1737,Consumer,18-07-2024
1738,Consumer,30-12-2022
1739,Consumer,10-12-2023
1740,Consumer,03-02-2024
1741,Consumer,24-07-2024
1742,Corporate,16-06-2023
1743,Consumer,28-02-2023
1744,Consumer,29-04-2022
1745,Corporate,10-12-2022
1746,Consumer,03-05-2024
1747,Small Business,24-09-2022
1748,Consumer,04-06-2023
1749,Consumer,09-09-2022
1750,Small Business,08-12-2023
1751,Consumer,29-07-2023
1752,Consumer,06-11-2022
1753,Corporate,01-04-2024
1754,Consumer,25-09-2023
1755,Small Business,24-05-2024
1756,Consumer,27-11-2024
1757,Small Business,23-03-2023
1758,Consumer,24-07-2024
1759,Consumer,22-10-2022
1760,Consumer,24-01-2022
1761,Consumer,01-07-2023
1762,Small Business,04-02-2024
1763,Small Business,10-11-2024
1764,Small Business,04-01-2022
1765,Small Business,21-03-2024
1766,Small Business,01-09-2024
1767,Consumer,05-01-2022
1768,Consumer,27-06-2024
1769,Consumer,31-08-2023
1770,Corporate,17-03-2023
1771,Consumer,13-04-2023
1772,Consumer,25-04-2024
1773,Small Business,28-11-2024
1774,Consumer,15-07-2023
1775,Consumer,05-05-2022
1776,Consumer,09-06-2024
1777,Small Business,04-04-2023
1778,Small Business,19-07-2022
1779,Consumer,03-12-2022
1780,Consumer,30-10-2023
1781,Small Business,21-06-2022
1782,Consumer,15-09-2022
1783,Consumer,01-12-2022
1784,Consumer,11-07-2022
1785,Consumer,20-03-2024
1786,Consumer,14-02-2023
1787,Consumer,11-08-2022
1788,Consumer,07-04-2022
1789,Small Business,31-05-2024
1790,Consumer,31-03-2022
1791,Consumer,21-08-2023
1792,Consumer,30-11-2022
1793,Corporate,29-07-2024
1794,Small Business,12-10-2022
1795,Consumer,01-04-2022
1796,Small Business,15-12-2023
1797,Small Business,24-08-2024
1798,Small Business,09-06-2024
1799,Consumer,13-09-2024
1800,Corporate,14-06-2023
1801,Consumer,15-08-2024
1802,Consumer,04-04-2024
1803,Consumer,05-07-2024
1804,Consumer,26-03-2024
1805,Consumer,21-10-2022
1806,Consumer,18-12-2023
1807,Consumer,01-09-2023
1808,Consumer,18-02-2023
1809,Small Business,16-04-2023
1810,Consumer,09-01-2024
1811,Corporate,01-07-2022
1812,Corporate,02-07-2024
1813,Corporate,08-05-2023
1814,Corporate,11-09-2024
1815,Corporate,22-11-2022
1816,Small Business,08-06-2024
1817,Small Business,07-02-2022
1818,Consumer,22-04-2024
1819,Consumer,01-06-2023
1820,Consumer,04-10-2022
1821,Consumer,20-01-2022
1822,Corporate,25-12-2022
1823,Corporate,10-10-2024
1824,Small Business,21-02-2024
1825,Small Business,13-05-2023
1826,Consumer,16-05-2022
1827,Consumer,02-07-2022
1828,Small Business,02-11-2024
1829,Consumer,05-07-2024
1830,Small Business,25-07-2023
1831,Consumer,18-06-2023
1832,Corporate,04-10-2023
1833,Corporate,07-06-2023
1834,Consumer,12-08-2024
1835,Corporate,29-08-2023
1836,Corporate,20-08-2024
1837,Corporate,15-02-2022
1838,Small Business,11-09-2023
1839,Consumer,21-09-2024
1840,Corporate,03-06-2023
1841,Consumer,05-07-2024
1842,Consumer,24-04-2024
1843,Consumer,25-10-2022
1844,Consumer,03-12-2024
1845,Consumer,22-03-2022
1846,Small Business,30-06-2023
1847,Consumer,17-07-2023
1848,Consumer,30-09-2023
1849,Consumer,23-05-2022
1850,Consumer,21-01-2024
1851,Consumer,19-06-2022
1852,Corporate,28-02-2023
1853,Consumer,10-03-2024
1854,Consumer,26-06-2024
1855,Corporate,04-07-2024
1856,Consumer,06-02-2024
1857,Consumer,20-05-2024
1858,Consumer,21-08-2023
1859,Consumer,04-03-2024
1860,Corporate,13-08-2022
1861,Small Business,29-04-2024
1862,Consumer,07-09-2022
1863,Consumer,15-03-2022
1864,Consumer,08-08-2023
1865,Consumer,30-05-2024
1866,Small Business,12-09-2023
1867,Consumer,29-12-2022
1868,Consumer,06-08-2022
1869,Consumer,05-06-2023
1870,Consumer,03-03-2022
1871,Consumer,24-06-2022
1872,Consumer,30-03-2024
1873,Consumer,13-07-2022
1874,Small Business,19-05-2024
1875,Corporate,31-05-2024
1876,Consumer,08-02-2023
1877,Consumer,05-12-2022
1878,Small Business,10-01-2024
1879,Corporate,14-05-2024
1880,Corporate,15-01-2024
1881,Small Business,15-07-2022
1882,Consumer,27-05-2023
1883,Consumer,02-11-2022
1884,Consumer,30-11-2024
1885,Consumer,16-12-2022
1886,Consumer,17-05-2023
1887,Corporate,25-07-2022
1888,Consumer,22-12-2024
1889,Consumer,16-08-2022
1890,Small Business,22-02-2022
1891,Consumer,28-09-2023
1892,Consumer,29-02-2024
1893,Consumer,03-01-2024
1894,Small Business,12-02-2024
1895,Small Business,03-10-2022
1896,Corporate,01-09-2022
1897,Small Business,15-02-2024
1898,Small Business,09-11-2023
1899,Consumer,30-06-2022
1900,Consumer,17-10-2022
1901,Small Business,29-08-2022
1902,Consumer,29-07-2023
1903,Consumer,13-03-2023
1904,Consumer,11-06-2023
1905,Consumer,02-07-2023
1906,Consumer,14-04-2023
1907,Consumer,10-08-2023
1908,Consumer,23-10-2024
1909,Corporate,07-01-2024
1910,Consumer,22-01-2024
1911,Small Business,07-07-2023
1912,Consumer,27-06-2023
1913,Consumer,22-11-2023
1914,Small Business,04-04-2024
1915,Consumer,23-11-2022
1916,Consumer,06-12-2023
1917,Consumer,19-10-2023
1918,Consumer,11-02-2023
1919,Small Business,21-11-2022
1920,Corporate,11-01-2022
1921,Consumer,25-04-2024
1922,Small Business,15-03-2022
1923,Corporate,27-08-2022
1924,Corporate,28-03-2023
1925,Consumer,15-07-2024
1926,Corporate,05-03-2024
1927,Consumer,17-11-2023
1928,Small Business,11-02-2024
1929,Consumer,31-01-2022
1930,Corporate,05-05-2022
1931,Consumer,14-10-2024
1932,Consumer,19-08-2022
1933,Consumer,27-04-2024
1934,Corporate,18-10-2023
1935,Consumer,07-09-2024
1936,Consumer,17-07-2022
1937,Corporate,15-08-2022
1938,Corporate,24-09-2022
1939,Small Business,28-06-2024
1940,Corporate,26-09-2022
1941,Small Business,26-12-2023
1942,Small Business,10-04-2022
1943,Consumer,09-12-2024
1944,Corporate,08-05-2024
1945,Consumer,27-04-2024
1946,Consumer,23-06-2023
1947,Consumer,18-09-2023
1948,Consumer,24-06-2024
1949,Small Business,22-04-2023
1950,Consumer,02-07-2022
1951,Consumer,20-10-2024
1952,Consumer,13-12-2023
1953,Consumer,02-08-2023
1954,Consumer,24-08-2023
1955,Consumer,16-04-2023
1956,Consumer,01-08-2024
1957,Consumer,26-11-2023
1958,Consumer,27-10-2024
1959,Consumer,01-03-2023
1960,Small Business,14-02-2024
1961,Corporate,20-01-2023
1962,Corporate,13-01-2024
1963,Consumer,12-11-2022
1964,Small Business,13-05-2024
1965,Consumer,02-12-2023
1966,Consumer,16-03-2022
1967,Consumer,13-12-2024
1968,Consumer,02-05-2022
1969,Consumer,20-06-2024
1970,Small Business,23-06-2024
1971,Consumer,13-09-2024
1972,Consumer,16-03-2024
1973,Corporate,09-05-2022
1974,Corporate,17-09-2022
1975,Consumer,20-08-2022
1976,Consumer,30-04-2024
1977,Corporate,03-10-2023
1978,Consumer,24-09-2022
1979,Corporate,11-11-2024
1980,Consumer,21-03-2023
1981,Consumer,24-06-2022
1982,Corporate,23-03-2023
1983,Consumer,20-10-2023
1984,Corporate,30-10-2024
1985,Corporate,10-09-2022
1986,Consumer,01-10-2023
1987,Consumer,06-04-2024
1988,Small Business,28-01-2023
1989,Consumer,05-10-2024
1990,Consumer,11-03-2022
1991,Corporate,28-11-2022
1992,Consumer,09-09-2024
1993,Consumer,10-04-2023
1994,Consumer,19-10-2023
1995,Consumer,10-06-2023
1996,Consumer,02-03-2024
1997,Consumer,30-05-2024
1998,Small Business,27-03-2022
1999,Small Business,16-01-2023
2000,Consumer,12-05-2023
2001,Consumer,07-05-2023
2002,Corporate,17-01-2024
2003,Corporate,19-11-2024
2004,Corporate,17-02-2024
2005,Consumer,27-08-2024
2006,Small Business,06-01-2024
2007,Consumer,25-06-2022
2008,Corporate,28-11-2023
2009,Small Business,04-07-2023
2010,Small Business,13-03-2022
2011,Small Business,29-11-2022
2012,Small Business,29-06-2022
2013,Consumer,17-09-2023
2014,Consumer,03-06-2022
2015,Consumer,04-01-2022
2016,Small Business,23-11-2022
2017,Corporate,10-01-2024
2018,Consumer,28-09-2022
2019,Small Business,10-08-2023
2020,Consumer,29-02-2024
2021,Consumer,01-10-2023
2022,Consumer,17-05-2022
2023,Consumer,03-06-2022
2024,Consumer,21-05-2023
2025,Consumer,03-03-2024
2026,Small Business,29-04-2024
2027,Consumer,15-04-2024
2028,Consumer,06-03-2023
2029,Consumer,04-09-2023
2030,Consumer,07-11-2023
2031,Consumer,04-10-2023
2032,Small Business,08-12-2023
2033,Consumer,19-01-2023
2034,Small Business,29-05-2022
2035,Consumer,07-03-2023
2036,Corporate,01-09-2022
2037,Consumer,24-02-2024
2038,Consumer,12-03-2022
2039,Consumer,07-10-2022
2040,Consumer,19-04-2022
2041,Consumer,23-01-2024
2042,Small Business,14-06-2024
2043,Consumer,03-03-2022
2044,Consumer,04-05-2022
2045,Consumer,15-09-2024
2046,Consumer,08-07-2024
2047,Corporate,26-01-2023
2048,Consumer,21-01-2022
2049,Consumer,11-12-2024
2050,Consumer,02-07-2024
2051,Corporate,08-07-2024
2052,Small Business,25-10-2022
2053,Consumer,29-06-2022
2054,Corporate,30-07-2023
2055,Small Business,10-07-2022
2056,Small Business,15-10-2022
2057,Consumer,13-12-2022
2058,Consumer,11-04-2022
2059,Consumer,16-03-2023
2060,Consumer,07-08-2022
2061,Corporate,15-06-2024
2062,Consumer,23-07-2022
2063,Small Business,24-01-2023
2064,Consumer,25-10-2024
2065,Consumer,15-04-2024
2066,Consumer,12-09-2023
2067,Consumer,30-09-2022
2068,Corporate,17-10-2022
2069,Corporate,07-01-2022
2070,Consumer,05-08-2023
2071,Small Business,25-06-2024
2072,Small Business,23-08-2022
2073,Small Business,11-01-2023
2074,Consumer,17-07-2022
2075,Small Business,06-03-2023
2076,Consumer,21-06-2024
2077,Corporate,15-05-2022
2078,Consumer,15-01-2024
2079,Consumer,30-12-2023
2080,Consumer,29-09-2023
2081,Consumer,01-01-2023
2082,Corporate,20-05-2022
2083,Small Business,21-11-2023
2084,Consumer,16-06-2024
2085,Consumer,11-02-2023
2086,Corporate,16-06-2024
2087,Consumer,15-11-2024
2088,Corporate,08-06-2024
2089,Small Business,06-11-2022
2090,Corporate,10-09-2023
2091,Corporate,06-12-2024
2092,Corporate,12-03-2023
2093,Corporate,29-10-2024
2094,Consumer,12-09-2023
2095,Small Business,20-05-2022
2096,Consumer,03-01-2022
2097,Consumer,11-02-2023
2098,Consumer,11-04-2024
2099,Consumer,09-10-2022
2100,Consumer,04-06-2022
2101,Small Business,02-06-2023
2102,Consumer,08-06-2023
2103,Small Business,04-12-2023
2104,Consumer,01-09-2022
2105,Corporate,04-03-2022
2106,Consumer,25-03-2023
2107,Corporate,08-02-2023
2108,Small Business,17-10-2022
2109,Consumer,24-07-2023
2110,Small Business,09-04-2022
2111,Consumer,23-01-2023
2112,Corporate,17-04-2023
2113,Consumer,22-07-2023
2114,Consumer,25-09-2022
2115,Consumer,28-08-2023
2116,Consumer,23-07-2024
2117,Consumer,15-02-2022
2118,Corporate,14-08-2024
2119,Consumer,25-05-2022
2120,Consumer,04-08-2023
2121,Consumer,14-06-2024
2122,Small Business,08-01-2022
2123,Small Business,25-05-2022
2124,Consumer,27-09-2024
2125,Consumer,17-08-2022
2126,Corporate,11-06-2023
2127,Consumer,13-01-2022
2128,Small Business,10-09-2023
2129,Consumer,13-06-2024
2130,Consumer,16-09-2022
2131,Small Business,14-04-2023
2132,Consumer,21-09-2022
2133,Consumer,25-02-2023
2134,Corporate,08-08-2024
2135,Consumer,13-04-2024
2136,Consumer,02-09-2023
2137,Corporate,24-02-2023
2138,Consumer,14-02-2023
2139,Corporate,21-05-2022
2140,Consumer,22-06-2023
2141,Consumer,05-06-2023
2142,Consumer,26-08-2023
2143,Corporate,07-02-2024
2144,Small Business,23-09-2022
2145,Consumer,02-09-2024
2146,Consumer,04-09-2024
2147,Consumer,14-01-2022
2148,Consumer,20-03-2022
2149,Consumer,24-06-2024
2150,Corporate,10-08-2023
2151,Consumer,02-03-2022
2152,Consumer,26-09-2024
2153,Small Business,31-07-2022
2154,Consumer,24-10-2024
2155,Corporate,24-09-2022
2156,Consumer,03-03-2022
2157,Small Business,18-12-2024
2158,Consumer,03-01-2024
2159,Consumer,12-10-2024
2160,Consumer,12-03-2024
2161,Corporate,23-01-2024
2162,Consumer,07-09-2023
2163,Small Business,27-12-2024
2164,Consumer,23-03-2023
2165,Corporate,29-12-2022
2166,Corporate,08-07-2022
2167,Consumer,08-06-2022
2168,Corporate,13-03-2024
2169,Consumer,23-11-2022
2170,Consumer,07-09-2022
2171,Consumer,29-12-2023
2172,Consumer,04-03-2024
2173,Consumer,27-09-2023
2174,Small Business,13-03-2023
2175,Consumer,05-08-2024
2176,Consumer,06-05-2022
2177,Consumer,17-12-2023
2178,Consumer,15-07-2023
2179,Small Business,28-08-2024
2180,Small Business,21-07-2023
2181,Consumer,13-05-2024
2182,Consumer,29-02-2024
2183,Consumer,28-03-2022
2184,Corporate,11-11-2023
2185,Consumer,09-01-2022
2186,Corporate,12-12-2022
2187,Corporate,20-05-2023
2188,Consumer,07-04-2023
2189,Consumer,12-08-2024
2190,Small Business,04-01-2024
2191,Consumer,12-05-2023
2192,Consumer,26-01-2024
2193,Small Business,15-09-2022
2194,Corporate,28-01-2024
2195,Consumer,17-09-2024
2196,Corporate,21-02-2023
2197,Consumer,15-01-2024
2198,Small Business,24-03-2022
2199,Small Business,02-03-2022
2200,Small Business,04-09-2022
2201,Consumer,29-07-2022
2202,Consumer,07-06-2024
2203,Small Business,21-10-2022
2204,Consumer,04-10-2022
2205,Consumer,23-10-2024
2206,Corporate,13-05-2023
2207,Small Business,15-01-2022
2208,Consumer,30-10-2022
2209,Consumer,01-08-2024
2210,Small Business,02-10-2022
2211,Consumer,28-12-2022
2212,Consumer,12-07-2024
2213,Consumer,20-04-2022
2214,Consumer,28-10-2022
2215,Consumer,07-01-2023
2216,Corporate,07-10-2024
2217,Consumer,16-06-2024
2218,Small Business,06-05-2022
2219,Small Business,11-03-2022
2220,Consumer,30-05-2023
2221,Consumer,06-09-2023
2222,Small Business,21-07-2023
2223,Consumer,23-07-2022
2224,Consumer,24-05-2024
2225,Consumer,29-11-2022
2226,Corporate,17-02-2024
2227,Consumer,05-02-2022
2228,Consumer,27-06-2023
2229,Small Business,04-09-2024
2230,Small Business,26-11-2023
2231,Consumer,30-01-2024
2232,Small Business,07-11-2023
2233,Corporate,22-11-2024
2234,Consumer,02-03-2024
2235,Corporate,28-03-2024
2236,Small Business,28-08-2024
2237,Consumer,04-06-2023
2238,Consumer,20-10-2023
2239,Small Business,11-10-2023
2240,Corporate,06-02-2022
2241,Consumer,07-04-2022
2242,Consumer,13-10-2023
2243,Small Business,08-02-2024
2244,Small Business,19-08-2024
2245,Consumer,13-08-2023
2246,Small Business,09-12-2023
2247,Consumer,13-06-2023
2248,Small Business,23-08-2024
2249,Small Business,17-04-2023
2250,Consumer,10-08-2023
2251,Consumer,01-04-2024
2252,Consumer,13-11-2022
2253,Consumer,21-12-2023
2254,Consumer,10-11-2022
2255,Consumer,03-10-2022
2256,Corporate,21-11-2024
2257,Consumer,08-01-2024
2258,Small Business,23-10-2022
2259,Consumer,27-03-2022
2260,Consumer,12-08-2023
2261,Corporate,21-10-2024
2262,Consumer,08-03-2022
2263,Consumer,27-06-2024
2264,Consumer,06-12-2024
2265,Consumer,21-08-2024
2266,Consumer,16-10-2024
2267,Consumer,18-02-2022
2268,Consumer,30-11-2024
2269,Consumer,28-06-2022
2270,Small Business,21-02-2022
2271,Consumer,25-12-2023
2272,Corporate,25-02-2023
2273,Consumer,06-02-2022
2274,Consumer,18-03-2022
2275,Small Business,29-12-2023
2276,Small Business,22-08-2022
2277,Corporate,29-07-2022
2278,Consumer,31-03-2023
2279,Consumer,23-07-2022
2280,Small Business,24-05-2022
2281,Consumer,27-09-2024
2282,Consumer,01-01-2024
2283,Consumer,18-10-2023
2284,Consumer,11-04-2022
2285,Consumer,20-02-2024
2286,Corporate,04-04-2024
2287,Consumer,17-06-2024
2288,Consumer,24-05-2022
2289,Corporate,02-04-2022
2290,Consumer,10-08-2023
2291,Corporate,25-12-2024
2292,Consumer,26-03-2023
2293,Small Business,26-09-2024
2294,Consumer,22-05-2023
2295,Corporate,20-07-2023
2296,Small Business,02-08-2023
2297,Consumer,02-07-2024
2298,Small Business,03-01-2023
2299,Consumer,23-06-2023
2300,Consumer,17-10-2022
2301,Consumer,06-01-2022
2302,Consumer,05-05-2024
2303,Small Business,04-09-2024
2304,Consumer,19-07-2023
2305,Small Business,05-12-2023
2306,Consumer,04-07-2024
2307,Consumer,22-08-2023
2308,Consumer,12-04-2022
2309,Consumer,17-01-2024
2310,Consumer,17-12-2024
2311,Consumer,12-08-2023
2312,Consumer,21-08-2022
2313,Consumer,19-07-2024
2314,Consumer,19-08-2022
2315,Consumer,26-09-2023
2316,Consumer,08-08-2022
2317,Corporate,25-11-2024
2318,Small Business,11-12-2022
2319,Consumer,27-05-2023
2320,Corporate,16-04-2022
2321,Small Business,17-04-2023
2322,Consumer,21-01-2023
2323,Small Business,30-10-2024
2324,Consumer,23-10-2022
2325,Consumer,26-10-2023
2326,Small Business,12-04-2023
2327,Corporate,20-10-2022
2328,Consumer,20-12-2023
2329,Small Business,18-08-2023
2330,Corporate,10-03-2024
2331,Consumer,22-05-2023
2332,Consumer,05-04-2024
2333,Consumer,13-04-2023
2334,Corporate,16-12-2023
2335,Consumer,16-02-2022
2336,Consumer,01-11-2023
2337,Consumer,12-04-2022
2338,Consumer,30-10-2023
2339,Consumer,23-08-2022
2340,Consumer,23-05-2022
2341,Consumer,01-11-2024
2342,Small Business,23-03-2024
2343,Consumer,16-11-2023
2344,Consumer,04-11-2024
2345,Corporate,04-10-2024
2346,Small Business,05-09-2023
2347,Small Business,05-01-2022
2348,Consumer,02-05-2023
2349,Consumer,03-10-2024
2350,Consumer,25-09-2024
2351,Small Business,02-07-2022
2352,Corporate,26-03-2024
2353,Small Business,27-05-2024
2354,Corporate,05-09-2022
2355,Consumer,10-03-2023
2356,Corporate,03-05-2024
2357,Consumer,07-02-2023
2358,Corporate,13-10-2022
2359,Consumer,28-04-2022
2360,Small Business,14-12-2022
2361,Consumer,14-07-2022
2362,Consumer,17-02-2023
2363,Small Business,25-09-2022
2364,Small Business,09-01-2022
2365,Corporate,27-12-2023
2366,Consumer,16-11-2022
2367,Corporate,01-11-2022
2368,Consumer,07-04-2022
2369,Corporate,18-05-2023
2370,Consumer,13-08-2022
2371,Small Business,28-03-2023
2372,Consumer,28-02-2024
2373,Corporate,22-04-2022
2374,Consumer,26-06-2022
2375,Small Business,08-12-2024
2376,Consumer,16-12-2022
2377,Corporate,18-03-2022
2378,Corporate,06-03-2022
2379,Consumer,25-02-2023
2380,Consumer,10-07-2023
2381,Consumer,22-07-2022
2382,Consumer,05-04-2023
2383,Consumer,23-09-2024
2384,Consumer,20-05-2022
2385,Small Business,09-03-2022
2386,Consumer,04-03-2022
2387,Corporate,07-09-2023
2388,Consumer,08-08-2023
2389,Small Business,18-06-2023
2390,Consumer,24-09-2024
2391,Consumer,08-07-2022
2392,Consumer,19-10-2024
2393,Small Business,08-04-2023
2394,Consumer,10-12-2023
2395,Consumer,16-04-2022
2396,Corporate,06-07-2024
2397,Consumer,05-07-2024
2398,Consumer,21-12-2023
2399,Small Business,02-01-2024
2400,Consumer,23-06-2022
2401,Consumer,20-06-2024
2402,Small Business,06-11-2023
2403,Consumer,11-09-2022
2404,Consumer,14-06-2022
2405,Consumer,06-05-2022
2406,Consumer,01-04-2023
2407,Consumer,02-08-2024
2408,Consumer,28-08-2022
2409,Consumer,24-05-2023
2410,Small Business,06-04-2023
2411,Consumer,28-05-2023
2412,Consumer,28-06-2023
2413,Consumer,23-06-2022
2414,Consumer,29-01-2024
2415,Consumer,07-05-2024
2416,Consumer,04-08-2022
2417,Consumer,31-07-2022
2418,Small Business,29-09-2022
2419,Small Business,16-12-2023
2420,Consumer,04-11-2024
2421,Consumer,29-02-2024
2422,Consumer,08-08-2022
2423,Consumer,17-04-2024
2424,Consumer,04-04-2022
2425,Consumer,02-09-2024
2426,Corporate,04-05-2024
2427,Consumer,31-12-2023
2428,Consumer,04-07-2023
2429,Consumer,10-12-2024
2430,Consumer,03-06-2024
2431,Consumer,24-06-2023
2432,Small Business,17-04-2022
2433,Consumer,15-02-2023
2434,Consumer,13-05-2023
2435,Consumer,27-08-2024
2436,Corporate,05-11-2022
2437,Corporate,07-09-2023
2438,Consumer,08-08-2024
2439,Corporate,19-04-2024
2440,Consumer,10-07-2023
2441,Consumer,05-11-2023
2442,Corporate,07-06-2024
2443,Corporate,23-02-2024
2444,Small Business,24-06-2022
2445,Small Business,02-12-2023
2446,Consumer,15-03-2022
2447,Small Business,10-11-2022
2448,Small Business,23-09-2022
2449,Consumer,16-11-2023
2450,Consumer,22-10-2022
2451,Consumer,24-09-2022
2452,Consumer,15-12-2024
2453,Corporate,05-06-2024
2454,Consumer,14-12-2022
2455,Consumer,13-09-2024
2456,Small Business,05-12-2024
2457,Consumer,11-08-2023
2458,Consumer,27-09-2023
2459,Small Business,11-08-2023
2460,Consumer,26-09-2023
2461,Small Business,02-05-2023
2462,Small Business,19-02-2022
2463,Consumer,13-11-2024
2464,Consumer,22-11-2022
2465,Consumer,05-10-2022
2466,Consumer,21-02-2023
2467,Consumer,21-10-2022
2468,Small Business,10-01-2022
2469,Consumer,19-09-2024
2470,Small Business,01-04-2022
2471,Consumer,04-01-2023
2472,Consumer,04-04-2022
2473,Consumer,30-09-2024
2474,Corporate,01-03-2024
2475,Consumer,14-10-2023
2476,Consumer,18-07-2024
2477,Consumer,30-09-2024
2478,Small Business,12-01-2024
2479,Consumer,21-12-2024
2480,Corporate,25-06-2024
2481,Corporate,13-06-2022
2482,Small Business,27-08-2024
2483,Small Business,01-12-2023
2484,Consumer,19-12-2022
2485,Consumer,22-03-2023
2486,Small Business,23-09-2022
2487,Corporate,07-02-2024
2488,Consumer,28-07-2022
2489,Consumer,17-11-2023
2490,Small Business,27-02-2024
2491,Corporate,08-10-2023
2492,Consumer,22-10-2023
2493,Consumer,04-03-2023
2494,Corporate,03-10-2022
2495,Consumer,05-08-2024
2496,Corporate,06-04-2024
2497,Consumer,10-05-2024
2498,Corporate,31-08-2023
2499,Corporate,25-10-2023
2500,Consumer,03-07-2022
2501,Corporate,16-03-2023
2502,Consumer,21-11-2023
2503,Corporate,14-03-2023
2504,Consumer,18-01-2024
2505,Consumer,02-07-2023
2506,Consumer,03-08-2022
2507,Small Business,08-01-2022
2508,Consumer,25-03-2024
2509,Consumer,23-11-2024
2510,Consumer,28-12-2023
2511,Small Business,01-02-2023
2512,Small Business,24-05-2023
2513,Small Business,02-07-2023
2514,Consumer,25-05-2023
2515,Consumer,02-02-2024
2516,Consumer,15-11-2023
2517,Corporate,05-03-2022
2518,Consumer,26-07-2023
2519,Small Business,22-09-2022
2520,Small Business,21-10-2023
2521,Consumer,06-03-2022
2522,Consumer,28-06-2022
2523,Corporate,12-03-2024
2524,Consumer,14-04-2022
2525,Small Business,21-10-2022
2526,Consumer,10-10-2024
2527,Small Business,20-05-2022
2528,Small Business,27-12-2022
2529,Corporate,03-04-2024
2530,Small Business,30-07-2024
2531,Consumer,30-09-2022
2532,Corporate,07-12-2022
2533,Small Business,02-01-2024
2534,Consumer,26-06-2022
2535,Corporate,17-05-2022
2536,Consumer,28-07-2022
2537,Small Business,07-05-2023
2538,Small Business,31-05-2023
2539,Consumer,20-03-2022
2540,Corporate,23-03-2023
2541,Small Business,09-08-2022
2542,Corporate,19-11-2024
2543,Consumer,07-09-2022
2544,Consumer,16-06-2022
2545,Small Business,22-02-2023
2546,Consumer,31-07-2022
2547,Small Business,12-12-2022
2548,Consumer,13-05-2022
2549,Corporate,20-03-2024
2550,Small Business,16-09-2023
2551,Consumer,25-06-2022
2552,Corporate,11-01-2022
2553,Corporate,06-01-2024
2554,Corporate,27-10-2022
2555,Consumer,09-03-2023
2556,Small Business,11-08-2023
2557,Consumer,08-10-2022
2558,Corporate,22-12-2024
2559,Consumer,02-07-2022
2560,Consumer,14-12-2023
2561,Consumer,07-07-2023
2562,Small Business,28-10-2022
2563,Consumer,10-09-2022
2564,Consumer,21-08-2022
2565,Corporate,30-11-2024
2566,Small Business,14-09-2024
2567,Small Business,09-03-2023
2568,Consumer,26-06-2023
2569,Consumer,04-11-2023
2570,Corporate,02-03-2022
2571,Consumer,14-08-2024
2572,Small Business,15-04-2022
2573,Small Business,06-01-2023
2574,Consumer,16-01-2023
2575,Consumer,04-06-2023
2576,Consumer,18-03-2023
2577,Consumer,07-08-2022
2578,Consumer,15-02-2022
2579,Consumer,15-01-2024
2580,Consumer,31-07-2023
2581,Consumer,21-03-2023
2582,Consumer,04-10-2022
2583,Consumer,11-09-2022
2584,Consumer,25-03-2024
2585,Consumer,24-05-2022
2586,Consumer,03-11-2023
2587,Small Business,25-03-2022
2588,Small Business,25-11-2023
2589,Consumer,10-10-2023
2590,Consumer,12-02-2022
2591,Corporate,20-11-2023
2592,Consumer,24-10-2022
2593,Corporate,01-05-2022
2594,Corporate,26-04-2022
2595,Consumer,08-05-2023
2596,Small Business,19-09-2024
2597,Small Business,10-04-2024
2598,Consumer,18-09-2022
2599,Consumer,11-04-2022
2600,Consumer,12-05-2023
2601,Consumer,25-03-2024
2602,Corporate,29-09-2024
2603,Small Business,08-10-2023
2604,Consumer,02-09-2024
2605,Corporate,31-07-2022
2606,Small Business,16-08-2023
2607,Consumer,23-09-2022
2608,Consumer,06-10-2022
2609,Corporate,25-12-2022
2610,Consumer,10-02-2024
2611,Small Business,01-10-2022
2612,Consumer,22-03-2022
2613,Corporate,24-01-2024
2614,Consumer,07-03-2024
2615,Small Business,24-12-2023
2616,Consumer,25-10-2023
2617,Consumer,16-12-2023
2618,Consumer,05-06-2023
2619,Consumer,05-01-2023
2620,Small Business,17-11-2023
2621,Consumer,13-04-2024
2622,Small Business,18-01-2022
2623,Consumer,31-08-2023
2624,Small Business,02-08-2022
2625,Consumer,04-01-2024
2626,Consumer,06-07-2024
2627,Consumer,08-06-2024
2628,Consumer,29-02-2024
2629,Small Business,05-12-2022
2630,Small Business,09-11-2023
2631,Small Business,15-03-2024
2632,Small Business,04-07-2023
2633,Consumer,03-06-2023
2634,Consumer,19-04-2022
2635,Consumer,06-12-2024
2636,Small Business,07-12-2023
2637,Small Business,02-05-2024
2638,Corporate,14-06-2023
2639,Small Business,13-02-2023
2640,Consumer,23-03-2022
2641,Consumer,29-07-2023
2642,Corporate,20-04-2023
2643,Corporate,21-02-2022
2644,Small Business,20-07-2023
2645,Consumer,22-12-2024
2646,Consumer,26-04-2022
2647,Consumer,16-04-2022
2648,Corporate,02-06-2023
2649,Consumer,09-10-2022
2650,Consumer,05-05-2023
2651,Consumer,18-10-2023
2652,Consumer,17-12-2023
2653,Consumer,09-06-2024
2654,Consumer,05-06-2024
2655,Consumer,13-03-2024
2656,Small Business,10-10-2022
2657,Consumer,08-10-2022
2658,Consumer,04-07-2024
2659,Consumer,21-05-2024
2660,Small Business,14-08-2023
2661,Corporate,04-02-2024
2662,Consumer,06-12-2022
2663,Consumer,27-11-2023
2664,Consumer,18-07-2022
2665,Consumer,15-11-2023
2666,Consumer,09-06-2022
2667,Consumer,23-03-2022
2668,Consumer,01-04-2024
2669,Corporate,13-08-2022
2670,Consumer,23-08-2024
2671,Consumer,08-10-2024
2672,Consumer,09-04-2023
2673,Corporate,28-02-2022
2674,Small Business,25-06-2022
2675,Corporate,08-01-2024
2676,Small Business,28-08-2024
2677,Consumer,13-05-2022
2678,Consumer,20-11-2022
2679,Small Business,27-05-2023
2680,Corporate,10-09-2023
2681,Corporate,16-05-2024
2682,Consumer,11-03-2023
2683,Consumer,03-05-2022
2684,Consumer,14-01-2024
2685,Consumer,01-01-2023
2686,Corporate,22-11-2024
2687,Corporate,08-05-2023
2688,Small Business,20-01-2023
2689,Consumer,17-10-2023
2690,Consumer,05-04-2022
2691,Consumer,13-04-2023
2692,Corporate,24-12-2023
2693,Consumer,28-05-2022
2694,Consumer,05-02-2023
2695,Consumer,17-01-2022
2696,Consumer,12-04-2023
2697,Consumer,22-05-2022
2698,Corporate,11-06-2024
2699,Consumer,30-04-2023
2700,Consumer,14-08-2022
2701,Consumer,14-06-2024
2702,Consumer,04-07-2022
2703,Corporate,03-02-2023
2704,Consumer,13-05-2024
2705,Consumer,26-09-2022
2706,Consumer,24-03-2022
2707,Corporate,07-11-2024
2708,Consumer,04-04-2022
2709,Consumer,21-08-2022
2710,Small Business,07-10-2024
2711,Consumer,30-12-2024
2712,Consumer,13-12-2022
2713,Consumer,19-11-2023
2714,Consumer,12-03-2024
2715,Small Business,11-11-2022
2716,Small Business,17-03-2023
2717,Corporate,13-12-2024
2718,Small Business,13-01-2023
2719,Consumer,22-04-2024
2720,Consumer,11-03-2023
2721,Corporate,08-05-2022
2722,Consumer,10-03-2022
2723,Consumer,04-06-2022
2724,Corporate,04-05-2022
2725,Small Business,08-10-2023
2726,Small Business,21-05-2024
2727,Consumer,24-06-2023
2728,Small Business,21-08-2023
2729,Consumer,06-11-2023
2730,Corporate,06-02-2022
2731,Consumer,07-02-2023
2732,Consumer,23-04-2024
2733,Small Business,18-06-2023
2734,Corporate,10-09-2022
2735,Consumer,03-07-2024
2736,Consumer,19-06-2023
2737,Consumer,23-11-2023
2738,Consumer,30-03-2022
2739,Corporate,11-10-2024
2740,Consumer,31-12-2023
2741,Consumer,18-04-2024
2742,Consumer,14-06-2024
2743,Small Business,13-01-2023
2744,Consumer,05-03-2024
2745,Small Business,18-01-2022
2746,Corporate,25-06-2024
2747,Small Business,16-11-2024
2748,Consumer,20-03-2024
2749,Consumer,03-06-2023
2750,Small Business,24-04-2023
2751,Consumer,01-12-2024
2752,Consumer,30-08-2024
2753,Consumer,06-07-2024
2754,Consumer,11-11-2024
2755,Consumer,19-10-2022
2756,Consumer,23-09-2023
2757,Consumer,16-01-2023
2758,Consumer,28-11-2023
2759,Consumer,16-09-2022
2760,Small Business,19-02-2024
2761,Corporate,08-07-2024
2762,Small Business,21-02-2022
2763,Consumer,29-10-2022
2764,Consumer,30-12-2023
2765,Corporate,22-12-2022
2766,Consumer,23-09-2024
2767,Small Business,11-07-2024
2768,Consumer,26-03-2024
2769,Consumer,19-06-2022
2770,Consumer,23-10-2023
2771,Small Business,02-10-2024
2772,Consumer,24-09-2022
2773,Consumer,13-03-2024
2774,Consumer,04-12-2022
2775,Consumer,06-03-2023
2776,Corporate,17-11-2022
2777,Consumer,17-08-2024
2778,Small Business,29-08-2022
2779,Consumer,17-12-2022
2780,Consumer,05-10-2022
2781,Corporate,18-02-2022
2782,Consumer,23-09-2024
2783,Consumer,05-03-2024
2784,Consumer,31-03-2024
2785,Corporate,13-12-2022
2786,Consumer,05-12-2022
2787,Consumer,16-06-2022
2788,Consumer,16-08-2022
2789,Consumer,04-08-2023
2790,Consumer,11-10-2023
2791,Small Business,25-02-2024
2792,Corporate,10-03-2022
2793,Consumer,25-01-2022
2794,Small Business,10-03-2023
2795,Small Business,02-07-2022
2796,Consumer,12-06-2022
2797,Consumer,21-01-2022
2798,Consumer,28-01-2024
2799,Corporate,25-02-2023
2800,Small Business,02-09-2022
2801,Consumer,18-07-2022
2802,Consumer,23-02-2022
2803,Consumer,03-05-2023
2804,Consumer,12-03-2024
2805,Consumer,05-08-2022
2806,Consumer,18-01-2022
2807,Small Business,26-01-2023
2808,Corporate,24-02-2022
2809,Consumer,25-05-2022
2810,Corporate,08-05-2023
2811,Corporate,01-02-2024
2812,Consumer,12-04-2023
2813,Small Business,17-01-2023
2814,Consumer,17-10-2023
2815,Consumer,10-10-2022
2816,Corporate,27-10-2023
2817,Small Business,24-07-2023
2818,Consumer,18-03-2023
2819,Consumer,21-05-2024
2820,Corporate,31-01-2023
2821,Consumer,22-10-2022
2822,Consumer,28-05-2022
2823,Corporate,06-04-2022
2824,Corporate,24-11-2022
2825,Consumer,10-11-2023
2826,Small Business,28-03-2024
2827,Corporate,09-05-2023
2828,Consumer,29-03-2024
2829,Corporate,15-03-2022
2830,Consumer,02-11-2023
2831,Small Business,04-11-2023
2832,Corporate,27-07-2024
2833,Consumer,23-10-2022
2834,Corporate,13-09-2022
2835,Consumer,23-02-2023
2836,Consumer,07-12-2024
2837,Small Business,13-11-2023
2838,Consumer,16-10-2023
2839,Corporate,10-06-2022
2840,Corporate,08-06-2024
2841,Consumer,20-11-2023
2842,Consumer,26-08-2023
2843,Small Business,27-03-2023
2844,Small Business,03-08-2022
2845,Consumer,17-08-2024
2846,Consumer,27-08-2023
2847,Corporate,02-04-2023
2848,Small Business,31-05-2024
2849,Consumer,18-05-2022
2850,Corporate,17-06-2024
2851,Small Business,22-06-2022
2852,Consumer,30-06-2022
2853,Consumer,18-12-2022
2854,Consumer,23-12-2023
2855,Consumer,03-08-2022
2856,Consumer,16-06-2022
2857,Consumer,11-09-2022
2858,Consumer,08-06-2022
2859,Corporate,09-08-2024
2860,Consumer,01-08-2022
2861,Small Business,29-03-2022
2862,Consumer,11-06-2023
2863,Corporate,04-09-2022
2864,Consumer,08-04-2023
2865,Consumer,05-06-2024
2866,Corporate,13-11-2023
2867,Consumer,22-03-2024
2868,Consumer,24-11-2023
2869,Small Business,22-09-2024
2870,Consumer,14-10-2022
2871,Consumer,31-10-2024
2872,Corporate,18-11-2023
2873,Small Business,13-11-2024
2874,Consumer,20-12-2022
2875,Consumer,15-10-2022
2876,Consumer,23-12-2024
2877,Consumer,28-01-2024
2878,Consumer,27-07-2022
2879,Consumer,31-07-2023
2880,Small Business,02-12-2024
2881,Consumer,12-10-2024
2882,Corporate,26-02-2023
2883,Consumer,21-01-2022
2884,Consumer,21-06-2022
2885,Corporate,31-10-2024
2886,Consumer,13-11-2023
2887,Consumer,21-02-2023
2888,Small Business,28-01-2022
2889,Consumer,30-12-2024
2890,Consumer,25-09-2022
2891,Small Business,09-11-2022
2892,Consumer,18-09-2023
2893,Consumer,13-05-2024
2894,Corporate,11-07-2023
2895,Consumer,21-02-2024
2896,Consumer,01-11-2022
2897,Consumer,24-05-2022
2898,Small Business,27-05-2022
2899,Consumer,12-03-2023
2900,Consumer,01-10-2023
2901,Consumer,28-11-2024
2902,Consumer,04-01-2022
2903,Consumer,26-09-2024
2904,Small Business,10-03-2023
2905,Corporate,17-02-2023
2906,Small Business,02-02-2022
2907,Consumer,01-01-2023
2908,Small Business,14-12-2022
2909,Small Business,23-01-2024
2910,Small Business,08-04-2024
2911,Consumer,27-02-2023
2912,Consumer,06-10-2022
2913,Consumer,08-12-2022
2914,Small Business,22-08-2023
2915,Consumer,05-08-2023
2916,Consumer,10-11-2023
2917,Consumer,08-02-2022
2918,Consumer,01-04-2024
2919,Small Business,25-11-2023
2920,Consumer,27-01-2024
2921,Corporate,12-10-2024
2922,Corporate,19-11-2024
2923,Corporate,04-09-2022
2924,Corporate,28-04-2024
2925,Consumer,19-11-2023
2926,Consumer,01-12-2022
2927,Consumer,19-01-2022
2928,Small Business,20-09-2024
2929,Small Business,25-08-2022
2930,Consumer,05-01-2024
2931,Consumer,21-04-2024
2932,Consumer,31-01-2023
2933,Consumer,29-04-2024
2934,Consumer,02-10-2022
2935,Consumer,18-03-2024
2936,Corporate,11-06-2024
2937,Small Business,10-09-2022
2938,Consumer,28-11-2023
2939,Small Business,02-03-2024
2940,Consumer,09-07-2024
2941,Consumer,11-12-2024
2942,Consumer,14-03-2023
2943,Consumer,15-07-2022
2944,Consumer,13-04-2023
2945,Consumer,29-04-2022
2946,Small Business,11-07-2024
2947,Corporate,20-01-2024
2948,Corporate,26-05-2023
2949,Small Business,31-07-2024
2950,Corporate,14-06-2022
2951,Consumer,25-11-2022
2952,Consumer,24-03-2024
2953,Small Business,23-01-2023
2954,Small Business,04-03-2022
2955,Consumer,20-12-2024
2956,Consumer,24-08-2022
2957,Consumer,10-03-2023
2958,Small Business,24-09-2024
2959,Small Business,05-08-2022
2960,Corporate,21-09-2024
2961,Corporate,12-06-2024
2962,Small Business,13-03-2023
2963,Consumer,13-09-2023
2964,Small Business,03-11-2024
2965,Small Business,28-02-2024
2966,Small Business,11-06-2022
2967,Consumer,05-11-2022
2968,Consumer,03-03-2022
2969,Consumer,16-05-2022
2970,Small Business,30-07-2024
2971,Corporate,13-11-2024
2972,Corporate,29-06-2024
2973,Corporate,07-09-2024
2974,Consumer,17-10-2024
2975,Consumer,24-08-2022
2976,Consumer,29-10-2024
2977,Small Business,18-10-2024
2978,Small Business,30-12-2022
2979,Small Business,30-11-2023
2980,Corporate,30-10-2023
2981,Consumer,10-01-2022
2982,Consumer,26-07-2023
2983,Consumer,21-09-2022
2984,Consumer,28-02-2023
2985,Consumer,16-04-2024
2986,Corporate,11-02-2022
2987,Consumer,26-04-2022
2988,Corporate,14-11-2023
2989,Small Business,07-01-2022
2990,Small Business,03-12-2024
2991,Consumer,17-01-2024
2992,Consumer,30-07-2024
2993,Small Business,28-08-2022
2994,Consumer,02-04-2022
2995,Small Business,21-04-2023
2996,Consumer,01-12-2022
2997,Consumer,04-10-2022
2998,Small Business,14-06-2023
2999,Corporate,21-01-2022
3000,Consumer,26-05-2024
3001,Consumer,25-11-2024
3002,Consumer,05-05-2022
3003,Consumer,22-11-2024
3004,Consumer,09-08-2024
3005,Consumer,29-09-2024
3006,Consumer,16-05-2022
3007,Consumer,15-01-2024
3008,Small Business,05-05-2023
3009,Consumer,15-08-2022
3010,Consumer,13-02-2024
3011,Consumer,25-11-2022
3012,Consumer,14-06-2024
3013,Corporate,18-06-2022
3014,Small Business,29-12-2022
3015,Consumer,09-08-2023
3016,Consumer,13-01-2022
3017,Corporate,05-06-2023
3018,Consumer,05-02-2024
3019,Corporate,18-02-2023
3020,Consumer,22-09-2022
3021,Consumer,29-08-2023
3022,Consumer,11-01-2022
3023,Corporate,26-09-2022
3024,Corporate,24-07-2023
3025,Consumer,22-08-2023
3026,Small Business,26-12-2022
3027,Consumer,18-08-2024
3028,Consumer,20-05-2024
3029,Corporate,23-08-2024
3030,Small Business,16-02-2024
3031,Small Business,15-08-2024
3032,Consumer,12-04-2022
3033,Small Business,26-03-2024
3034,Consumer,01-05-2022
3035,Corporate,27-04-2022
3036,Consumer,07-08-2023
3037,Small Business,19-08-2024
3038,Consumer,10-05-2024
3039,Corporate,05-02-2023
3040,Consumer,17-12-2022
3041,Corporate,08-12-2023
3042,Consumer,11-06-2024
3043,Consumer,12-07-2024
3044,Small Business,27-07-2022
3045,Consumer,04-10-2022
3046,Consumer,02-08-2024
3047,Consumer,21-06-2024
3048,Small Business,12-04-2022
3049,Consumer,02-07-2022
3050,Consumer,10-09-2022
3051,Consumer,03-02-2024
3052,Consumer,13-08-2024
3053,Consumer,05-05-2023
3054,Small Business,09-10-2023
3055,Corporate,14-08-2023
3056,Consumer,12-10-2024
3057,Consumer,23-06-2022
3058,Consumer,03-03-2023
3059,Consumer,25-01-2024
3060,Consumer,25-10-2024
3061,Consumer,23-02-2023
3062,Corporate,14-06-2023
3063,Corporate,28-05-2022
3064,Consumer,12-05-2024
3065,Consumer,28-08-2023
3066,Consumer,23-11-2022
3067,Consumer,18-09-2024
3068,Consumer,30-09-2024
3069,Small Business,09-04-2024
3070,Consumer,14-04-2022
3071,Consumer,28-12-2022
3072,Small Business,25-11-2024
3073,Consumer,12-09-2023
3074,Corporate,07-06-2024
3075,Consumer,13-03-2023
3076,Consumer,11-03-2023
3077,Small Business,15-06-2022
3078,Consumer,18-03-2024
3079,Consumer,11-04-2024
3080,Corporate,28-02-2023
3081,Consumer,27-03-2022
3082,Small Business,10-02-2022
3083,Consumer,17-10-2023
3084,Consumer,16-05-2023
3085,Small Business,15-02-2022
3086,Corporate,30-09-2024
3087,Corporate,11-08-2024
3088,Corporate,05-12-2022
3089,Consumer,25-09-2022
3090,Consumer,20-02-2023
3091,Corporate,05-12-2023
3092,Consumer,11-08-2024
3093,Small Business,13-03-2024
3094,Consumer,21-04-2023
3095,Small Business,22-04-2023
3096,Small Business,07-06-2024
3097,Consumer,02-04-2022
3098,Consumer,07-10-2024
3099,Small Business,31-12-2022
3100,Consumer,25-02-2023
3101,Consumer,03-01-2023
3102,Consumer,07-12-2024
3103,Consumer,24-03-2022
3104,Small Business,19-12-2024
3105,Small Business,25-06-2024
3106,Small Business,28-11-2024
3107,Consumer,25-01-2024
3108,Corporate,07-06-2024
3109,Consumer,16-01-2023
3110,Consumer,22-12-2023
3111,Consumer,02-06-2022
3112,Small Business,27-06-2024
3113,Consumer,04-08-2023
3114,Consumer,31-07-2022
3115,Consumer,21-02-2022
3116,Consumer,28-01-2024
3117,Corporate,26-05-2023
3118,Corporate,08-05-2023
3119,Consumer,06-02-2024
3120,Small Business,06-10-2023
3121,Small Business,16-11-2024
3122,Consumer,05-11-2022
3123,Consumer,05-11-2023
3124,Consumer,14-10-2024
3125,Consumer,26-04-2024
3126,Consumer,16-01-2023
3127,Consumer,22-10-2022
3128,Corporate,20-07-2024
3129,Consumer,06-07-2024
3130,Consumer,30-03-2022
3131,Small Business,13-08-2022
3132,Consumer,05-11-2023
3133,Consumer,01-09-2023
3134,Corporate,26-10-2023
3135,Consumer,16-05-2024
3136,Consumer,24-06-2022
3137,Small Business,12-09-2022
3138,Consumer,20-02-2024
3139,Consumer,12-01-2023
3140,Small Business,10-05-2024
3141,Consumer,20-05-2024
3142,Consumer,31-08-2022
3143,Corporate,10-04-2022
3144,Small Business,06-03-2022
3145,Consumer,21-03-2022
3146,Small Business,22-11-2024
3147,Consumer,10-12-2022
3148,Consumer,05-06-2024
3149,Consumer,26-02-2022
3150,Consumer,13-12-2022
3151,Small Business,19-12-2024
3152,Small Business,05-04-2023
3153,Consumer,27-11-2022
3154,Small Business,11-09-2022
3155,Corporate,29-01-2024
3156,Corporate,17-01-2024
3157,Consumer,01-04-2023
3158,Small Business,06-06-2023
3159,Consumer,03-09-2022
3160,Consumer,08-06-2024
3161,Consumer,28-06-2022
3162,Consumer,28-07-2023
3163,Consumer,21-02-2023
3164,Consumer,19-05-2022
3165,Corporate,03-06-2022
3166,Consumer,22-01-2022
3167,Corporate,14-07-2022
3168,Consumer,22-11-2023
3169,Consumer,23-10-2023
3170,Consumer,12-11-2024
3171,Consumer,22-06-2023
3172,Consumer,17-08-2024
3173,Consumer,20-06-2024
3174,Small Business,01-10-2022
3175,Small Business,16-06-2022
3176,Consumer,23-02-2023
3177,Corporate,29-03-2022
3178,Small Business,17-12-2024
3179,Consumer,09-09-2022
3180,Small Business,19-03-2023
3181,Small Business,05-02-2022
3182,Consumer,24-06-2022
3183,Corporate,04-07-2023
3184,Small Business,19-07-2024
3185,Corporate,08-02-2024
3186,Corporate,25-02-2022
3187,Consumer,19-09-2023
3188,Consumer,22-03-2023
3189,Consumer,12-04-2024
3190,Consumer,09-03-2024
3191,Corporate,10-09-2022
3192,Consumer,24-10-2023
3193,Consumer,28-07-2022
3194,Consumer,25-02-2023
3195,Corporate,04-03-2022
3196,Small Business,11-09-2024
3197,Consumer,18-02-2024
3198,Consumer,24-08-2022
3199,Consumer,19-06-2022
3200,Consumer,26-11-2024
3201,Consumer,03-02-2023
3202,Small Business,20-06-2024
3203,Consumer,28-12-2023
3204,Consumer,05-12-2022
3205,Corporate,04-08-2023
3206,Consumer,23-04-2024
3207,Consumer,26-12-2023
3208,Corporate,29-01-2022
3209,Consumer,23-10-2023
3210,Consumer,03-02-2024
3211,Consumer,17-02-2024
3212,Consumer,16-02-2022
3213,Consumer,05-11-2024
3214,Consumer,10-12-2022
3215,Consumer,22-11-2023
3216,Small Business,04-04-2023
3217,Consumer,11-03-2022
3218,Consumer,31-03-2023
3219,Consumer,13-08-2023
3220,Consumer,29-10-2023
3221,Consumer,15-10-2022
3222,Consumer,08-02-2022
3223,Consumer,10-01-2024
3224,Consumer,22-04-2023
3225,Small Business,17-09-2024
3226,Consumer,11-01-2024
3227,Small Business,05-01-2024
3228,Corporate,26-04-2023
3229,Small Business,11-09-2023
3230,Small Business,29-11-2023
3231,Consumer,14-03-2024
3232,Consumer,29-06-2023
3233,Consumer,22-05-2024
3234,Consumer,30-09-2024
3235,Small Business,30-12-2023
3236,Consumer,02-10-2022
3237,Corporate,16-07-2022
3238,Consumer,02-09-2022
3239,Consumer,23-01-2023
3240,Consumer,26-09-2024
3241,Corporate,22-06-2024
3242,Consumer,04-08-2024
3243,Corporate,15-06-2024
3244,Small Business,27-12-2022
3245,Consumer,19-05-2024
3246,Consumer,09-03-2022
3247,Consumer,30-08-2022
3248,Small Business,11-03-2023
3249,Consumer,16-11-2023
3250,Consumer,07-04-2022
3251,Consumer,18-05-2024
3252,Consumer,04-03-2022
3253,Consumer,07-08-2022
3254,Consumer,29-03-2023
3255,Small Business,10-06-2023
3256,Consumer,02-12-2024
3257,Corporate,03-07-2024
3258,Small Business,10-05-2022
3259,Corporate,25-02-2023
3260,Corporate,07-01-2022
3261,Corporate,30-01-2023
3262,Consumer,16-09-2023
3263,Corporate,08-05-2022
3264,Consumer,04-12-2024
3265,Consumer,29-11-2023
3266,Consumer,14-06-2022
3267,Small Business,26-10-2023
3268,Consumer,22-03-2024
3269,Corporate,27-02-2023
3270,Consumer,24-12-2022
3271,Small Business,04-08-2024
3272,Small Business,25-06-2022
3273,Consumer,22-04-2024
3274,Consumer,02-09-2022
3275,Small Business,21-12-2023
3276,Small Business,24-05-2023
3277,Consumer,22-04-2023
3278,Consumer,08-08-2022
3279,Consumer,11-08-2024
3280,Consumer,19-01-2024
3281,Small Business,08-04-2023
3282,Small Business,26-03-2023
3283,Consumer,04-07-2023
3284,Consumer,08-09-2024
3285,Consumer,14-11-2023
3286,Corporate,13-10-2024
3287,Corporate,20-11-2023
3288,Consumer,03-12-2024
3289,Small Business,13-09-2024
3290,Consumer,29-04-2022
3291,Consumer,03-07-2024
3292,Consumer,01-10-2024
3293,Consumer,27-01-2023
3294,Consumer,19-07-2024
3295,Small Business,02-05-2023
3296,Consumer,10-10-2024
3297,Consumer,29-08-2024
3298,Consumer,26-04-2022
3299,Corporate,28-02-2024
3300,Consumer,08-02-2024
3301,Consumer,26-04-2023
3302,Corporate,18-07-2023
3303,Consumer,07-10-2024
3304,Corporate,12-06-2024
3305,Corporate,23-05-2023
3306,Corporate,08-03-2022
3307,Consumer,27-10-2024
3308,Small Business,06-03-2023
3309,Small Business,27-12-2023
3310,Consumer,19-04-2024
3311,Consumer,09-03-2022
3312,Consumer,13-08-2022
3313,Consumer,03-04-2024
3314,Small Business,11-05-2022
3315,Consumer,21-12-2022
3316,Consumer,21-12-2023
3317,Consumer,19-05-2023
3318,Consumer,19-07-2023
3319,Consumer,01-11-2024
3320,Consumer,17-03-2022
3321,Small Business,23-02-2023
3322,Consumer,10-12-2022
3323,Corporate,24-02-2024
3324,Consumer,04-06-2024
3325,Small Business,03-12-2022
3326,Consumer,01-05-2023
3327,Consumer,21-02-2022
3328,Consumer,10-05-2024
3329,Consumer,04-04-2022
3330,Consumer,15-12-2024
3331,Consumer,14-04-2022
3332,Consumer,28-03-2022
3333,Consumer,18-05-2024
3334,Consumer,09-09-2022
3335,Consumer,07-02-2024
3336,Consumer,22-10-2023
3337,Consumer,10-08-2022
3338,Small Business,22-05-2024
3339,Corporate,09-09-2023
3340,Consumer,28-07-2024
3341,Consumer,13-02-2023
3342,Consumer,24-08-2022
3343,Consumer,22-12-2022
3344,Consumer,18-12-2022
3345,Consumer,26-10-2023
3346,Corporate,12-09-2022
3347,Consumer,11-09-2023
3348,Consumer,04-09-2022
3349,Small Business,24-11-2023
3350,Consumer,24-12-2022
3351,Consumer,31-10-2023
3352,Small Business,24-10-2024
3353,Consumer,15-04-2024
3354,Corporate,28-02-2023
3355,Consumer,29-03-2023
3356,Consumer,06-10-2022
3357,Consumer,18-08-2022
3358,Corporate,19-11-2024
3359,Corporate,12-10-2023
3360,Small Business,15-05-2022
3361,Consumer,25-11-2024
3362,Small Business,03-01-2023
3363,Consumer,25-11-2024
3364,Small Business,15-06-2023
3365,Consumer,11-01-2024
3366,Corporate,02-08-2023
3367,Consumer,15-11-2024
3368,Consumer,25-11-2023
3369,Consumer,31-01-2022
3370,Consumer,25-02-2023
3371,Consumer,26-12-2023
3372,Corporate,22-08-2024
3373,Consumer,01-03-2024
3374,Small Business,16-08-2022
3375,Corporate,17-11-2022
3376,Consumer,03-01-2024
3377,Consumer,09-03-2022
3378,Small Business,07-09-2023
3379,Corporate,19-02-2022
3380,Small Business,30-01-2022
3381,Corporate,25-04-2024
3382,Small Business,18-10-2022
3383,Consumer,11-01-2023
3384,Corporate,15-02-2024
3385,Consumer,12-07-2024
3386,Corporate,28-02-2022
3387,Consumer,22-12-2023
3388,Consumer,10-01-2023
3389,Consumer,24-05-2024
3390,Small Business,11-03-2022
3391,Consumer,08-09-2024
3392,Corporate,03-11-2023
3393,Corporate,28-10-2024
3394,Small Business,11-10-2024
3395,Consumer,21-10-2023
3396,Corporate,18-05-2023
3397,Consumer,31-10-2023
3398,Corporate,26-07-2023
3399,Consumer,03-02-2024
3400,Consumer,28-11-2022
3401,Consumer,01-09-2022
3402,Consumer,19-09-2022
3403,Consumer,19-02-2024
3404,Corporate,20-05-2024
3405,Consumer,21-09-2023
3406,Consumer,06-04-2023
3407,Consumer,28-12-2022
3408,Small Business,27-10-2024
3409,Small Business,05-03-2024
3410,Consumer,09-11-2023
3411,Small Business,18-10-2023
3412,Consumer,31-12-2024
3413,Consumer,03-10-2022
3414,Consumer,09-02-2024
3415,Corporate,06-12-2023
3416,Consumer,06-09-2024
3417,Consumer,07-03-2023
3418,Consumer,16-08-2023
3419,Small Business,03-10-2024
3420,Corporate,20-11-2022
3421,Consumer,24-12-2024
3422,Consumer,26-11-2024
3423,Consumer,25-10-2022
3424,Small Business,02-12-2023
3425,Corporate,14-05-2022
3426,Consumer,30-04-2024
3427,Corporate,23-05-2024
3428,Consumer,16-08-2023
3429,Corporate,20-12-2023
3430,Consumer,18-05-2024
3431,Corporate,09-06-2023
3432,Consumer,11-09-2022
3433,Small Business,22-09-2024
3434,Corporate,15-02-2022
3435,Consumer,24-07-2022
3436,Small Business,18-10-2023
3437,Consumer,02-03-2024
3438,Small Business,11-09-2024
3439,Consumer,09-04-2024
3440,Consumer,01-03-2023
3441,Consumer,26-12-2023
3442,Consumer,07-03-2024
3443,Corporate,23-11-2022
3444,Small Business,09-11-2023
3445,Consumer,25-03-2023
3446,Consumer,05-12-2023
3447,Consumer,13-08-2024
3448,Consumer,28-04-2023
3449,Consumer,22-10-2024
3450,Corporate,04-03-2022
3451,Consumer,04-05-2023
3452,Consumer,18-09-2023
3453,Consumer,22-04-2024
3454,Consumer,21-01-2024
3455,Corporate,27-05-2022
3456,Consumer,06-04-2023
3457,Consumer,18-02-2022
3458,Consumer,17-07-2024
3459,Consumer,02-10-2024
3460,Consumer,14-01-2023
3461,Corporate,25-05-2022
3462,Small Business,04-10-2022
3463,Corporate,18-01-2023
3464,Small Business,16-09-2023
3465,Consumer,25-11-2022
3466,Consumer,17-10-2024
3467,Consumer,22-09-2024
3468,Corporate,24-06-2024
3469,Corporate,08-10-2024
3470,Consumer,23-09-2024
3471,Consumer,17-07-2024
3472,Consumer,19-04-2024
3473,Consumer,30-12-2022
3474,Consumer,04-10-2022
3475,Consumer,06-05-2022
3476,Consumer,05-11-2024
3477,Consumer,03-10-2024
3478,Corporate,05-07-2022
3479,Consumer,22-02-2024
3480,Consumer,08-02-2023
3481,Consumer,11-10-2024
3482,Consumer,30-05-2022
3483,Consumer,30-03-2023
3484,Consumer,17-01-2023
3485,Consumer,16-11-2022
3486,Consumer,15-08-2023
3487,Small Business,07-09-2022
3488,Consumer,01-06-2023
3489,Consumer,23-07-2022
3490,Consumer,22-11-2024
3491,Consumer,10-06-2022
3492,Consumer,28-11-2023
3493,Consumer,24-07-2024
3494,Consumer,23-06-2022
3495,Consumer,27-02-2024
3496,Corporate,20-02-2023
3497,Consumer,19-04-2024
3498,Small Business,13-08-2022
3499,Small Business,11-02-2023
3500,Consumer,02-08-2022
3501,Corporate,26-12-2024
3502,Consumer,02-04-2024
3503,Consumer,26-05-2024
3504,Consumer,11-05-2023
3505,Consumer,16-11-2022
3506,Consumer,22-12-2022
3507,Consumer,13-08-2022
3508,Small Business,01-07-2022
3509,Consumer,02-06-2024
3510,Consumer,16-06-2022
3511,Small Business,23-07-2024
3512,Consumer,11-01-2022
3513,Small Business,04-10-2022
3514,Consumer,23-08-2023
3515,Consumer,11-10-2022
3516,Consumer,17-11-2022
3517,Consumer,06-02-2022
3518,Consumer,07-10-2023
3519,Consumer,03-05-2024
3520,Consumer,18-07-2022
3521,Small Business,20-10-2022
3522,Small Business,26-11-2023
3523,Corporate,06-06-2023
3524,Small Business,19-05-2023
3525,Consumer,30-06-2024
3526,Consumer,02-02-2022
3527,Small Business,09-04-2023
3528,Consumer,06-08-2023
3529,Corporate,16-02-2022
3530,Consumer,02-01-2024
3531,Small Business,07-02-2023
3532,Corporate,27-12-2024
3533,Small Business,30-08-2024
3534,Consumer,22-04-2022
3535,Consumer,12-11-2024
3536,Consumer,20-11-2022
3537,Consumer,18-10-2024
3538,Corporate,08-01-2023
3539,Consumer,10-07-2023
3540,Small Business,03-09-2022
3541,Consumer,05-04-2024
3542,Corporate,07-07-2022
3543,Consumer,07-05-2022
3544,Consumer,05-02-2024
3545,Consumer,05-05-2023
3546,Corporate,08-09-2022
3547,Consumer,25-05-2023
3548,Consumer,18-07-2024
3549,Consumer,27-08-2022
3550,Corporate,03-04-2024
3551,Consumer,28-08-2022
3552,Consumer,13-01-2024
3553,Small Business,31-08-2024
3554,Small Business,29-06-2022
3555,Corporate,25-07-2024
3556,Corporate,01-04-2022
3557,Consumer,27-05-2023
3558,Consumer,21-10-2023
3559,Corporate,18-05-2022
3560,Consumer,01-06-2024
3561,Consumer,26-12-2023
3562,Small Business,05-11-2024
3563,Corporate,22-08-2024
3564,Consumer,13-02-2022
3565,Small Business,30-04-2023
3566,Consumer,30-09-2022
3567,Consumer,27-06-2022
3568,Consumer,19-10-2023
3569,Consumer,09-12-2022
3570,Small Business,26-09-2022
3571,Corporate,25-05-2023
3572,Small Business,01-03-2022
3573,Consumer,26-03-2024
3574,Consumer,15-12-2023
3575,Consumer,20-01-2023
3576,Consumer,17-05-2024
3577,Consumer,24-04-2024
3578,Small Business,07-03-2022
3579,Consumer,18-10-2024
3580,Small Business,05-02-2024
3581,Small Business,23-06-2023
3582,Consumer,07-07-2022
3583,Consumer,16-09-2022
3584,Consumer,01-07-2022
3585,Consumer,24-12-2024
3586,Small Business,09-09-2023
3587,Consumer,26-09-2024
3588,Consumer,04-09-2022
3589,Consumer,19-10-2024
3590,Consumer,08-06-2024
3591,Consumer,11-01-2022
3592,Consumer,12-05-2024
3593,Consumer,10-08-2023
3594,Consumer,01-12-2023
3595,Consumer,03-02-2023
3596,Small Business,30-07-2022
3597,Consumer,22-10-2024
3598,Consumer,05-07-2022
3599,Corporate,13-06-2023
3600,Consumer,23-05-2023
3601,Small Business,13-11-2022
3602,Corporate,24-10-2024
3603,Small Business,23-04-2024
3604,Consumer,14-11-2023
3605,Corporate,28-12-2024
3606,Consumer,08-04-2024
3607,Consumer,04-06-2024
3608,Consumer,12-07-2024
3609,Consumer,15-06-2023
3610,Consumer,19-09-2023
3611,Consumer,24-02-2024
3612,Small Business,07-04-2023
3613,Corporate,13-10-2024
3614,Small Business,20-06-2024
3615,Small Business,28-02-2023
3616,Small Business,11-04-2023
3617,Consumer,13-05-2022
3618,Small Business,15-03-2022
3619,Consumer,08-03-2023
3620,Consumer,05-03-2023
3621,Consumer,23-11-2023
3622,Corporate,01-04-2022
3623,Small Business,25-06-2023
3624,Consumer,29-08-2022
3625,Consumer,21-08-2022
3626,Small Business,30-05-2024
3627,Consumer,11-03-2023
3628,Consumer,19-02-2022
3629,Consumer,24-11-2024
3630,Consumer,29-03-2024
3631,Consumer,14-10-2023
3632,Consumer,12-02-2022
3633,Corporate,14-10-2023
3634,Consumer,11-04-2023
3635,Consumer,24-02-2024
3636,Consumer,24-03-2023
3637,Consumer,18-05-2024
3638,Consumer,08-03-2023
3639,Consumer,22-05-2023
3640,Consumer,23-11-2022
3641,Corporate,21-05-2024
3642,Small Business,03-10-2024
3643,Consumer,17-03-2024
3644,Consumer,02-01-2023
3645,Consumer,24-08-2023
3646,Small Business,21-11-2024
3647,Consumer,10-11-2022
3648,Consumer,08-02-2023
3649,Consumer,22-12-2023
3650,Small Business,10-12-2022
3651,Small Business,02-06-2022
3652,Small Business,05-08-2023
3653,Small Business,24-03-2024
3654,Consumer,15-04-2022
3655,Consumer,05-06-2024
3656,Consumer,09-11-2022
3657,Consumer,01-07-2024
3658,Consumer,01-02-2023
3659,Consumer,19-11-2022
3660,Small Business,02-02-2023
3661,Consumer,30-07-2023
3662,Small Business,29-04-2023
3663,Small Business,20-07-2023
3664,Consumer,15-06-2023
3665,Small Business,01-09-2024
3666,Consumer,09-09-2022
3667,Consumer,23-03-2022
3668,Consumer,16-10-2022
3669,Consumer,31-10-2024
3670,Small Business,10-10-2024
3671,Consumer,20-10-2024
3672,Consumer,27-02-2022
3673,Corporate,29-06-2023
3674,Consumer,10-01-2024
3675,Consumer,13-06-2022
3676,Consumer,29-11-2023
3677,Consumer,31-12-2023
3678,Consumer,07-12-2024
3679,Consumer,17-03-2023
3680,Consumer,18-08-2023
3681,Consumer,08-01-2024
3682,Consumer,17-03-2023
3683,Consumer,24-06-2022
3684,Corporate,05-02-2022
3685,Consumer,30-03-2023
3686,Consumer,21-12-2023
3687,Small Business,20-07-2023
3688,Consumer,18-05-2023
3689,Small Business,20-10-2022
3690,Consumer,25-04-2022
3691,Corporate,26-06-2024
3692,Consumer,08-02-2022
3693,Consumer,17-09-2024
3694,Small Business,18-06-2023
3695,Small Business,16-07-2022
3696,Consumer,14-02-2024
3697,Small Business,24-06-2023
3698,Corporate,25-08-2022
3699,Consumer,09-11-2024
3700,Consumer,29-12-2024
3701,Consumer,15-06-2022
3702,Consumer,13-12-2022
3703,Consumer,20-08-2023
3704,Small Business,11-10-2023
3705,Consumer,10-01-2022
3706,Corporate,21-11-2024
3707,Small Business,01-08-2022
3708,Consumer,19-07-2022
3709,Consumer,19-01-2022
3710,Consumer,03-12-2022
3711,Small Business,06-08-2023
3712,Corporate,07-12-2023
3713,Consumer,25-01-2022
3714,Corporate,01-05-2022
3715,Consumer,24-07-2024
3716,Small Business,30-10-2023
3717,Consumer,24-05-2022
3718,Corporate,01-11-2023
3719,Consumer,24-01-2022
3720,Consumer,03-09-2022
3721,Corporate,19-07-2023
3722,Corporate,30-10-2024
3723,Consumer,02-08-2022
3724,Small Business,16-06-2022
3725,Consumer,10-02-2024
3726,Consumer,09-01-2024
3727,Consumer,09-05-2024
3728,Consumer,28-12-2022
3729,Consumer,29-04-2022
3730,Consumer,18-02-2022
3731,Consumer,15-10-2022
3732,Corporate,18-08-2023
3733,Consumer,24-10-2024
3734,Consumer,17-05-2023
3735,Corporate,28-10-2022
3736,Small Business,18-06-2023
3737,Consumer,11-05-2022
3738,Consumer,22-02-2022
3739,Consumer,05-12-2024
3740,Consumer,25-06-2023
3741,Small Business,19-03-2024
3742,Small Business,12-09-2022
3743,Consumer,13-02-2024
3744,Corporate,09-07-2023
3745,Consumer,08-12-2023
3746,Small Business,29-11-2022
3747,Small Business,25-02-2022
3748,Consumer,01-04-2023
3749,Corporate,10-10-2024
3750,Corporate,02-07-2023
3751,Consumer,26-03-2024
3752,Consumer,26-02-2023
3753,Corporate,26-05-2022
3754,Consumer,30-09-2024
3755,Consumer,23-11-2024
3756,Consumer,11-09-2024
3757,Consumer,28-11-2023
3758,Consumer,12-07-2023
3759,Consumer,10-02-2022
3760,Consumer,01-01-2023
3761,Consumer,30-06-2022
3762,Consumer,18-08-2022
3763,Consumer,15-01-2023
3764,Consumer,11-07-2022
3765,Consumer,02-02-2024
3766,Small Business,20-10-2023
3767,Consumer,20-04-2023
3768,Consumer,08-03-2024
3769,Consumer,23-05-2022
3770,Consumer,14-12-2022
3771,Corporate,27-07-2022
3772,Small Business,22-04-2023
3773,Small Business,14-07-2024
3774,Corporate,24-11-2022
3775,Corporate,28-12-2024
3776,Consumer,03-04-2024
3777,Consumer,11-06-2024
3778,Consumer,21-10-2022
3779,Consumer,12-03-2022
3780,Consumer,15-12-2024
3781,Small Business,01-04-2022
3782,Consumer,08-02-2022
3783,Consumer,13-05-2022
3784,Consumer,18-04-2022
3785,Consumer,20-09-2024
3786,Consumer,16-01-2022
3787,Consumer,04-03-2024
3788,Consumer,26-03-2022
3789,Consumer,03-04-2023
3790,Corporate,01-02-2024
3791,Consumer,07-03-2023
3792,Consumer,10-11-2022
3793,Consumer,25-07-2024
3794,Small Business,09-06-2024
3795,Corporate,04-10-2023
3796,Consumer,29-07-2024
3797,Consumer,13-03-2024
3798,Consumer,29-09-2022
3799,Consumer,07-10-2023
3800,Consumer,16-01-2022
3801,Consumer,08-07-2024
3802,Corporate,09-08-2024
3803,Consumer,16-11-2024
3804,Corporate,29-07-2024
3805,Consumer,16-01-2022
3806,Consumer,16-03-2024
3807,Consumer,05-04-2024
3808,Corporate,21-09-2022
3809,Small Business,22-06-2024
3810,Consumer,02-02-2023
3811,Corporate,02-02-2024
3812,Consumer,19-09-2022
3813,Corporate,06-05-2023
3814,Small Business,17-02-2024
3815,Consumer,05-03-2023
3816,Consumer,31-05-2024
3817,Small Business,21-06-2023
3818,Consumer,04-12-2023
3819,Consumer,18-06-2024
3820,Corporate,17-10-2023
3821,Consumer,08-09-2024
3822,Corporate,26-04-2024
3823,Consumer,25-01-2023
3824,Small Business,31-01-2022
3825,Consumer,10-01-2023
3826,Small Business,08-07-2023
3827,Corporate,06-05-2023
3828,Consumer,25-04-2022
3829,Consumer,17-08-2024
3830,Consumer,27-03-2024
3831,Small Business,28-12-2023
3832,Consumer,15-06-2023
3833,Small Business,13-06-2024
3834,Consumer,05-09-2023
3835,Consumer,29-06-2023
3836,Small Business,15-12-2023
3837,Consumer,26-02-2023
3838,Consumer,14-10-2024
3839,Consumer,07-02-2022
3840,Consumer,10-07-2024
3841,Consumer,15-12-2023
3842,Small Business,04-12-2024
3843,Small Business,21-03-2022
3844,Consumer,26-06-2022
3845,Small Business,05-09-2024
3846,Consumer,10-10-2023
3847,Consumer,04-09-2024
3848,Small Business,18-05-2022
3849,Consumer,12-01-2022
3850,Small Business,03-11-2022
3851,Corporate,07-10-2023
3852,Small Business,08-03-2022
3853,Consumer,22-09-2024
3854,Small Business,21-11-2024
3855,Consumer,25-06-2022
3856,Small Business,27-05-2023
3857,Consumer,08-09-2022
3858,Consumer,05-07-2022
3859,Small Business,28-06-2023
3860,Consumer,09-12-2023
3861,Consumer,08-07-2023
3862,Consumer,03-07-2024
3863,Consumer,28-02-2024
3864,Consumer,18-07-2022
3865,Consumer,02-04-2022
3866,Corporate,02-04-2022
3867,Corporate,31-08-2022
3868,Small Business,07-06-2022
3869,Corporate,14-08-2024
3870,Consumer,04-11-2022
3871,Corporate,16-04-2022
3872,Small Business,26-08-2023
3873,Consumer,12-02-2022
3874,Consumer,25-02-2024
3875,Corporate,05-07-2023
3876,Corporate,14-11-2022
3877,Corporate,11-10-2024
3878,Consumer,07-06-2023
3879,Small Business,24-02-2023
3880,Consumer,11-05-2022
3881,Small Business,26-04-2024
3882,Small Business,01-10-2023
3883,Consumer,06-11-2024
3884,Small Business,06-06-2024
3885,Small Business,25-07-2024
3886,Small Business,13-09-2022
3887,Consumer,22-01-2024
3888,Consumer,24-04-2022
3889,Corporate,01-01-2023
3890,Small Business,16-07-2023
3891,Corporate,27-05-2023
3892,Consumer,19-02-2023
3893,Corporate,28-11-2022
3894,Consumer,12-06-2023
3895,Consumer,25-06-2023
3896,Consumer,01-06-2024
3897,Consumer,05-06-2023
3898,Consumer,06-02-2024
3899,Consumer,08-03-2024
3900,Consumer,03-12-2024
3901,Consumer,10-12-2024
3902,Corporate,18-12-2023
3903,Consumer,01-01-2023
3904,Consumer,08-07-2022
3905,Small Business,22-11-2024
3906,Consumer,13-02-2022
3907,Consumer,13-10-2023
3908,Consumer,16-04-2022
3909,Small Business,28-02-2023
3910,Consumer,12-12-2023
3911,Corporate,29-05-2024
3912,Consumer,08-04-2024
3913,Consumer,16-04-2023
3914,Consumer,19-07-2023
3915,Small Business,04-12-2024
3916,Corporate,23-11-2022
3917,Consumer,06-12-2024
3918,Consumer,23-12-2024
3919,Consumer,25-09-2024
3920,Consumer,10-05-2023
3921,Consumer,06-06-2023
3922,Consumer,20-04-2024
3923,Consumer,03-10-2023
3924,Small Business,14-12-2022
3925,Corporate,28-04-2022
3926,Consumer,01-08-2023
3927,Consumer,17-12-2023
3928,Corporate,28-07-2022
3929,Consumer,02-08-2024
3930,Small Business,22-08-2023
3931,Consumer,18-08-2024
3932,Consumer,08-06-2022
3933,Consumer,21-08-2024
3934,Consumer,04-02-2022
3935,Consumer,04-03-2023
3936,Corporate,15-10-2024
3937,Consumer,10-11-2024
3938,Small Business,31-12-2023
3939,Consumer,28-04-2023
3940,Consumer,04-10-2022
3941,Small Business,02-04-2024
3942,Small Business,26-10-2023
3943,Consumer,11-12-2023
3944,Corporate,28-04-2024
3945,Small Business,27-03-2024
3946,Consumer,24-03-2022
3947,Small Business,04-07-2022
3948,Consumer,26-06-2024
3949,Consumer,11-06-2023
3950,Small Business,04-05-2023
3951,Corporate,08-03-2024
3952,Corporate,30-07-2022
3953,Consumer,25-05-2022
3954,Corporate,03-03-2022
3955,Consumer,22-02-2022
3956,Consumer,17-08-2022
3957,Consumer,22-02-2023
3958,Consumer,18-04-2024
3959,Small Business,23-06-2022
3960,Consumer,06-05-2023
3961,Consumer,13-01-2022
3962,Small Business,14-09-2022
3963,Small Business,25-12-2022
3964,Small Business,02-10-2023
3965,Small Business,14-07-2022
3966,Consumer,02-07-2022
3967,Small Business,04-01-2024
3968,Corporate,24-08-2024
3969,Corporate,30-05-2022
3970,Consumer,08-01-2023
3971,Consumer,24-08-2022
3972,Consumer,18-10-2022
3973,Small Business,07-10-2022
3974,Consumer,13-08-2022
3975,Corporate,22-01-2022
3976,Small Business,28-02-2024
3977,Corporate,03-11-2022
3978,Consumer,29-11-2024
3979,Consumer,25-12-2023
3980,Consumer,13-02-2024
3981,Consumer,10-07-2024
3982,Consumer,10-03-2023
3983,Consumer,17-11-2024
3984,Corporate,25-02-2024
3985,Consumer,14-11-2022
3986,Consumer,02-09-2022
3987,Consumer,28-06-2022
3988,Corporate,08-12-2022
3989,Consumer,19-06-2022
3990,Small Business,23-08-2023
3991,Consumer,20-12-2023
3992,Consumer,21-10-2022
3993,Corporate,03-05-2023
3994,Corporate,30-01-2022
3995,Corporate,12-04-2024
3996,Consumer,26-01-2023
3997,Consumer,23-06-2022
3998,Consumer,15-05-2023
3999,Consumer,14-07-2024
4000,Corporate,26-11-2024
4001,Consumer,20-07-2022
4002,Consumer,19-01-2024
4003,Consumer,01-08-2022
4004,Consumer,12-02-2022
4005,Consumer,30-08-2023
4006,Corporate,12-08-2023
4007,Small Business,28-03-2024
4008,Corporate,12-07-2022
4009,Consumer,15-02-2024
4010,Consumer,10-10-2024
4011,Consumer,22-07-2023
4012,Consumer,01-03-2023
4013,Consumer,10-02-2024
4014,Consumer,29-08-2024
4015,Small Business,25-02-2022
4016,Consumer,01-04-2023
4017,Corporate,15-03-2023
4018,Small Business,08-01-2024
4019,Consumer,23-08-2022
4020,Small Business,24-05-2022
4021,Consumer,09-04-2024
4022,Consumer,10-05-2022
4023,Consumer,09-09-2022
4024,Small Business,30-09-2023
4025,Small Business,28-05-2022
4026,Small Business,19-05-2023
4027,Consumer,28-01-2023
4028,Consumer,18-04-2022
4029,Consumer,12-09-2022
4030,Consumer,13-03-2024
4031,Corporate,08-10-2023
4032,Consumer,28-10-2023
4033,Consumer,01-08-2023
4034,Consumer,18-04-2023
4035,Consumer,20-12-2024
4036,Consumer,24-04-2023
4037,Consumer,20-02-2023
4038,Corporate,06-02-2024
4039,Corporate,22-07-2024
4040,Corporate,16-01-2024
4041,Consumer,23-02-2023
4042,Small Business,16-04-2024
4043,Consumer,10-07-2022
4044,Small Business,09-12-2024
4045,Consumer,14-01-2022
4046,Corporate,05-08-2022
4047,Consumer,21-01-2023
4048,Small Business,08-10-2024
4049,Consumer,25-12-2022
4050,Consumer,03-08-2023
4051,Consumer,16-12-2023
4052,Consumer,08-01-2024
4053,Small Business,20-12-2024
4054,Consumer,05-10-2022
4055,Small Business,28-10-2022
4056,Consumer,04-01-2022
4057,Small Business,19-10-2024
4058,Consumer,25-11-2022
4059,Consumer,21-03-2023
4060,Corporate,12-07-2022
4061,Consumer,17-10-2023
4062,Consumer,22-09-2023
4063,Consumer,18-03-2024
4064,Consumer,02-01-2022
4065,Consumer,27-04-2024
4066,Consumer,22-07-2023
4067,Consumer,06-12-2024
4068,Consumer,08-11-2022
4069,Corporate,18-06-2022
4070,Corporate,21-04-2023
4071,Small Business,27-10-2023
4072,Consumer,23-08-2024
4073,Consumer,15-10-2023
4074,Corporate,03-01-2022
4075,Consumer,29-09-2023
4076,Consumer,20-12-2022
4077,Consumer,02-07-2024
4078,Consumer,12-06-2023
4079,Consumer,06-03-2023
4080,Consumer,08-03-2024
4081,Corporate,17-07-2024
4082,Corporate,30-07-2022
4083,Consumer,01-07-2023
4084,Corporate,20-09-2022
4085,Consumer,04-08-2022
4086,Consumer,11-06-2023
4087,Consumer,05-09-2024
4088,Small Business,22-12-2022
4089,Consumer,22-07-2022
4090,Consumer,01-04-2024
4091,Consumer,20-09-2023
4092,Consumer,25-10-2023
4093,Consumer,30-04-2022
4094,Small Business,02-02-2023
4095,Corporate,23-08-2023
4096,Small Business,11-10-2022
4097,Corporate,24-03-2024
4098,Consumer,18-10-2023
4099,Consumer,05-01-2022
4100,Consumer,04-09-2022
4101,Consumer,07-01-2024
4102,Corporate,28-08-2022
4103,Consumer,02-03-2022
4104,Corporate,15-12-2024
4105,Corporate,12-03-2022
4106,Consumer,18-10-2022
4107,Consumer,30-09-2022
4108,Consumer,10-12-2024
4109,Consumer,15-06-2022
4110,Consumer,23-11-2024
4111,Consumer,30-05-2024
4112,Corporate,29-04-2024
4113,Corporate,07-10-2022
4114,Consumer,07-07-2024
4115,Small Business,29-02-2024
4116,Corporate,16-05-2024
4117,Corporate,21-06-2024
4118,Consumer,24-02-2024
4119,Corporate,28-10-2024
4120,Consumer,09-06-2023
4121,Consumer,10-03-2024
4122,Consumer,31-03-2022
4123,Consumer,22-11-2024
4124,Corporate,19-04-2022
4125,Small Business,09-07-2023
4126,Consumer,04-10-2023
4127,Consumer,19-04-2023
4128,Consumer,26-04-2023
4129,Small Business,23-09-2024
4130,Consumer,15-10-2024
4131,Consumer,05-10-2023
4132,Consumer,27-06-2022
4133,Consumer,13-11-2023
4134,Consumer,20-02-2022
4135,Small Business,29-01-2022
4136,Consumer,27-08-2024
4137,Corporate,11-05-2022
4138,Small Business,01-01-2024
4139,Corporate,07-04-2024
4140,Consumer,23-05-2023
4141,Consumer,28-09-2022
4142,Consumer,14-12-2022
4143,Consumer,06-01-2023
4144,Consumer,12-09-2022
4145,Consumer,16-11-2022
4146,Small Business,17-09-2022
4147,Small Business,23-09-2024
4148,Consumer,06-05-2022
4149,Corporate,23-05-2024
4150,Consumer,22-04-2022
4151,Consumer,02-03-2022
4152,Small Business,25-04-2022
4153,Corporate,04-03-2023
4154,Corporate,04-09-2022
4155,Small Business,23-02-2024
4156,Corporate,18-07-2024
4157,Consumer,20-04-2024
4158,Corporate,28-07-2022
4159,Consumer,08-04-2023
4160,Small Business,16-10-2024
4161,Corporate,24-06-2024
4162,Consumer,16-09-2023
4163,Consumer,27-02-2022
4164,Consumer,26-10-2022
4165,Corporate,14-07-2023
4166,Consumer,16-06-2022
4167,Consumer,14-11-2023
4168,Corporate,07-01-2022
4169,Corporate,16-07-2023
4170,Corporate,27-09-2024
4171,Consumer,23-03-2022
4172,Consumer,04-02-2022
4173,Small Business,02-05-2022
4174,Corporate,18-02-2022
4175,Small Business,01-07-2022
4176,Small Business,30-05-2023
4177,Consumer,09-07-2024
4178,Consumer,09-12-2022
4179,Consumer,27-10-2024
4180,Corporate,26-08-2022
4181,Consumer,02-01-2023
4182,Consumer,24-04-2023
4183,Small Business,11-05-2022
4184,Consumer,14-07-2024
4185,Small Business,26-08-2024
4186,Corporate,04-08-2022
4187,Consumer,30-08-2022
4188,Corporate,03-10-2022
4189,Consumer,15-11-2023
4190,Consumer,16-10-2024
4191,Consumer,06-01-2024
4192,Small Business,28-10-2022
4193,Corporate,05-05-2023
4194,Consumer,18-02-2022
4195,Consumer,04-04-2023
4196,Consumer,05-04-2023
4197,Consumer,19-11-2022
4198,Corporate,10-03-2023
4199,Small Business,15-11-2023
4200,Small Business,27-12-2024
4201,Consumer,27-04-2023
4202,Consumer,26-10-2023
4203,Corporate,15-09-2023
4204,Small Business,31-05-2024
4205,Consumer,16-09-2023
4206,Consumer,25-10-2024
4207,Consumer,12-07-2024
4208,Corporate,25-09-2024
4209,Corporate,31-07-2024
4210,Small Business,18-08-2024
4211,Corporate,28-02-2024
4212,Consumer,11-08-2022
4213,Consumer,22-02-2023
4214,Small Business,16-02-2023
4215,Small Business,08-09-2024
4216,Consumer,23-08-2023
4217,Small Business,06-07-2022
4218,Consumer,09-08-2023
4219,Consumer,05-03-2024
4220,Consumer,18-09-2024
4221,Consumer,30-07-2022
4222,Consumer,03-07-2023
4223,Consumer,13-02-2024
4224,Consumer,24-01-2023
4225,Consumer,08-02-2024
4226,Consumer,03-03-2022
4227,Consumer,28-10-2024
4228,Small Business,30-03-2024
4229,Consumer,21-05-2023
4230,Corporate,04-11-2024
4231,Corporate,30-07-2024
4232,Small Business,28-09-2022
4233,Consumer,11-02-2024
4234,Consumer,23-10-2023
4235,Corporate,04-12-2022
4236,Consumer,16-08-2022
4237,Consumer,16-03-2023
4238,Corporate,11-04-2022
4239,Small Business,27-10-2024
4240,Small Business,09-01-2023
4241,Small Business,07-05-2024
4242,Consumer,31-10-2022
4243,Consumer,12-12-2024
4244,Corporate,23-01-2024
4245,Corporate,11-03-2024
4246,Consumer,19-07-2024
4247,Consumer,10-09-2023
4248,Small Business,08-09-2024
4249,Small Business,06-04-2024
4250,Consumer,18-02-2023
4251,Consumer,10-12-2022
4252,Consumer,28-11-2023
4253,Consumer,07-12-2022
4254,Consumer,24-08-2023
4255,Corporate,25-12-2022
4256,Small Business,25-01-2022
4257,Consumer,16-04-2022
4258,Consumer,01-06-2024
4259,Small Business,20-10-2022
4260,Consumer,21-02-2022
4261,Consumer,14-03-2024
4262,Corporate,26-07-2024
4263,Small Business,15-08-2024
4264,Consumer,13-10-2022
4265,Consumer,10-07-2024
4266,Small Business,30-12-2023
4267,Consumer,15-01-2023
4268,Consumer,24-09-2022
4269,Consumer,26-01-2022
4270,Small Business,29-08-2022
4271,Consumer,06-05-2024
4272,Consumer,21-01-2023
4273,Consumer,09-10-2022
4274,Small Business,18-09-2023
4275,Corporate,26-03-2022
4276,Small Business,29-04-2022
4277,Consumer,21-09-2022
4278,Consumer,16-03-2022
4279,Corporate,06-10-2024
4280,Corporate,15-08-2023
4281,Small Business,06-12-2022
4282,Consumer,08-02-2022
4283,Small Business,23-11-2022
4284,Consumer,08-01-2024
4285,Consumer,10-02-2023
4286,Consumer,04-11-2022
4287,Small Business,12-02-2023
4288,Consumer,16-06-2024
4289,Consumer,13-09-2023
4290,Consumer,01-04-2024
4291,Consumer,26-10-2022
4292,Corporate,26-07-2023
4293,Consumer,16-04-2022
4294,Consumer,12-09-2024
4295,Small Business,18-01-2024
4296,Consumer,27-01-2023
4297,Small Business,06-06-2023
4298,Consumer,11-09-2023
4299,Consumer,18-02-2024
4300,Small Business,12-10-2022
4301,Consumer,01-09-2023
4302,Small Business,23-09-2023
4303,Consumer,20-05-2022
4304,Corporate,23-07-2022
4305,Small Business,27-04-2023
4306,Corporate,01-09-2023
4307,Small Business,01-07-2022
4308,Corporate,03-01-2023
4309,Small Business,06-04-2024
4310,Small Business,08-07-2023
4311,Consumer,19-11-2022
4312,Consumer,12-05-2022
4313,Consumer,06-10-2024
4314,Consumer,11-07-2022
4315,Consumer,23-05-2023
4316,Corporate,16-11-2022
4317,Consumer,29-06-2022
4318,Consumer,31-10-2023
4319,Small Business,30-07-2023
4320,Corporate,26-10-2024
4321,Small Business,08-08-2024
4322,Consumer,20-12-2022
4323,Small Business,06-08-2024
4324,Small Business,18-06-2022
4325,Consumer,28-09-2022
4326,Consumer,03-03-2022
4327,Consumer,05-12-2023
4328,Small Business,06-12-2023
4329,Consumer,12-03-2023
4330,Consumer,24-04-2024
4331,Consumer,22-09-2024
4332,Small Business,30-12-2024
4333,Consumer,05-03-2024
4334,Consumer,15-04-2022
4335,Consumer,13-01-2024
4336,Corporate,03-10-2022
4337,Small Business,21-02-2022
4338,Small Business,04-11-2023
4339,Consumer,02-02-2023
4340,Consumer,10-10-2022
4341,Consumer,27-09-2024
4342,Consumer,19-12-2023
4343,Consumer,27-11-2022
4344,Small Business,02-10-2024
4345,Consumer,19-11-2023
4346,Consumer,24-03-2023
4347,Corporate,10-02-2023
4348,Small Business,05-01-2024
4349,Consumer,04-12-2024
4350,Consumer,10-11-2022
4351,Consumer,21-12-2022
4352,Corporate,29-10-2023
4353,Consumer,16-05-2023
4354,Corporate,20-03-2024
4355,Small Business,10-09-2024
4356,Small Business,01-12-2023
4357,Consumer,18-11-2022
4358,Corporate,15-04-2023
4359,Small Business,24-04-2022
4360,Consumer,26-04-2023
4361,Small Business,19-02-2024
4362,Consumer,15-06-2024
4363,Small Business,25-09-2024
4364,Corporate,09-07-2023
4365,Corporate,03-01-2024
4366,Consumer,24-03-2022
4367,Small Business,11-11-2022
4368,Consumer,01-09-2024
4369,Small Business,20-03-2023
4370,Consumer,05-10-2024
4371,Consumer,27-02-2022
4372,Corporate,03-02-2022
4373,Consumer,01-03-2022
4374,Small Business,21-11-2022
4375,Consumer,05-02-2024
4376,Consumer,15-08-2022
4377,Corporate,29-11-2022
4378,Small Business,19-03-2022
4379,Consumer,08-10-2022
4380,Consumer,20-08-2024
4381,Consumer,09-10-2023
4382,Consumer,30-11-2023
4383,Consumer,15-01-2022
4384,Consumer,14-08-2022
4385,Consumer,26-02-2022
4386,Consumer,07-02-2022
4387,Consumer,09-03-2023
4388,Consumer,10-06-2024
4389,Corporate,23-05-2022
4390,Consumer,09-03-2022
4391,Consumer,04-10-2022
4392,Consumer,09-07-2024
4393,Consumer,11-06-2022
4394,Consumer,05-10-2024
4395,Consumer,30-03-2023
4396,Small Business,15-01-2024
4397,Consumer,10-01-2023
4398,Consumer,30-09-2022
4399,Consumer,18-06-2022
4400,Consumer,13-05-2023
4401,Consumer,26-09-2022
4402,Consumer,08-03-2023
4403,Corporate,16-06-2022
4404,Consumer,29-12-2024
4405,Consumer,28-03-2022
4406,Consumer,23-10-2022
4407,Consumer,23-10-2024
4408,Small Business,08-05-2024
4409,Consumer,08-04-2022
4410,Small Business,17-05-2024
4411,Small Business,05-03-2022
4412,Corporate,24-02-2022
4413,Small Business,16-11-2023
4414,Small Business,23-10-2024
4415,Consumer,28-11-2024
4416,Small Business,25-10-2023
4417,Small Business,06-09-2022
4418,Consumer,27-05-2024
4419,Consumer,09-01-2023
4420,Consumer,26-12-2024
4421,Consumer,03-03-2024
4422,Small Business,10-06-2022
4423,Consumer,01-02-2023
4424,Small Business,16-02-2024
4425,Small Business,20-12-2023
4426,Consumer,30-09-2022
4427,Consumer,06-07-2024
4428,Consumer,13-09-2023
4429,Small Business,17-10-2024
4430,Corporate,16-04-2022
4431,Corporate,07-03-2022
4432,Consumer,19-07-2024
4433,Corporate,11-01-2022
4434,Consumer,02-09-2024
4435,Consumer,18-03-2024
4436,Corporate,05-09-2024
4437,Consumer,22-07-2024
4438,Corporate,09-10-2022
4439,Small Business,30-09-2024
4440,Consumer,12-07-2023
4441,Consumer,21-10-2022
4442,Consumer,17-11-2024
4443,Corporate,25-11-2022
4444,Consumer,19-10-2023
4445,Consumer,11-02-2023
4446,Corporate,25-03-2023
4447,Small Business,16-02-2022
4448,Small Business,24-02-2022
4449,Consumer,08-07-2023
4450,Consumer,02-11-2023
4451,Consumer,12-09-2023
4452,Corporate,23-02-2024
4453,Consumer,01-07-2024
4454,Consumer,10-01-2022
4455,Consumer,19-08-2023
4456,Consumer,02-06-2024
4457,Corporate,16-07-2022
4458,Small Business,07-11-2024
4459,Consumer,18-02-2024
4460,Consumer,25-09-2023
4461,Small Business,13-09-2022
4462,Small Business,16-07-2024
4463,Consumer,07-08-2022
4464,Small Business,16-03-2023
4465,Consumer,01-09-2023
4466,Consumer,31-07-2023
4467,Consumer,29-03-2024
4468,Consumer,08-02-2022
4469,Corporate,11-09-2024
4470,Consumer,12-01-2024
4471,Small Business,02-05-2024
4472,Consumer,16-06-2024
4473,Consumer,21-11-2024
4474,Small Business,14-03-2022
4475,Corporate,26-10-2022
4476,Consumer,01-02-2023
4477,Consumer,12-02-2022
4478,Consumer,20-12-2022
4479,Consumer,23-02-2022
4480,Consumer,13-12-2022
4481,Consumer,17-08-2024
4482,Consumer,01-06-2024
4483,Consumer,24-03-2024
4484,Consumer,28-05-2023
4485,Consumer,11-05-2023
4486,Consumer,21-02-2024
4487,Consumer,26-02-2024
4488,Consumer,20-01-2022
4489,Consumer,01-03-2024
4490,Consumer,28-09-2023
4491,Consumer,01-09-2024
4492,Consumer,22-12-2023
4493,Consumer,12-06-2022
4494,Consumer,27-04-2022
4495,Consumer,03-12-2023
4496,Consumer,03-01-2023
4497,Small Business,21-07-2024
4498,Consumer,16-02-2023
4499,Consumer,22-01-2024
4500,Small Business,10-02-2023
4501,Consumer,17-07-2024
4502,Small Business,10-10-2022
4503,Consumer,28-05-2023
4504,Consumer,30-12-2024
4505,Corporate,06-10-2022
4506,Corporate,06-08-2024
4507,Consumer,06-09-2022
4508,Corporate,17-10-2022
4509,Consumer,01-10-2023
4510,Consumer,13-10-2022
4511,Consumer,24-01-2023
4512,Consumer,10-03-2024
4513,Consumer,27-05-2023
4514,Consumer,04-12-2022
4515,Small Business,06-03-2022
4516,Consumer,26-06-2023
4517,Consumer,12-01-2023
4518,Corporate,16-07-2023
4519,Corporate,21-08-2023
4520,Corporate,30-06-2024
4521,Consumer,23-09-2022
4522,Consumer,25-02-2022
4523,Consumer,26-03-2023
4524,Consumer,02-10-2022
4525,Consumer,28-04-2022
4526,Corporate,29-01-2022
4527,Corporate,05-11-2024
4528,Consumer,15-04-2022
4529,Small Business,14-07-2023
4530,Consumer,03-08-2022
4531,Corporate,19-09-2024
4532,Small Business,08-10-2023
4533,Consumer,07-05-2023
4534,Consumer,22-04-2022
4535,Corporate,05-11-2023
4536,Small Business,24-10-2022
4537,Consumer,21-08-2024
4538,Consumer,28-07-2024
4539,Consumer,04-05-2022
4540,Consumer,04-08-2024
4541,Consumer,03-03-2024
4542,Consumer,12-03-2023
4543,Consumer,03-08-2022
4544,Corporate,05-01-2022
4545,Consumer,06-04-2024
4546,Consumer,07-07-2022
4547,Consumer,26-03-2023
4548,Corporate,29-06-2023
4549,Small Business,18-12-2023
4550,Consumer,02-12-2022
4551,Consumer,11-02-2024
4552,Small Business,11-08-2023
4553,Consumer,19-01-2023
4554,Corporate,03-03-2022
4555,Corporate,23-11-2024
4556,Consumer,22-04-2022
4557,Corporate,13-05-2024
4558,Consumer,29-11-2024
4559,Corporate,25-06-2022
4560,Consumer,30-06-2024
4561,Consumer,06-03-2023
4562,Small Business,21-03-2023
4563,Consumer,10-10-2023
4564,Small Business,12-10-2024
4565,Consumer,25-10-2022
4566,Small Business,06-07-2024
4567,Small Business,27-02-2022
4568,Small Business,27-08-2023
4569,Consumer,06-12-2022
4570,Consumer,30-07-2022
4571,Consumer,13-11-2023
4572,Small Business,27-01-2024
4573,Consumer,06-07-2022
4574,Corporate,26-07-2024
4575,Small Business,13-11-2023
4576,Consumer,06-03-2022
4577,Consumer,29-11-2024
4578,Corporate,09-05-2023
4579,Consumer,01-03-2022
4580,Consumer,03-12-2022
4581,Small Business,08-06-2023
4582,Consumer,27-10-2024
4583,Consumer,04-09-2024
4584,Small Business,15-04-2022
4585,Consumer,01-06-2024
4586,Consumer,01-07-2024
4587,Consumer,29-08-2022
4588,Corporate,04-08-2024
4589,Corporate,24-12-2024
4590,Corporate,07-11-2022
4591,Consumer,04-09-2023
4592,Corporate,03-06-2023
4593,Small Business,13-04-2023
4594,Consumer,21-07-2023
4595,Consumer,21-12-2023
4596,Small Business,16-06-2024
4597,Small Business,23-08-2024
4598,Consumer,10-05-2022
4599,Consumer,09-08-2024
4600,Consumer,23-11-2024
4601,Consumer,28-12-2024
4602,Small Business,02-10-2024
4603,Corporate,23-09-2022
4604,Consumer,17-02-2024
4605,Consumer,03-12-2022
4606,Consumer,10-11-2024
4607,Consumer,14-09-2024
4608,Consumer,11-06-2023
4609,Consumer,17-10-2024
4610,Small Business,11-08-2024
4611,Consumer,04-12-2023
4612,Consumer,13-12-2022
4613,Corporate,07-07-2024
4614,Consumer,17-02-2023
4615,Small Business,13-01-2022
4616,Small Business,04-07-2023
4617,Consumer,20-04-2024
4618,Consumer,03-03-2022
4619,Small Business,28-03-2023
4620,Consumer,21-01-2024
4621,Consumer,02-04-2024
4622,Consumer,13-07-2023
4623,Corporate,12-06-2022
4624,Small Business,14-06-2024
4625,Consumer,18-05-2023
4626,Small Business,15-03-2023
4627,Consumer,08-10-2023
4628,Small Business,03-05-2024
4629,Corporate,20-03-2022
4630,Consumer,16-03-2023
4631,Consumer,02-01-2022
4632,Corporate,19-04-2023
4633,Small Business,09-10-2024
4634,Consumer,22-05-2022
4635,Small Business,20-06-2023
4636,Consumer,18-04-2022
4637,Small Business,28-12-2023
4638,Consumer,03-02-2023
4639,Consumer,23-12-2024
4640,Consumer,08-09-2024
4641,Consumer,16-05-2022
4642,Consumer,06-03-2022
4643,Consumer,16-08-2024
4644,Consumer,24-09-2022
4645,Corporate,06-11-2024
4646,Consumer,27-07-2023
4647,Consumer,22-09-2022
4648,Consumer,09-06-2022
4649,Consumer,31-01-2023
4650,Corporate,12-09-2023
4651,Consumer,13-11-2024
4652,Corporate,14-06-2024
4653,Consumer,10-02-2022
4654,Small Business,17-03-2022
4655,Corporate,23-12-2024
4656,Consumer,01-02-2024
4657,Consumer,12-12-2022
4658,Consumer,07-03-2023
4659,Small Business,30-10-2022
4660,Consumer,24-09-2023
4661,Corporate,21-09-2023
4662,Small Business,06-09-2022
4663,Consumer,18-09-2022
4664,Consumer,24-11-2023
4665,Consumer,21-06-2023
4666,Consumer,14-12-2023
4667,Consumer,31-01-2023
4668,Consumer,09-04-2022
4669,Consumer,01-09-2022
4670,Small Business,09-05-2022
4671,Consumer,12-02-2023
4672,Consumer,19-07-2023
4673,Consumer,18-05-2023
4674,Corporate,08-06-2022
4675,Consumer,08-11-2024
4676,Consumer,03-08-2022
4677,Small Business,17-05-2023
4678,Consumer,09-08-2024
4679,Corporate,25-06-2022
4680,Consumer,12-11-2022
4681,Corporate,03-06-2023
4682,Consumer,01-07-2024
4683,Consumer,19-07-2023
4684,Consumer,15-10-2024
4685,Small Business,02-01-2024
4686,Corporate,30-12-2022
4687,Consumer,26-09-2023
4688,Corporate,07-12-2022
4689,Corporate,01-11-2023
4690,Consumer,19-10-2023
4691,Consumer,16-07-2023
4692,Corporate,28-11-2023
4693,Consumer,12-02-2023
4694,Small Business,31-03-2024
4695,Consumer,22-01-2023
4696,Consumer,20-01-2024
4697,Consumer,04-03-2022
4698,Corporate,09-05-2024
4699,Consumer,28-01-2023
4700,Consumer,31-08-2024
4701,Consumer,26-02-2024
4702,Small Business,08-09-2024
4703,Consumer,23-11-2023
4704,Consumer,19-01-2022
4705,Consumer,15-04-2022
4706,Consumer,15-11-2024
4707,Corporate,31-03-2023
4708,Consumer,08-09-2024
4709,Consumer,01-12-2022
4710,Consumer,29-09-2023
4711,Corporate,17-11-2024
4712,Small Business,21-04-2024
4713,Corporate,28-07-2024
4714,Consumer,21-05-2023
4715,Small Business,19-12-2022
4716,Corporate,19-06-2022
4717,Corporate,14-04-2023
4718,Consumer,28-01-2023
4719,Consumer,08-03-2022
4720,Consumer,03-09-2024
4721,Consumer,18-07-2023
4722,Consumer,09-04-2022
4723,Consumer,22-04-2023
4724,Consumer,29-06-2023
4725,Consumer,27-01-2022
4726,Consumer,30-08-2024
4727,Consumer,26-04-2022
4728,Consumer,12-09-2024
4729,Consumer,05-06-2023
4730,Consumer,17-01-2023
4731,Consumer,31-12-2023
4732,Consumer,11-11-2023
4733,Consumer,08-10-2023
4734,Consumer,11-08-2022
4735,Consumer,23-11-2023
4736,Consumer,12-07-2023
4737,Consumer,14-10-2023
4738,Consumer,22-10-2023
4739,Consumer,29-04-2024
4740,Consumer,02-12-2023
4741,Consumer,29-08-2024
4742,Small Business,26-03-2022
4743,Consumer,11-05-2023
4744,Small Business,11-07-2024
4745,Consumer,27-10-2023
4746,Consumer,08-03-2023
4747,Consumer,11-05-2022
4748,Corporate,07-10-2022
4749,Consumer,02-06-2024
4750,Consumer,14-05-2023
4751,Consumer,09-10-2024
4752,Small Business,21-04-2022
4753,Consumer,17-02-2023
4754,Small Business,06-01-2023
4755,Corporate,08-08-2024
4756,Consumer,22-12-2022
4757,Consumer,13-09-2024
4758,Consumer,29-11-2022
4759,Consumer,30-05-2022
4760,Consumer,16-09-2024
4761,Consumer,12-02-2022
4762,Consumer,12-12-2024
4763,Corporate,18-02-2024
4764,Consumer,27-05-2024
4765,Consumer,13-04-2024
4766,Small Business,07-12-2024
4767,Consumer,11-11-2022
4768,Consumer,30-05-2024
4769,Consumer,25-12-2024
4770,Small Business,05-04-2022
4771,Small Business,11-08-2022
4772,Consumer,29-07-2024
4773,Consumer,08-08-2024
4774,Consumer,03-04-2023
4775,Corporate,11-11-2022
4776,Corporate,08-09-2024
4777,Corporate,20-09-2022
4778,Consumer,26-12-2024
4779,Consumer,13-04-2024
4780,Consumer,11-06-2024
4781,Consumer,15-05-2023
4782,Consumer,29-05-2023
4783,Consumer,12-02-2022
4784,Consumer,22-05-2022
4785,Consumer,06-05-2023
4786,Consumer,03-05-2022
4787,Consumer,21-07-2022
4788,Consumer,03-12-2024
4789,Consumer,17-01-2023
4790,Consumer,06-03-2022
4791,Small Business,09-05-2023
4792,Consumer,22-08-2022
4793,Consumer,24-07-2023
4794,Small Business,08-09-2022
4795,Small Business,02-09-2024
4796,Small Business,22-06-2024
4797,Consumer,13-07-2024
4798,Consumer,16-03-2024
4799,Small Business,22-09-2022
4800,Consumer,05-12-2023
4801,Corporate,06-09-2022
4802,Corporate,05-04-2024
4803,Small Business,28-10-2024
4804,Consumer,27-08-2023
4805,Consumer,05-05-2022
4806,Corporate,24-07-2023
4807,Consumer,16-07-2024
4808,Corporate,12-10-2024
4809,Consumer,03-01-2022
4810,Consumer,30-09-2023
4811,Consumer,16-03-2024
4812,Consumer,28-08-2023
4813,Consumer,03-10-2024
4814,Consumer,27-02-2024
4815,Consumer,28-12-2024
4816,Consumer,17-08-2022
4817,Corporate,02-08-2024
4818,Consumer,26-08-2024
4819,Consumer,22-10-2022
4820,Small Business,29-12-2024
4821,Consumer,20-11-2024
4822,Corporate,18-08-2022
4823,Small Business,08-07-2022
4824,Consumer,27-09-2022
4825,Consumer,19-10-2022
4826,Consumer,12-06-2023
4827,Consumer,06-08-2022
4828,Consumer,14-06-2022
4829,Consumer,14-08-2022
4830,Small Business,31-12-2024
4831,Consumer,11-10-2022
4832,Consumer,20-01-2022
4833,Consumer,01-07-2023
4834,Consumer,21-08-2022
4835,Consumer,09-06-2024
4836,Consumer,19-10-2023
4837,Corporate,19-06-2024
4838,Consumer,15-12-2024
4839,Consumer,01-10-2022
4840,Consumer,02-09-2024
4841,Consumer,22-10-2023
4842,Consumer,17-08-2023
4843,Corporate,11-05-2023
4844,Consumer,31-05-2023
4845,Consumer,28-07-2024
4846,Consumer,23-09-2022
4847,Corporate,27-05-2023
4848,Consumer,05-08-2024
4849,Consumer,02-06-2022
4850,Corporate,07-01-2022
4851,Corporate,23-12-2022
4852,Small Business,02-12-2023
4853,Corporate,23-12-2024
4854,Consumer,27-03-2022
4855,Consumer,26-06-2022
4856,Consumer,12-12-2024
4857,Small Business,31-07-2023
4858,Consumer,29-01-2024
4859,Corporate,14-03-2024
4860,Corporate,19-01-2023
4861,Corporate,02-09-2023
4862,Corporate,07-07-2023
4863,Consumer,16-07-2023
4864,Consumer,21-09-2022
4865,Consumer,25-06-2022
4866,Corporate,02-11-2024
4867,Consumer,12-02-2023
4868,Consumer,22-04-2022
4869,Consumer,28-06-2022
4870,Consumer,14-06-2024
4871,Consumer,20-09-2022
4872,Consumer,14-12-2024
4873,Consumer,04-01-2023
4874,Small Business,06-05-2022
4875,Consumer,31-05-2022
4876,Consumer,19-07-2024
4877,Small Business,30-03-2022
4878,Consumer,13-06-2024
4879,Small Business,06-11-2022
4880,Consumer,30-03-2024
4881,Consumer,18-10-2023
4882,Consumer,05-05-2022
4883,Small Business,12-02-2023
4884,Small Business,02-10-2022
4885,Consumer,09-05-2023
4886,Small Business,16-05-2022
4887,Small Business,21-01-2022
4888,Consumer,07-05-2024
4889,Consumer,18-08-2022
4890,Corporate,04-12-2023
4891,Corporate,10-05-2024
4892,Corporate,23-09-2022
4893,Corporate,20-04-2024
4894,Consumer,04-04-2024
4895,Small Business,16-09-2023
4896,Consumer,11-02-2023
4897,Consumer,02-11-2024
4898,Small Business,27-07-2023
4899,Small Business,14-02-2022
4900,Corporate,18-05-2024
4901,Corporate,23-12-2024
4902,Consumer,08-03-2024
4903,Consumer,27-06-2024
4904,Consumer,25-11-2023
4905,Small Business,08-07-2023
4906,Consumer,08-05-2022
4907,Consumer,06-11-2024
4908,Corporate,01-01-2024
4909,Consumer,03-10-2023
4910,Consumer,08-10-2023
4911,Consumer,16-08-2022
4912,Corporate,19-11-2023
4913,Small Business,06-04-2024
4914,Consumer,01-06-2024
4915,Small Business,16-03-2022
4916,Corporate,01-11-2022
4917,Consumer,02-02-2022
4918,Consumer,29-11-2023
4919,Corporate,10-12-2023
4920,Consumer,26-04-2022
4921,Corporate,14-08-2024
4922,Consumer,12-08-2024
4923,Consumer,04-12-2023
4924,Consumer,23-06-2023
4925,Consumer,05-12-2024
4926,Corporate,09-10-2024
4927,Consumer,09-08-2023
4928,Consumer,31-05-2023
4929,Consumer,07-07-2024
4930,Corporate,27-01-2023
4931,Consumer,28-07-2023
4932,Consumer,09-02-2022
4933,Corporate,25-08-2024
4934,Small Business,21-09-2023
4935,Consumer,07-01-2024
4936,Corporate,20-04-2023
4937,Consumer,09-12-2022
4938,Corporate,08-01-2022
4939,Consumer,06-02-2023
4940,Consumer,10-09-2023
4941,Small Business,12-09-2023
4942,Corporate,02-05-2023
4943,Corporate,08-01-2022
4944,Corporate,09-03-2024
4945,Corporate,31-12-2022
4946,Consumer,17-12-2024
4947,Corporate,13-10-2022
4948,Small Business,19-02-2023
4949,Corporate,21-09-2022
4950,Small Business,21-10-2024
4951,Consumer,09-01-2022
4952,Consumer,19-11-2023
4953,Corporate,02-02-2022
4954,Consumer,20-04-2023
4955,Consumer,30-01-2022
4956,Corporate,18-02-2024
4957,Consumer,13-03-2024
4958,Small Business,22-01-2023
4959,Consumer,18-04-2023
4960,Corporate,15-07-2024
4961,Consumer,07-01-2022
4962,Consumer,01-01-2022
4963,Consumer,09-08-2024
4964,Consumer,14-05-2024
4965,Small Business,20-10-2024
4966,Small Business,25-04-2023
4967,Small Business,22-01-2022
4968,Corporate,12-08-2022
4969,Corporate,14-06-2022
4970,Small Business,20-09-2023
4971,Consumer,16-02-2023
4972,Consumer,19-01-2023
4973,Corporate,30-05-2024
4974,Consumer,18-03-2022
4975,Consumer,02-03-2023
4976,Consumer,24-10-2022
4977,Consumer,11-10-2023
4978,Consumer,08-07-2023
4979,Consumer,02-10-2023
4980,Consumer,26-05-2023
4981,Corporate,10-10-2024
4982,Consumer,28-07-2022
4983,Small Business,31-05-2022
4984,Consumer,01-11-2023
4985,Corporate,20-10-2024
4986,Consumer,03-11-2023
4987,Consumer,10-10-2023
4988,Small Business,17-10-2024
4989,Corporate,07-02-2024
4990,Consumer,13-03-2024
4991,Corporate,02-07-2024
4992,Consumer,02-10-2022
4993,Corporate,20-05-2023
4994,Consumer,06-03-2022
4995,Small Business,18-03-2023
4996,Consumer,08-03-2022
4997,Consumer,27-11-2024
4998,Consumer,31-03-2023
4999,Consumer,27-03-2023
5000,Consumer,10-10-2024
5001,Consumer,03-02-2024
5002,Consumer,26-11-2022
5003,Consumer,18-03-2023
5004,Small Business,16-07-2022
5005,Consumer,09-10-2022
5006,Consumer,10-12-2024
5007,Small Business,20-03-2024
5008,Small Business,21-02-2024
5009,Corporate,22-01-2023
5010,Corporate,26-04-2024
5011,Consumer,18-05-2022
5012,Consumer,22-11-2022
5013,Consumer,15-03-2024
5014,Consumer,15-04-2022
5015,Consumer,09-05-2023
5016,Small Business,07-08-2023
5017,Small Business,03-09-2024
5018,Consumer,21-09-2023
5019,Corporate,29-10-2023
5020,Corporate,17-05-2024
5021,Consumer,21-12-2023
5022,Consumer,14-06-2022
5023,Consumer,19-07-2024
5024,Small Business,29-09-2023
5025,Corporate,28-06-2023
5026,Consumer,03-12-2023
5027,Consumer,18-04-2023
5028,Consumer,01-11-2022
5029,Corporate,19-01-2023
5030,Small Business,18-07-2024
5031,Consumer,01-11-2023
5032,Corporate,18-05-2022
5033,Consumer,18-12-2022
5034,Small Business,05-07-2024
5035,Consumer,11-12-2024
5036,Small Business,24-05-2023
5037,Corporate,27-04-2022
5038,Consumer,05-08-2024
5039,Consumer,22-12-2022
5040,Consumer,09-01-2024
5041,Small Business,20-11-2024
5042,Consumer,03-11-2024
5043,Consumer,06-08-2023
5044,Corporate,30-05-2022
5045,Consumer,17-06-2023
5046,Consumer,10-02-2024
5047,Corporate,29-11-2022
5048,Consumer,18-03-2024
5049,Small Business,30-01-2022
5050,Corporate,29-08-2022
5051,Consumer,27-02-2022
5052,Corporate,06-08-2022
5053,Consumer,17-11-2022
5054,Consumer,09-03-2022
5055,Consumer,02-07-2023
5056,Small Business,04-04-2024
5057,Consumer,27-02-2022
5058,Small Business,10-12-2022
5059,Consumer,25-05-2022
5060,Small Business,11-06-2024
5061,Consumer,09-03-2024
5062,Consumer,02-03-2024
5063,Small Business,15-01-2024
5064,Consumer,01-10-2023
5065,Small Business,17-02-2024
5066,Consumer,30-07-2023
5067,Corporate,06-03-2022
5068,Corporate,07-06-2024
5069,Consumer,31-10-2023
5070,Consumer,15-02-2024
5071,Consumer,21-06-2022
5072,Small Business,05-05-2023
5073,Consumer,06-06-2024
5074,Small Business,07-03-2023
5075,Consumer,13-11-2024
5076,Consumer,24-08-2022
5077,Small Business,30-01-2023
5078,Corporate,14-03-2022
5079,Small Business,11-11-2022
5080,Corporate,11-02-2022
5081,Consumer,04-12-2023
5082,Consumer,04-03-2023
5083,Consumer,29-03-2022
5084,Small Business,31-12-2022
5085,Corporate,23-01-2023
5086,Consumer,22-10-2024
5087,Consumer,10-12-2024
5088,Consumer,23-12-2023
5089,Corporate,13-12-2022
5090,Corporate,20-09-2024
5091,Corporate,26-03-2022
5092,Consumer,20-05-2022
5093,Corporate,05-07-2023
5094,Consumer,05-05-2022
5095,Corporate,09-12-2024
5096,Consumer,31-07-2024
5097,Consumer,06-10-2022
5098,Consumer,21-05-2024
5099,Consumer,12-04-2022
5100,Corporate,30-12-2022
5101,Consumer,14-07-2023
5102,Small Business,13-03-2024
5103,Corporate,29-01-2023
5104,Corporate,04-02-2022
5105,Consumer,16-05-2022
5106,Consumer,11-12-2022
5107,Consumer,18-09-2024
5108,Consumer,03-08-2023
5109,Consumer,23-01-2023
5110,Corporate,07-03-2023
5111,Corporate,12-05-2022
5112,Small Business,16-08-2023
5113,Consumer,05-05-2022
5114,Small Business,22-05-2024
5115,Consumer,28-07-2024
5116,Consumer,15-09-2024
5117,Small Business,18-06-2022
5118,Small Business,16-10-2022
5119,Corporate,21-04-2023
5120,Corporate,14-06-2023
5121,Corporate,15-04-2024
5122,Consumer,18-11-2024
5123,Consumer,27-02-2024
5124,Consumer,09-06-2023
5125,Consumer,22-08-2023
5126,Consumer,14-02-2023
5127,Consumer,26-05-2022
5128,Corporate,07-01-2024
5129,Consumer,08-12-2023
5130,Consumer,11-04-2024
5131,Small Business,29-09-2023
5132,Corporate,26-10-2023
5133,Consumer,22-12-2024
5134,Consumer,14-05-2022
5135,Small Business,05-06-2022
5136,Consumer,10-05-2023
5137,Consumer,17-06-2024
5138,Consumer,31-03-2022
5139,Consumer,13-08-2022
5140,Consumer,20-05-2023
5141,Consumer,03-07-2022
5142,Consumer,14-12-2022
5143,Consumer,20-07-2023
5144,Consumer,06-11-2024
5145,Consumer,08-01-2024
5146,Consumer,24-01-2024
5147,Small Business,25-02-2022
5148,Small Business,23-10-2022
5149,Small Business,02-11-2023
5150,Small Business,07-02-2023
5151,Consumer,08-12-2023
5152,Consumer,11-08-2023
5153,Consumer,25-08-2024
5154,Consumer,16-10-2023
5155,Consumer,12-03-2024
5156,Consumer,26-12-2024
5157,Consumer,03-12-2023
5158,Consumer,08-01-2022
5159,Consumer,30-04-2022
5160,Consumer,14-04-2024
5161,Small Business,11-07-2023
5162,Consumer,28-05-2023
5163,Small Business,11-07-2023
5164,Corporate,01-08-2024
5165,Consumer,26-02-2024
5166,Small Business,06-07-2023
5167,Small Business,24-12-2024
5168,Corporate,06-05-2022
5169,Consumer,03-10-2023
5170,Corporate,08-05-2024
5171,Corporate,28-09-2024
5172,Corporate,08-11-2024
5173,Corporate,25-12-2023
5174,Consumer,11-03-2024
5175,Corporate,24-04-2024
5176,Consumer,18-12-2022
5177,Consumer,23-09-2022
5178,Corporate,06-05-2022
5179,Consumer,04-06-2022
5180,Corporate,25-09-2022
5181,Small Business,17-10-2023
5182,Corporate,20-03-2024
5183,Corporate,29-11-2022
5184,Consumer,20-08-2023
5185,Corporate,29-03-2023
5186,Consumer,15-01-2024
5187,Consumer,23-04-2023
5188,Consumer,25-04-2022
5189,Consumer,22-02-2024
5190,Consumer,23-12-2023
5191,Consumer,01-11-2022
5192,Consumer,18-07-2023
5193,Consumer,10-04-2024
5194,Consumer,20-06-2023
5195,Consumer,05-12-2024
5196,Consumer,24-07-2023
5197,Corporate,05-12-2023
5198,Consumer,09-02-2023
5199,Consumer,15-12-2022
5200,Consumer,24-03-2024
5201,Consumer,18-07-2024
5202,Corporate,21-07-2023
5203,Consumer,08-08-2024
5204,Consumer,22-09-2024
5205,Consumer,10-10-2023
5206,Consumer,01-12-2024
5207,Small Business,26-01-2022
5208,Corporate,08-06-2023
5209,Small Business,28-01-2024
5210,Consumer,11-01-2022
5211,Small Business,15-12-2023
5212,Corporate,11-05-2022
5213,Consumer,22-12-2024
5214,Consumer,14-08-2023
5215,Consumer,03-11-2024
5216,Consumer,11-04-2024
5217,Corporate,05-09-2023
5218,Consumer,31-10-2022
5219,Consumer,11-12-2023
5220,Consumer,08-11-2023
5221,Consumer,16-09-2024
5222,Consumer,03-02-2023
5223,Small Business,17-06-2024
5224,Consumer,26-01-2023
5225,Consumer,07-09-2023
5226,Small Business,27-01-2023
5227,Corporate,19-08-2023
5228,Small Business,20-08-2024
5229,Consumer,27-09-2023
5230,Consumer,26-10-2023
5231,Corporate,04-11-2024
5232,Consumer,02-03-2022
5233,Consumer,21-04-2024
5234,Consumer,21-10-2023
5235,Small Business,06-02-2022
5236,Small Business,31-10-2022
5237,Consumer,04-10-2024
5238,Corporate,01-09-2023
5239,Small Business,26-05-2024
5240,Consumer,16-09-2024
5241,Consumer,19-04-2022
5242,Corporate,27-10-2023
5243,Small Business,18-07-2024
5244,Small Business,19-12-2023
5245,Small Business,28-06-2022
5246,Consumer,15-06-2022
5247,Consumer,13-01-2023
5248,Corporate,04-09-2024
5249,Corporate,26-08-2022
5250,Corporate,18-10-2024
5251,Corporate,04-06-2022
5252,Consumer,02-07-2023
5253,Corporate,21-08-2022
5254,Corporate,28-04-2024
5255,Consumer,10-11-2023
5256,Consumer,14-05-2023
5257,Consumer,27-09-2023
5258,Consumer,22-11-2023
5259,Small Business,07-11-2023
5260,Corporate,10-01-2022
5261,Corporate,21-11-2024
5262,Consumer,12-05-2023
5263,Corporate,23-01-2022
5264,Consumer,18-06-2023
5265,Consumer,08-06-2024
5266,Corporate,10-03-2023
5267,Consumer,03-12-2023
5268,Consumer,24-10-2023
5269,Consumer,12-11-2022
5270,Consumer,04-06-2023
5271,Small Business,21-09-2024
5272,Consumer,30-03-2024
5273,Consumer,07-03-2023
5274,Consumer,01-07-2022
5275,Small Business,10-11-2024
5276,Consumer,05-12-2024
5277,Corporate,09-04-2023
5278,Small Business,31-10-2023
5279,Consumer,13-09-2023
5280,Consumer,20-12-2022
5281,Consumer,19-03-2022
5282,Consumer,19-04-2022
5283,Consumer,07-06-2024
5284,Consumer,19-08-2022
5285,Consumer,26-06-2023
5286,Consumer,18-08-2024
5287,Small Business,30-01-2022
5288,Corporate,25-10-2022
5289,Consumer,03-08-2023
5290,Corporate,15-05-2024
5291,Consumer,13-02-2023
5292,Consumer,09-03-2023
5293,Corporate,12-08-2022
5294,Consumer,27-07-2024
5295,Small Business,06-05-2022
5296,Corporate,25-11-2024
5297,Consumer,24-05-2022
5298,Corporate,18-02-2022
5299,Consumer,05-10-2023
5300,Corporate,31-01-2024
5301,Consumer,10-02-2022
5302,Consumer,30-01-2024
5303,Consumer,26-08-2023
5304,Corporate,28-09-2024
5305,Corporate,15-04-2024
5306,Consumer,05-07-2023
5307,Consumer,06-05-2024
5308,Consumer,30-06-2022
5309,Corporate,03-07-2023
5310,Consumer,05-10-2024
5311,Small Business,01-08-2023
5312,Consumer,10-08-2023
5313,Small Business,27-05-2024
5314,Consumer,13-06-2024
5315,Small Business,15-11-2022
5316,Consumer,13-01-2023
5317,Small Business,19-01-2024
5318,Consumer,03-02-2022
5319,Consumer,08-05-2022
5320,Consumer,11-03-2022
5321,Consumer,23-07-2023
5322,Consumer,23-02-2022
5323,Consumer,13-12-2023
5324,Small Business,28-06-2022
5325,Consumer,16-03-2023
5326,Small Business,09-10-2023
5327,Consumer,31-05-2024
5328,Corporate,23-02-2022
5329,Consumer,20-07-2024
5330,Consumer,30-05-2023
5331,Consumer,04-06-2024
5332,Consumer,21-02-2023
5333,Corporate,02-08-2023
5334,Consumer,28-09-2022
5335,Consumer,05-08-2023
5336,Consumer,23-04-2023
5337,Consumer,09-12-2023
5338,Consumer,04-08-2023
5339,Corporate,16-10-2024
5340,Consumer,08-09-2023
5341,Consumer,02-08-2022
5342,Corporate,26-07-2024
5343,Consumer,23-04-2023
5344,Consumer,08-06-2024
5345,Corporate,10-09-2024
5346,Consumer,29-11-2023
5347,Consumer,04-04-2022
5348,Consumer,21-04-2022
5349,Small Business,02-09-2023
5350,Consumer,21-05-2024
5351,Consumer,01-09-2023
5352,Consumer,26-11-2023
5353,Consumer,15-12-2024
5354,Consumer,10-06-2022
5355,Small Business,04-12-2024
5356,Consumer,12-02-2023
5357,Consumer,06-11-2023
5358,Consumer,12-01-2022
5359,Consumer,29-07-2024
5360,Corporate,28-12-2022
5361,Consumer,09-08-2022
5362,Small Business,14-12-2024
5363,Small Business,21-03-2023
5364,Consumer,09-03-2022
5365,Consumer,09-09-2024
5366,Small Business,21-10-2023
5367,Consumer,08-08-2024
5368,Consumer,05-10-2024
5369,Consumer,17-06-2024
5370,Corporate,18-11-2024
5371,Corporate,17-08-2024
5372,Consumer,29-08-2023
5373,Consumer,10-06-2024
5374,Small Business,02-11-2024
5375,Consumer,01-01-2022
5376,Consumer,25-05-2024
5377,Corporate,28-07-2022
5378,Consumer,09-02-2024
5379,Consumer,07-06-2023
5380,Small Business,09-08-2022
5381,Consumer,18-03-2023
5382,Consumer,26-03-2024
5383,Consumer,19-04-2022
5384,Consumer,24-01-2022
5385,Consumer,22-07-2024
5386,Small Business,11-01-2022
5387,Consumer,29-04-2023
5388,Consumer,22-04-2023
5389,Consumer,08-09-2024
5390,Consumer,15-07-2023
5391,Small Business,06-08-2024
5392,Consumer,28-06-2023
5393,Small Business,18-03-2022
5394,Consumer,05-06-2024
5395,Consumer,25-07-2022
5396,Small Business,18-07-2022
5397,Consumer,19-09-2022
5398,Consumer,05-02-2023
5399,Small Business,23-09-2023
5400,Small Business,07-06-2024
5401,Consumer,01-02-2022
5402,Small Business,24-07-2022
5403,Small Business,23-08-2024
5404,Consumer,15-10-2023
5405,Consumer,09-05-2024
5406,Small Business,02-06-2022
5407,Consumer,25-10-2023
5408,Corporate,29-12-2023
5409,Corporate,08-03-2022
5410,Consumer,11-07-2024
5411,Small Business,02-11-2024
5412,Small Business,27-09-2022
5413,Corporate,27-08-2023
5414,Small Business,30-03-2023
5415,Consumer,06-06-2023
5416,Consumer,17-02-2024
5417,Consumer,12-08-2022
5418,Consumer,07-05-2022
5419,Consumer,08-02-2023
5420,Consumer,31-07-2022
5421,Consumer,30-11-2022
5422,Corporate,13-03-2023
5423,Corporate,12-02-2024
5424,Consumer,29-08-2022
5425,Consumer,05-02-2023
5426,Consumer,29-05-2022
5427,Consumer,13-09-2022
5428,Consumer,04-05-2024
5429,Corporate,29-04-2024
5430,Consumer,26-03-2022
5431,Small Business,03-02-2024
5432,Corporate,29-08-2024
5433,Consumer,04-04-2023
5434,Corporate,01-10-2024
5435,Consumer,08-05-2024
5436,Small Business,21-04-2023
5437,Small Business,20-11-2024
5438,Small Business,19-08-2024
5439,Consumer,04-11-2023
5440,Consumer,31-05-2023
5441,Consumer,12-01-2022
5442,Corporate,15-03-2023
5443,Consumer,17-07-2024
5444,Consumer,27-10-2023
5445,Consumer,04-06-2022
5446,Corporate,22-04-2023
5447,Consumer,11-05-2024
5448,Consumer,06-03-2023
5449,Consumer,14-01-2023
5450,Consumer,05-08-2023
5451,Consumer,23-06-2023
5452,Consumer,01-03-2023
5453,Consumer,12-02-2022
5454,Consumer,18-10-2022
5455,Consumer,13-07-2023
5456,Consumer,14-05-2022
5457,Consumer,01-08-2024
5458,Consumer,08-05-2024
5459,Consumer,14-12-2022
5460,Consumer,03-05-2022
5461,Consumer,14-11-2022
5462,Consumer,29-10-2024
5463,Small Business,20-04-2022
5464,Consumer,30-06-2024
5465,Corporate,10-11-2024
5466,Corporate,03-05-2024
5467,Consumer,03-05-2023
5468,Consumer,20-11-2023
5469,Small Business,01-12-2022
5470,Consumer,29-09-2023
5471,Corporate,08-12-2022
5472,Consumer,30-05-2024
5473,Corporate,19-09-2023
5474,Consumer,16-04-2022
5475,Consumer,21-04-2024
5476,Consumer,05-08-2022
5477,Consumer,03-07-2022
5478,Consumer,18-11-2022
5479,Consumer,15-05-2023
5480,Consumer,04-05-2023
5481,Consumer,09-02-2022
5482,Consumer,14-03-2024
5483,Consumer,21-01-2023
5484,Consumer,23-12-2023
5485,Consumer,06-03-2024
5486,Small Business,09-03-2022
5487,Consumer,19-11-2024
5488,Consumer,11-08-2024
5489,Consumer,07-10-2023
5490,Consumer,24-07-2023
5491,Consumer,02-09-2022
5492,Consumer,01-06-2024
5493,Consumer,20-06-2023
5494,Small Business,21-08-2023
5495,Consumer,18-11-2022
5496,Consumer,16-06-2024
5497,Consumer,28-07-2022
5498,Consumer,27-12-2023
5499,Small Business,02-08-2022
5500,Corporate,01-08-2022
5501,Consumer,18-07-2023
5502,Consumer,14-11-2024
5503,Corporate,06-09-2022
5504,Consumer,13-05-2024
5505,Corporate,18-01-2022
5506,Small Business,14-09-2024
5507,Consumer,06-08-2024
5508,Consumer,25-08-2023
5509,Consumer,14-09-2022
5510,Consumer,17-09-2024
5511,Small Business,07-04-2023
5512,Consumer,10-05-2022
5513,Consumer,14-11-2023
5514,Consumer,21-10-2023
5515,Consumer,28-08-2022
5516,Consumer,27-01-2023
5517,Small Business,23-06-2023
5518,Consumer,23-01-2022
5519,Consumer,24-04-2023
5520,Consumer,26-08-2024
5521,Consumer,15-10-2023
5522,Consumer,29-07-2022
5523,Consumer,21-07-2024
5524,Small Business,23-08-2022
5525,Consumer,28-10-2022
5526,Consumer,02-10-2022
5527,Consumer,10-08-2024
5528,Consumer,27-06-2024
5529,Small Business,05-09-2022
5530,Consumer,05-06-2022
5531,Corporate,09-01-2022
5532,Small Business,04-04-2022
5533,Consumer,03-05-2024
5534,Corporate,17-10-2024
5535,Consumer,25-09-2022
5536,Small Business,10-05-2024
5537,Consumer,17-04-2023
5538,Consumer,24-04-2024
5539,Consumer,16-09-2022
5540,Consumer,16-02-2024
5541,Corporate,12-04-2024
5542,Consumer,14-12-2022
5543,Consumer,25-02-2023
5544,Consumer,06-10-2022
5545,Small Business,04-05-2022
5546,Small Business,03-06-2022
5547,Small Business,06-05-2023
5548,Consumer,30-07-2024
5549,Consumer,23-04-2022
5550,Corporate,31-10-2022
5551,Corporate,10-04-2022
5552,Small Business,12-06-2022
5553,Small Business,16-08-2023
5554,Consumer,18-07-2022
5555,Consumer,11-12-2023
5556,Small Business,28-01-2023
5557,Corporate,29-06-2023
5558,Consumer,01-02-2024
5559,Consumer,18-10-2022
5560,Small Business,02-11-2022
5561,Consumer,15-05-2024
5562,Consumer,25-05-2024
5563,Small Business,09-04-2023
5564,Consumer,30-09-2024
5565,Consumer,19-08-2023
5566,Consumer,30-12-2023
5567,Corporate,03-02-2024
5568,Consumer,31-10-2023
5569,Small Business,18-02-2024
5570,Small Business,31-03-2023
5571,Consumer,25-08-2022
5572,Consumer,26-08-2024
5573,Consumer,27-11-2024
5574,Corporate,11-02-2024
5575,Corporate,14-05-2024
5576,Consumer,20-06-2022
5577,Consumer,10-05-2022
5578,Small Business,15-02-2024
5579,Consumer,17-02-2023
5580,Corporate,05-03-2022
5581,Consumer,04-12-2024
5582,Consumer,11-06-2023
5583,Corporate,11-02-2022
5584,Consumer,14-05-2023
5585,Small Business,03-07-2024
5586,Corporate,12-10-2023
5587,Consumer,19-04-2023
5588,Corporate,11-07-2024
5589,Corporate,20-01-2023
5590,Corporate,31-01-2023
5591,Corporate,15-08-2023
5592,Consumer,22-08-2023
5593,Consumer,18-06-2022
5594,Consumer,28-03-2024
5595,Corporate,26-08-2024
5596,Small Business,29-08-2023
5597,Consumer,14-04-2024
5598,Corporate,21-10-2022
5599,Small Business,08-07-2024
5600,Consumer,22-05-2022
5601,Consumer,18-10-2023
5602,Consumer,01-12-2022
5603,Consumer,13-05-2023
5604,Consumer,26-03-2023
5605,Corporate,17-06-2024
5606,Corporate,24-05-2022
5607,Small Business,24-01-2022
5608,Consumer,11-12-2022
5609,Corporate,08-05-2023
5610,Consumer,23-02-2023
5611,Consumer,22-01-2024
5612,Consumer,15-11-2024
5613,Consumer,18-03-2022
5614,Consumer,05-06-2023
5615,Consumer,11-11-2022
5616,Small Business,19-09-2022
5617,Consumer,29-12-2023
5618,Consumer,14-03-2023
5619,Consumer,19-02-2022
5620,Small Business,13-06-2023
5621,Consumer,07-03-2022
5622,Consumer,19-12-2022
5623,Consumer,15-03-2022
5624,Consumer,07-01-2023
5625,Small Business,31-10-2022
5626,Consumer,13-06-2022
5627,Consumer,26-03-2022
5628,Consumer,13-09-2022
5629,Consumer,23-01-2023
5630,Small Business,19-01-2022
5631,Small Business,20-04-2022
5632,Small Business,05-12-2024
5633,Consumer,08-09-2024
5634,Consumer,26-06-2023
5635,Consumer,27-02-2022
5636,Small Business,02-05-2023
5637,Consumer,09-12-2023
5638,Consumer,28-01-2024
5639,Small Business,29-05-2022
5640,Consumer,18-08-2023
5641,Consumer,14-04-2023
5642,Corporate,19-01-2022
5643,Consumer,02-10-2024
5644,Consumer,21-02-2022
5645,Consumer,24-07-2023
5646,Corporate,10-05-2024
5647,Consumer,26-10-2024
5648,Corporate,28-01-2022
5649,Corporate,02-08-2023
5650,Consumer,24-01-2022
5651,Consumer,21-11-2022
5652,Corporate,14-03-2023
5653,Small Business,03-01-2023
5654,Corporate,28-04-2022
5655,Consumer,18-02-2023
5656,Corporate,11-06-2024
5657,Consumer,09-05-2024
5658,Corporate,30-06-2024
5659,Consumer,28-03-2023
5660,Small Business,06-10-2023
5661,Corporate,09-07-2024
5662,Consumer,13-06-2024
5663,Consumer,24-03-2022
5664,Consumer,07-12-2023
5665,Consumer,20-04-2022
5666,Corporate,07-07-2022
5667,Consumer,13-11-2022
5668,Small Business,11-10-2022
5669,Consumer,19-02-2023
5670,Consumer,11-03-2024
5671,Small Business,05-06-2023
5672,Consumer,11-06-2022
5673,Consumer,15-09-2024
5674,Consumer,22-11-2023
5675,Consumer,24-07-2023
5676,Small Business,18-07-2022
5677,Consumer,16-07-2023
5678,Small Business,01-03-2023
5679,Consumer,04-05-2022
5680,Small Business,17-10-2022
5681,Corporate,15-01-2024
5682,Corporate,20-05-2022
5683,Small Business,16-09-2024
5684,Corporate,19-12-2022
5685,Consumer,20-07-2022
5686,Consumer,06-03-2023
5687,Corporate,08-05-2022
5688,Consumer,12-04-2023
5689,Small Business,16-03-2022
5690,Consumer,25-07-2024
5691,Consumer,02-09-2022
5692,Corporate,12-06-2022
5693,Consumer,27-07-2024
5694,Consumer,04-11-2022
5695,Consumer,22-02-2024
5696,Consumer,14-04-2024
5697,Small Business,29-03-2023
5698,Corporate,07-07-2023
5699,Corporate,27-12-2023
5700,Small Business,23-03-2023
5701,Consumer,05-02-2023
5702,Consumer,19-10-2023
5703,Consumer,21-04-2022
5704,Consumer,05-06-2023
5705,Consumer,06-03-2024
5706,Consumer,15-10-2023
5707,Small Business,14-03-2023
5708,Consumer,16-12-2023
5709,Consumer,23-12-2023
5710,Consumer,04-07-2023
5711,Consumer,21-04-2024
5712,Small Business,15-01-2024
5713,Small Business,25-01-2022
5714,Consumer,23-03-2022
5715,Consumer,12-03-2024
5716,Consumer,02-11-2023
5717,Consumer,24-02-2023
5718,Consumer,04-12-2022
5719,Corporate,30-01-2024
5720,Consumer,16-03-2022
5721,Consumer,15-05-2022
5722,Consumer,18-11-2024
5723,Consumer,14-04-2023
5724,Consumer,11-08-2022
5725,Small Business,06-02-2023
5726,Corporate,16-02-2022
5727,Small Business,12-08-2023
5728,Consumer,12-06-2022
5729,Small Business,20-03-2023
5730,Consumer,09-06-2022
5731,Consumer,22-02-2024
5732,Consumer,31-12-2023
5733,Small Business,13-01-2024
5734,Consumer,19-12-2023
5735,Corporate,04-05-2022
5736,Consumer,11-02-2022
5737,Consumer,17-03-2023
5738,Consumer,03-12-2022
5739,Corporate,02-03-2024
5740,Corporate,08-05-2022
5741,Consumer,20-05-2023
5742,Consumer,28-06-2022
5743,Small Business,31-03-2023
5744,Corporate,11-05-2024
5745,Consumer,22-02-2022
5746,Consumer,24-07-2022
5747,Consumer,17-07-2022
5748,Corporate,04-04-2023
5749,Consumer,10-04-2022
5750,Consumer,24-04-2022
5751,Consumer,11-04-2022
5752,Consumer,15-03-2024
5753,Consumer,17-08-2023
5754,Small Business,10-09-2022
5755,Small Business,10-01-2022
5756,Corporate,27-03-2023
5757,Consumer,09-11-2023
5758,Consumer,12-04-2022
5759,Consumer,19-05-2023
5760,Consumer,02-05-2023
5761,Corporate,16-07-2024
5762,Consumer,15-09-2024
5763,Consumer,03-11-2024
5764,Small Business,12-05-2023
5765,Consumer,15-11-2024
5766,Corporate,23-05-2023
5767,Consumer,26-12-2023
5768,Small Business,19-07-2023
5769,Consumer,28-11-2024
5770,Consumer,10-11-2024
5771,Corporate,26-12-2022
5772,Corporate,02-04-2024
5773,Consumer,28-01-2023
5774,Consumer,08-11-2024
5775,Consumer,05-09-2023
5776,Consumer,22-05-2023
5777,Corporate,22-09-2023
5778,Consumer,13-05-2022
5779,Corporate,08-05-2024
5780,Corporate,11-05-2023
5781,Consumer,16-01-2023
5782,Consumer,12-06-2023
5783,Consumer,27-06-2022
5784,Consumer,27-05-2023
5785,Corporate,04-11-2022
5786,Small Business,20-07-2024
5787,Consumer,28-01-2024
5788,Small Business,23-09-2023
5789,Consumer,30-09-2022
5790,Corporate,23-02-2024
5791,Consumer,06-10-2023
5792,Consumer,14-11-2023
5793,Consumer,02-06-2024
5794,Consumer,20-03-2024
5795,Small Business,02-07-2022
5796,Consumer,24-10-2024
5797,Corporate,10-03-2024
5798,Consumer,26-08-2022
5799,Consumer,04-08-2022
5800,Consumer,09-05-2024
5801,Small Business,22-06-2023
5802,Corporate,26-01-2024
5803,Consumer,20-06-2023
5804,Small Business,25-01-2023
5805,Consumer,18-04-2023
5806,Consumer,12-04-2023
5807,Consumer,14-11-2024
5808,Corporate,28-02-2024
5809,Consumer,28-05-2023
5810,Consumer,01-09-2022
5811,Consumer,15-06-2022
5812,Consumer,19-03-2022
5813,Small Business,07-05-2024
5814,Consumer,26-03-2024
5815,Consumer,05-09-2024
5816,Small Business,21-04-2022
5817,Consumer,24-08-2022
5818,Corporate,13-03-2024
5819,Small Business,29-06-2023
5820,Consumer,29-09-2024
5821,Corporate,27-08-2022
5822,Consumer,28-06-2022
5823,Consumer,08-05-2024
5824,Consumer,01-10-2022
5825,Consumer,22-04-2022
5826,Corporate,03-08-2024
5827,Consumer,09-11-2023
5828,Consumer,12-08-2024
5829,Consumer,15-06-2024
5830,Consumer,06-12-2024
5831,Consumer,20-08-2024
5832,Consumer,28-05-2024
5833,Corporate,29-01-2024
5834,Consumer,03-09-2022
5835,Consumer,12-04-2024
5836,Consumer,11-09-2024
5837,Consumer,04-08-2023
5838,Consumer,23-08-2024
5839,Small Business,12-02-2023
5840,Corporate,10-07-2024
5841,Consumer,28-06-2022
5842,Consumer,18-05-2024
5843,Corporate,31-10-2024
5844,Corporate,18-06-2022
5845,Consumer,26-01-2024
5846,Consumer,16-02-2023
5847,Small Business,20-08-2022
5848,Consumer,10-11-2024
5849,Consumer,02-02-2024
5850,Consumer,31-10-2024
5851,Consumer,30-07-2022
5852,Consumer,20-02-2024
5853,Consumer,02-06-2024
5854,Consumer,25-06-2024
5855,Small Business,24-02-2024
5856,Consumer,29-12-2022
5857,Consumer,09-05-2022
5858,Consumer,28-03-2022
5859,Consumer,10-08-2022
5860,Small Business,14-01-2022
5861,Consumer,15-10-2024
5862,Small Business,01-06-2023
5863,Small Business,27-10-2023
5864,Corporate,29-01-2023
5865,Consumer,01-11-2022
5866,Consumer,15-05-2023
5867,Small Business,29-05-2022
5868,Small Business,01-01-2022
5869,Small Business,04-01-2022
5870,Corporate,16-05-2023
5871,Consumer,13-05-2022
5872,Consumer,22-01-2023
5873,Small Business,26-05-2024
5874,Small Business,12-06-2024
5875,Consumer,26-04-2023
5876,Corporate,30-10-2024
5877,Corporate,12-03-2024
5878,Consumer,26-08-2023
5879,Consumer,15-06-2023
5880,Consumer,17-03-2023
5881,Corporate,09-03-2024
5882,Consumer,10-08-2022
5883,Consumer,14-08-2023
5884,Consumer,16-11-2023
5885,Small Business,05-10-2024
5886,Small Business,18-01-2024
5887,Consumer,13-06-2023
5888,Consumer,20-01-2022
5889,Small Business,07-03-2022
5890,Consumer,02-10-2023
5891,Corporate,29-06-2022
5892,Corporate,12-08-2022
5893,Consumer,21-10-2024
5894,Consumer,17-11-2024
5895,Corporate,01-08-2023
5896,Small Business,01-06-2024
5897,Consumer,06-01-2024
5898,Corporate,20-09-2024
5899,Corporate,27-06-2024
5900,Consumer,22-12-2024
5901,Small Business,29-10-2024
5902,Consumer,06-06-2024
5903,Consumer,30-07-2023
5904,Small Business,12-06-2024
5905,Consumer,18-11-2023
5906,Consumer,04-12-2023
5907,Consumer,06-09-2023
5908,Corporate,19-01-2023
5909,Consumer,18-11-2022
5910,Small Business,21-01-2024
5911,Corporate,12-01-2023
5912,Consumer,13-05-2023
5913,Consumer,14-11-2022
5914,Corporate,28-10-2024
5915,Consumer,20-09-2022
5916,Consumer,31-08-2022
5917,Consumer,06-01-2024
5918,Consumer,26-05-2024
5919,Corporate,14-07-2024
5920,Consumer,20-11-2022
5921,Small Business,02-10-2022
5922,Consumer,06-01-2022
5923,Consumer,17-10-2022
5924,Corporate,03-01-2022
5925,Consumer,19-12-2024
5926,Consumer,07-09-2024
5927,Corporate,15-03-2023
5928,Corporate,03-05-2024
5929,Consumer,30-08-2022
5930,Consumer,17-01-2022
5931,Corporate,15-03-2022
5932,Consumer,22-08-2023
5933,Consumer,20-09-2023
5934,Consumer,19-08-2024
5935,Small Business,22-06-2022
5936,Consumer,30-09-2023
5937,Consumer,04-06-2022
5938,Consumer,25-02-2024
5939,Consumer,06-10-2024
5940,Consumer,21-03-2023
5941,Consumer,04-01-2024
5942,Consumer,27-07-2024
5943,Consumer,05-12-2024
5944,Consumer,17-07-2024
5945,Corporate,21-07-2022
5946,Corporate,06-06-2024
5947,Consumer,28-04-2022
5948,Corporate,24-11-2022
5949,Consumer,20-02-2022
5950,Small Business,20-06-2024
5951,Consumer,13-02-2022
5952,Consumer,27-05-2023
5953,Consumer,12-02-2022
5954,Consumer,08-02-2024
5955,Consumer,02-08-2022
5956,Consumer,17-11-2022
5957,Consumer,19-08-2022
5958,Consumer,15-08-2023
5959,Small Business,28-04-2022
5960,Corporate,20-06-2024
5961,Small Business,21-10-2023
5962,Small Business,18-02-2023
5963,Corporate,28-08-2024
5964,Consumer,30-08-2024
5965,Consumer,04-07-2022
5966,Small Business,04-11-2024
5967,Consumer,20-03-2023
5968,Consumer,01-08-2023
5969,Consumer,20-04-2024
5970,Consumer,12-11-2023
5971,Consumer,05-07-2023
5972,Small Business,08-08-2024
5973,Consumer,28-11-2022
5974,Corporate,31-07-2023
5975,Consumer,04-06-2022
5976,Consumer,25-05-2023
5977,Small Business,24-09-2022
5978,Consumer,07-02-2024
5979,Consumer,18-06-2022
5980,Consumer,08-09-2022
5981,Consumer,19-02-2024
5982,Small Business,30-08-2024
5983,Corporate,27-05-2023
5984,Consumer,06-03-2022
5985,Consumer,14-06-2022
5986,Corporate,01-05-2022
5987,Consumer,07-12-2024
5988,Corporate,24-05-2022
5989,Consumer,21-10-2022
5990,Consumer,04-02-2023
5991,Corporate,26-05-2024
5992,Consumer,08-06-2024
5993,Consumer,24-07-2024
5994,Consumer,15-03-2022
5995,Consumer,05-10-2024
5996,Consumer,24-04-2023
5997,Consumer,02-01-2022
5998,Consumer,05-04-2023
5999,Consumer,12-05-2024
6000,Consumer,30-05-2022
6001,Consumer,21-01-2024
6002,Consumer,17-05-2022
6003,Small Business,12-10-2022
6004,Consumer,18-11-2024
6005,Consumer,09-12-2023
6006,Consumer,22-10-2024
6007,Small Business,07-02-2022
6008,Consumer,29-12-2023
6009,Consumer,13-03-2022
6010,Corporate,09-11-2022
6011,Consumer,21-02-2023
6012,Small Business,23-09-2022
6013,Consumer,10-12-2022
6014,Small Business,26-04-2023
6015,Consumer,01-09-2023
6016,Consumer,29-09-2023
6017,Consumer,07-05-2024
6018,Small Business,22-11-2023
6019,Consumer,31-12-2023
6020,Consumer,07-05-2024
6021,Consumer,13-02-2022
6022,Consumer,06-01-2023
6023,Consumer,06-10-2023
6024,Corporate,26-11-2024
6025,Small Business,15-03-2023
6026,Consumer,20-11-2024
6027,Corporate,18-02-2022
6028,Consumer,25-03-2023
6029,Consumer,10-04-2023
6030,Consumer,31-12-2023
6031,Consumer,19-10-2023
6032,Consumer,25-02-2023
6033,Consumer,23-09-2022
6034,Consumer,28-11-2023
6035,Consumer,21-07-2022
6036,Consumer,15-05-2023
6037,Consumer,14-11-2023
6038,Consumer,22-01-2024
6039,Consumer,08-10-2023
6040,Consumer,14-03-2024
6041,Small Business,17-11-2023
6042,Consumer,21-01-2023
6043,Consumer,14-12-2023
6044,Consumer,26-05-2022
6045,Consumer,28-03-2023
6046,Consumer,21-12-2024
6047,Consumer,08-10-2024
6048,Small Business,02-04-2023
6049,Small Business,06-06-2022
6050,Consumer,08-09-2024
6051,Consumer,02-10-2023
6052,Consumer,02-05-2022
6053,Consumer,01-10-2022
6054,Small Business,27-06-2023
6055,Consumer,05-12-2024
6056,Corporate,29-10-2022
6057,Small Business,19-04-2024
6058,Corporate,14-09-2022
6059,Consumer,02-03-2024
6060,Small Business,30-12-2022
6061,Consumer,15-09-2022
6062,Consumer,12-04-2022
6063,Corporate,02-04-2022
6064,Consumer,01-07-2023
6065,Small Business,18-01-2022
6066,Small Business,22-06-2024
6067,Consumer,14-04-2024
6068,Consumer,10-10-2022
6069,Consumer,25-03-2023
6070,Corporate,18-08-2022
6071,Consumer,02-10-2022
6072,Small Business,18-06-2022
6073,Consumer,17-08-2024
6074,Consumer,23-02-2024
6075,Small Business,23-04-2022
6076,Small Business,25-12-2022
6077,Consumer,28-02-2022
6078,Small Business,20-07-2024
6079,Consumer,20-03-2024
6080,Consumer,28-05-2024
6081,Small Business,07-09-2024
6082,Corporate,03-10-2024
6083,Small Business,28-07-2022
6084,Small Business,27-01-2023
6085,Consumer,20-05-2024
6086,Consumer,30-04-2022
6087,Consumer,27-01-2022
6088,Corporate,06-12-2023
6089,Consumer,15-12-2022
6090,Corporate,24-09-2022
6091,Small Business,21-12-2023
6092,Small Business,19-10-2024
6093,Consumer,04-08-2022
6094,Corporate,30-09-2023
6095,Consumer,22-03-2022
6096,Consumer,28-01-2022
6097,Consumer,05-02-2023
6098,Consumer,22-07-2022
6099,Consumer,25-06-2023
6100,Consumer,17-10-2022
6101,Corporate,31-05-2024
6102,Corporate,01-11-2024
6103,Consumer,05-07-2022
6104,Corporate,09-05-2023
6105,Small Business,02-05-2022
6106,Corporate,19-06-2022
6107,Corporate,01-02-2023
6108,Small Business,28-03-2022
6109,Small Business,26-07-2022
6110,Corporate,15-11-2022
6111,Corporate,30-04-2022
6112,Small Business,09-09-2023
6113,Consumer,06-11-2022
6114,Corporate,19-01-2022
6115,Small Business,03-11-2024
6116,Corporate,21-07-2024
6117,Consumer,21-02-2022
6118,Consumer,18-04-2023
6119,Consumer,25-03-2023
6120,Corporate,25-02-2022
6121,Small Business,04-03-2024
6122,Consumer,31-08-2022
6123,Corporate,17-11-2022
6124,Small Business,24-06-2022
6125,Corporate,17-03-2023
6126,Consumer,18-11-2024
6127,Corporate,07-02-2022
6128,Corporate,12-09-2023
6129,Small Business,05-08-2024
6130,Consumer,27-03-2023
6131,Consumer,31-03-2022
6132,Consumer,30-08-2024
6133,Consumer,14-12-2022
6134,Consumer,27-06-2024
6135,Small Business,17-11-2024
6136,Consumer,22-05-2024
6137,Small Business,22-03-2022
6138,Consumer,01-09-2023
6139,Consumer,08-03-2023
6140,Consumer,11-08-2022
6141,Consumer,26-06-2024
6142,Consumer,12-07-2024
6143,Consumer,08-08-2024
6144,Corporate,01-09-2024
6145,Consumer,17-08-2023
6146,Consumer,26-03-2023
6147,Consumer,28-09-2023
6148,Consumer,30-05-2022
6149,Consumer,11-12-2024
6150,Consumer,08-12-2024
6151,Consumer,09-12-2022
6152,Consumer,08-07-2024
6153,Consumer,29-04-2023
6154,Consumer,28-01-2023
6155,Consumer,19-03-2022
6156,Consumer,20-06-2023
6157,Consumer,30-01-2022
6158,Small Business,31-12-2023
6159,Consumer,25-05-2024
6160,Consumer,12-05-2022
6161,Consumer,16-11-2024
6162,Consumer,13-06-2022
6163,Consumer,04-10-2022
6164,Consumer,27-08-2023
6165,Consumer,12-05-2022
6166,Consumer,30-10-2023
6167,Small Business,10-04-2022
6168,Corporate,02-07-2024
6169,Corporate,24-05-2023
6170,Consumer,04-01-2022
6171,Consumer,08-10-2022
6172,Consumer,10-05-2022
6173,Small Business,25-05-2022
6174,Consumer,03-09-2024
6175,Consumer,20-01-2024
6176,Consumer,09-11-2022
6177,Corporate,11-04-2024
6178,Consumer,03-06-2022
6179,Corporate,06-08-2022
6180,Consumer,31-05-2023
6181,Consumer,14-08-2024
6182,Consumer,28-02-2024
6183,Small Business,13-08-2022
6184,Consumer,18-05-2022
6185,Consumer,03-06-2022
6186,Small Business,12-03-2023
6187,Small Business,09-07-2023
6188,Small Business,09-09-2022
6189,Small Business,19-12-2023
6190,Consumer,10-01-2024
6191,Corporate,25-09-2023
6192,Consumer,04-07-2022
6193,Small Business,01-07-2023
6194,Consumer,26-06-2023
6195,Consumer,11-12-2024
6196,Consumer,12-02-2023
6197,Corporate,24-01-2024
6198,Consumer,15-04-2024
6199,Consumer,01-10-2023
6200,Consumer,06-06-2023
6201,Corporate,20-04-2022
6202,Small Business,21-04-2023
6203,Consumer,30-03-2023
6204,Corporate,18-11-2023
6205,Corporate,16-08-2022
6206,Consumer,19-03-2024
6207,Small Business,15-10-2022
6208,Consumer,06-10-2023
6209,Small Business,22-01-2024
6210,Consumer,20-04-2023
6211,Consumer,28-04-2023
6212,Small Business,14-06-2022
6213,Consumer,11-05-2024
6214,Consumer,30-10-2024
6215,Consumer,23-01-2022
6216,Consumer,17-03-2024
6217,Small Business,18-01-2022
6218,Consumer,20-07-2022
6219,Consumer,18-12-2024
6220,Corporate,02-12-2024
6221,Consumer,15-03-2023
6222,Small Business,31-10-2022
6223,Corporate,05-06-2023
6224,Consumer,21-06-2024
6225,Consumer,28-01-2023
6226,Corporate,03-05-2022
6227,Consumer,30-04-2023
6228,Corporate,31-10-2022
6229,Consumer,31-08-2024
6230,Small Business,19-07-2024
6231,Consumer,05-01-2023
6232,Small Business,27-09-2024
6233,Small Business,19-03-2022
6234,Corporate,08-03-2023
6235,Consumer,05-01-2022
6236,Consumer,02-03-2024
6237,Consumer,31-01-2022
6238,Small Business,14-11-2022
6239,Small Business,20-11-2024
6240,Consumer,06-04-2023
6241,Consumer,25-09-2022
6242,Consumer,02-06-2024
6243,Consumer,22-03-2022
6244,Small Business,05-10-2022
6245,Small Business,27-06-2023
6246,Small Business,12-01-2022
6247,Small Business,18-11-2022
6248,Corporate,17-01-2024
6249,Consumer,26-12-2024
6250,Small Business,12-09-2022
6251,Small Business,11-05-2023
6252,Consumer,23-09-2024
6253,Corporate,06-06-2024
6254,Corporate,16-04-2022
6255,Consumer,05-11-2024
6256,Corporate,28-06-2024
6257,Corporate,25-09-2024
6258,Consumer,03-01-2022
6259,Consumer,30-07-2023
6260,Consumer,12-07-2024
6261,Corporate,27-07-2023
6262,Small Business,10-05-2024
6263,Corporate,10-10-2022
6264,Corporate,17-10-2023
6265,Consumer,08-03-2023
6266,Consumer,03-10-2023
6267,Corporate,06-03-2023
6268,Corporate,08-05-2023
6269,Consumer,07-04-2022
6270,Corporate,10-11-2022
6271,Corporate,27-03-2022
6272,Consumer,17-10-2023
6273,Consumer,28-05-2022
6274,Consumer,27-05-2022
6275,Consumer,29-12-2023
6276,Consumer,29-04-2024
6277,Consumer,16-10-2024
6278,Consumer,20-04-2024
6279,Consumer,12-01-2024
6280,Consumer,01-05-2024
6281,Small Business,02-04-2024
6282,Corporate,15-07-2022
6283,Consumer,19-09-2023
6284,Consumer,02-05-2022
6285,Consumer,10-01-2024
6286,Consumer,18-09-2024
6287,Consumer,07-09-2022
6288,Consumer,01-10-2023
6289,Consumer,18-05-2022
6290,Consumer,06-06-2024
6291,Consumer,03-01-2023
6292,Small Business,16-12-2023
6293,Consumer,17-04-2023
6294,Consumer,29-03-2023
6295,Consumer,12-02-2022
6296,Small Business,16-02-2024
6297,Corporate,13-10-2024
6298,Consumer,14-10-2024
6299,Consumer,23-03-2022
6300,Small Business,19-10-2024
6301,Consumer,23-07-2022
6302,Consumer,20-09-2023
6303,Small Business,26-06-2024
6304,Small Business,29-06-2024
6305,Corporate,25-11-2022
6306,Consumer,05-07-2022
6307,Small Business,25-01-2024
6308,Corporate,09-06-2023
6309,Corporate,30-04-2022
6310,Consumer,26-07-2024
6311,Consumer,18-01-2023
6312,Consumer,25-11-2023
6313,Consumer,26-06-2024
6314,Consumer,15-03-2024
6315,Consumer,04-05-2024
6316,Small Business,17-11-2022
6317,Small Business,05-02-2023
6318,Consumer,11-01-2023
6319,Corporate,17-04-2023
6320,Small Business,18-11-2022
6321,Consumer,13-12-2024
6322,Consumer,21-05-2024
6323,Consumer,10-04-2022
6324,Corporate,04-07-2024
6325,Consumer,19-10-2023
6326,Small Business,12-02-2024
6327,Consumer,13-08-2023
6328,Corporate,09-09-2024
6329,Small Business,14-12-2022
6330,Consumer,07-08-2022
6331,Consumer,06-06-2024
6332,Small Business,06-06-2022
6333,Corporate,22-04-2022
6334,Small Business,26-10-2024
6335,Consumer,23-08-2024
6336,Small Business,02-07-2022
6337,Small Business,23-04-2022
6338,Small Business,05-02-2022
6339,Consumer,10-05-2024
6340,Small Business,21-08-2024
6341,Consumer,16-11-2023
6342,Consumer,23-05-2022
6343,Consumer,26-10-2023
6344,Consumer,07-08-2024
6345,Consumer,29-12-2024
6346,Consumer,22-05-2022
6347,Small Business,09-08-2023
6348,Consumer,20-03-2023
6349,Consumer,02-12-2024
6350,Corporate,03-01-2022
6351,Small Business,24-01-2023
6352,Corporate,03-12-2022
6353,Consumer,06-07-2024
6354,Consumer,24-04-2024
6355,Consumer,29-06-2024
6356,Corporate,28-01-2024
6357,Consumer,22-07-2023
6358,Consumer,17-02-2023
6359,Corporate,11-10-2023
6360,Consumer,14-07-2022
6361,Consumer,07-06-2023
6362,Corporate,04-05-2022
6363,Consumer,19-08-2024
6364,Corporate,20-04-2024
6365,Small Business,09-01-2023
6366,Corporate,17-06-2022
6367,Consumer,22-03-2022
6368,Consumer,06-03-2023
6369,Consumer,14-09-2023
6370,Consumer,21-06-2023
6371,Consumer,19-06-2023
6372,Consumer,08-11-2023
6373,Consumer,05-06-2023
6374,Consumer,14-06-2024
6375,Corporate,01-07-2023
6376,Small Business,29-05-2022
6377,Consumer,29-10-2024
6378,Consumer,23-11-2024
6379,Corporate,17-03-2022
6380,Corporate,26-10-2024
6381,Consumer,10-04-2024
6382,Corporate,02-03-2022
6383,Consumer,27-08-2024
6384,Small Business,26-10-2023
6385,Small Business,05-03-2024
6386,Consumer,07-02-2024
6387,Consumer,10-03-2023
6388,Consumer,06-09-2023
6389,Consumer,20-06-2024
6390,Consumer,26-10-2024
6391,Consumer,02-03-2023
6392,Small Business,23-10-2022
6393,Small Business,13-01-2022
6394,Small Business,02-10-2022
6395,Consumer,04-02-2022
6396,Consumer,16-08-2024
6397,Consumer,23-07-2024
6398,Consumer,03-04-2024
6399,Consumer,27-05-2024
6400,Consumer,31-10-2023
6401,Consumer,21-12-2024
6402,Consumer,09-06-2023
6403,Consumer,05-02-2023
6404,Consumer,25-10-2024
6405,Consumer,19-09-2024
6406,Consumer,28-10-2024
6407,Corporate,30-08-2023
6408,Consumer,21-04-2023
6409,Consumer,13-10-2022
6410,Corporate,02-06-2024
6411,Small Business,08-05-2024
6412,Corporate,15-02-2024
6413,Consumer,30-07-2024
6414,Consumer,15-03-2023
6415,Consumer,18-08-2022
6416,Corporate,03-03-2023
6417,Small Business,28-04-2022
6418,Consumer,06-09-2024
6419,Small Business,05-03-2024
6420,Consumer,21-01-2024
6421,Small Business,30-09-2023
6422,Corporate,14-12-2023
6423,Small Business,30-01-2024
6424,Corporate,22-07-2024
6425,Small Business,13-03-2024
6426,Consumer,31-03-2024
6427,Corporate,26-09-2024
6428,Consumer,06-10-2023
6429,Consumer,04-09-2023
6430,Consumer,04-08-2022
6431,Corporate,17-04-2024
6432,Small Business,02-10-2022
6433,Consumer,04-01-2023
6434,Consumer,25-02-2022
6435,Consumer,02-09-2023
6436,Small Business,30-05-2023
6437,Small Business,27-11-2022
6438,Consumer,15-01-2024
6439,Consumer,16-12-2022
6440,Small Business,03-04-2024
6441,Corporate,04-06-2022
6442,Consumer,19-12-2024
6443,Consumer,26-11-2024
6444,Consumer,20-06-2022
6445,Small Business,19-03-2024
6446,Small Business,19-03-2024
6447,Small Business,31-12-2022
6448,Corporate,19-08-2023
6449,Consumer,26-01-2022
6450,Consumer,12-09-2023
6451,Small Business,17-07-2024
6452,Consumer,24-05-2024
6453,Corporate,03-02-2024
6454,Corporate,12-08-2022
6455,Consumer,01-10-2024
6456,Corporate,05-04-2022
6457,Consumer,12-08-2024
6458,Small Business,30-06-2024
6459,Small Business,31-08-2024
6460,Corporate,17-04-2023
6461,Corporate,04-02-2022
6462,Consumer,09-11-2022
6463,Small Business,29-05-2023
6464,Consumer,13-10-2024
6465,Consumer,15-10-2023
6466,Corporate,24-09-2022
6467,Consumer,07-02-2024
6468,Consumer,26-03-2023
6469,Consumer,05-02-2022
6470,Corporate,11-10-2022
6471,Consumer,21-02-2024
6472,Consumer,20-06-2024
6473,Corporate,11-05-2023
6474,Consumer,31-05-2022
6475,Small Business,29-08-2024
6476,Consumer,06-01-2022
6477,Consumer,19-08-2023
6478,Consumer,26-05-2022
6479,Consumer,17-04-2024
6480,Consumer,22-03-2023
6481,Corporate,09-08-2022
6482,Consumer,07-11-2023
6483,Consumer,05-09-2022
6484,Corporate,09-04-2024
6485,Consumer,28-03-2022
6486,Consumer,16-06-2024
6487,Small Business,04-12-2024
6488,Consumer,27-04-2022
6489,Small Business,18-11-2024
6490,Consumer,24-10-2024
6491,Consumer,20-01-2024
6492,Corporate,09-11-2022
6493,Small Business,01-11-2023
6494,Small Business,28-02-2024
6495,Small Business,16-07-2024
6496,Consumer,02-10-2024
6497,Consumer,06-06-2024
6498,Small Business,04-12-2022
6499,Consumer,22-10-2024
6500,Small Business,20-05-2023
6501,Consumer,09-03-2022
6502,Consumer,07-09-2022
6503,Consumer,11-11-2022
6504,Corporate,12-11-2022
6505,Consumer,07-01-2024
6506,Consumer,09-01-2024
6507,Consumer,13-10-2023
6508,Small Business,20-08-2022
6509,Corporate,22-01-2023
6510,Consumer,17-11-2024
6511,Consumer,31-07-2023
6512,Consumer,26-06-2023
6513,Small Business,01-11-2023
6514,Consumer,11-06-2024
6515,Consumer,10-12-2024
6516,Consumer,23-04-2024
6517,Consumer,23-02-2023
6518,Small Business,08-01-2024
6519,Consumer,31-12-2023
6520,Corporate,12-03-2022
6521,Consumer,02-01-2022
6522,Small Business,08-05-2022
6523,Consumer,31-01-2022
6524,Consumer,07-04-2024
6525,Consumer,07-11-2022
6526,Consumer,11-01-2024
6527,Small Business,20-02-2023
6528,Small Business,07-01-2022
6529,Consumer,22-05-2023
6530,Corporate,31-05-2023
6531,Corporate,04-01-2022
6532,Consumer,12-07-2023
6533,Consumer,09-06-2024
6534,Consumer,29-04-2023
6535,Corporate,31-07-2023
6536,Corporate,13-06-2022
6537,Corporate,30-10-2024
6538,Small Business,18-12-2024
6539,Consumer,18-02-2024
6540,Consumer,08-09-2024
6541,Small Business,05-11-2022
6542,Consumer,02-02-2022
6543,Consumer,12-09-2024
6544,Consumer,17-01-2022
6545,Consumer,19-07-2023
6546,Small Business,23-12-2023
6547,Consumer,06-09-2022
6548,Consumer,14-09-2024
6549,Consumer,16-07-2024
6550,Consumer,12-05-2024
6551,Consumer,26-11-2022
6552,Consumer,02-04-2022
6553,Consumer,15-07-2024
6554,Consumer,02-12-2024
6555,Consumer,28-04-2023
6556,Consumer,28-08-2022
6557,Corporate,08-09-2023
6558,Consumer,05-12-2024
6559,Corporate,28-09-2022
6560,Corporate,20-04-2022
6561,Consumer,12-12-2023
6562,Small Business,23-07-2023
6563,Consumer,08-03-2022
6564,Consumer,07-07-2022
6565,Consumer,08-07-2023
6566,Consumer,18-02-2024
6567,Consumer,27-06-2024
6568,Consumer,07-12-2022
6569,Consumer,11-08-2023
6570,Consumer,07-01-2022
6571,Consumer,01-07-2024
6572,Consumer,26-06-2022
6573,Consumer,22-04-2024
6574,Consumer,03-04-2023
6575,Consumer,02-10-2022
6576,Consumer,30-08-2022
6577,Consumer,09-07-2023
6578,Consumer,10-09-2022
6579,Consumer,07-03-2023
6580,Small Business,22-09-2024
6581,Corporate,05-01-2023
6582,Corporate,07-02-2023
6583,Consumer,11-10-2023
6584,Consumer,18-07-2023
6585,Small Business,06-11-2023
6586,Consumer,21-09-2023
6587,Small Business,29-12-2023
6588,Small Business,24-11-2023
6589,Consumer,08-04-2022
6590,Corporate,12-06-2024
6591,Corporate,25-05-2022
6592,Consumer,05-09-2022
6593,Consumer,10-07-2023
6594,Small Business,24-06-2023
6595,Small Business,03-12-2022
6596,Consumer,29-08-2023
6597,Consumer,04-06-2024
6598,Consumer,23-04-2024
6599,Corporate,26-06-2023
6600,Consumer,13-10-2024
6601,Consumer,20-10-2022
6602,Consumer,13-04-2023
6603,Small Business,14-05-2023
6604,Corporate,11-03-2022
6605,Corporate,11-12-2022
6606,Consumer,22-04-2024
6607,Consumer,16-11-2023
6608,Consumer,05-03-2023
6609,Consumer,15-09-2022
6610,Consumer,21-01-2024
6611,Consumer,30-06-2022
6612,Consumer,21-01-2023
6613,Consumer,19-08-2022
6614,Corporate,01-08-2023
6615,Consumer,05-02-2022
6616,Corporate,23-03-2024
6617,Small Business,18-08-2023
6618,Consumer,23-09-2022
6619,Consumer,05-08-2022
6620,Consumer,06-06-2024
6621,Consumer,12-06-2023
6622,Small Business,01-06-2023
6623,Consumer,15-12-2023
6624,Consumer,27-08-2024
6625,Corporate,12-01-2023
6626,Consumer,18-07-2024
6627,Consumer,25-11-2023
6628,Small Business,18-12-2023
6629,Corporate,25-02-2022
6630,Consumer,19-06-2024
6631,Small Business,29-05-2023
6632,Consumer,06-09-2023
6633,Corporate,27-05-2023
6634,Consumer,05-07-2024
6635,Corporate,23-06-2024
6636,Corporate,02-10-2023
6637,Consumer,22-12-2022
6638,Small Business,31-07-2023
6639,Small Business,16-05-2023
6640,Corporate,12-06-2022
6641,Small Business,19-03-2023
6642,Consumer,06-10-2023
6643,Consumer,18-03-2023
6644,Consumer,10-03-2022
6645,Consumer,07-03-2023
6646,Small Business,17-01-2023
6647,Consumer,30-07-2022
6648,Consumer,31-10-2023
6649,Small Business,11-11-2024
6650,Consumer,09-05-2023
6651,Corporate,21-11-2023
6652,Consumer,21-12-2024
6653,Corporate,10-01-2022
6654,Consumer,12-01-2024
6655,Consumer,11-02-2024
6656,Consumer,29-08-2022
6657,Small Business,29-05-2022
6658,Consumer,11-05-2024
6659,Corporate,10-09-2024
6660,Consumer,30-03-2024
6661,Corporate,22-01-2023
6662,Consumer,13-12-2024
6663,Small Business,15-07-2023
6664,Corporate,02-01-2022
6665,Consumer,11-05-2023
6666,Consumer,24-05-2022
6667,Consumer,19-12-2023
6668,Small Business,17-07-2023
6669,Consumer,06-09-2023
6670,Small Business,17-01-2024
6671,Consumer,20-10-2023
6672,Consumer,25-01-2024
6673,Corporate,31-05-2023
6674,Consumer,01-02-2022
6675,Consumer,15-02-2024
6676,Consumer,01-03-2024
6677,Consumer,14-05-2023
6678,Consumer,30-08-2024
6679,Consumer,02-07-2022
6680,Consumer,09-07-2024
6681,Consumer,26-03-2023
6682,Consumer,15-04-2023
6683,Consumer,27-05-2023
6684,Consumer,23-08-2024
6685,Small Business,01-04-2024
6686,Corporate,24-04-2023
6687,Consumer,19-09-2022
6688,Small Business,01-06-2023
6689,Consumer,04-03-2022
6690,Corporate,20-08-2023
6691,Small Business,04-01-2022
6692,Consumer,21-10-2024
6693,Consumer,19-08-2023
6694,Small Business,29-09-2022
6695,Consumer,03-03-2022
6696,Consumer,14-10-2022
6697,Consumer,10-08-2024
6698,Consumer,15-11-2023
6699,Corporate,31-05-2023
6700,Small Business,10-02-2023
6701,Consumer,02-01-2024
6702,Corporate,28-04-2022
6703,Consumer,03-12-2024
6704,Corporate,26-06-2023
6705,Consumer,31-07-2023
6706,Consumer,22-08-2023
6707,Corporate,11-07-2022
6708,Small Business,26-02-2022
6709,Consumer,26-07-2022
6710,Small Business,05-12-2023
6711,Consumer,18-01-2024
6712,Small Business,20-07-2022
6713,Consumer,06-11-2022
6714,Consumer,17-07-2024
6715,Corporate,08-09-2023
6716,Small Business,31-12-2022
6717,Corporate,22-10-2022
6718,Corporate,29-06-2024
6719,Small Business,05-05-2023
6720,Small Business,11-07-2023
6721,Consumer,09-11-2024
6722,Consumer,05-04-2023
6723,Small Business,01-04-2023
6724,Consumer,01-06-2022
6725,Corporate,11-12-2022
6726,Consumer,02-07-2023
6727,Corporate,08-05-2022
6728,Consumer,13-05-2022
6729,Consumer,23-05-2022
6730,Corporate,05-12-2023
6731,Consumer,28-06-2023
6732,Consumer,17-07-2022
6733,Consumer,26-01-2023
6734,Corporate,30-03-2022
6735,Consumer,18-09-2022
6736,Small Business,22-07-2022
6737,Corporate,27-03-2022
6738,Small Business,31-03-2022
6739,Consumer,13-09-2023
6740,Consumer,28-04-2023
6741,Consumer,30-03-2022
6742,Consumer,07-07-2023
6743,Small Business,21-03-2022
6744,Small Business,26-12-2023
6745,Corporate,01-11-2024
6746,Corporate,28-12-2024
6747,Consumer,18-12-2024
6748,Corporate,23-01-2022
6749,Small Business,04-05-2022
6750,Consumer,08-04-2024
6751,Consumer,16-08-2024
6752,Consumer,13-12-2022
6753,Small Business,06-01-2024
6754,Small Business,24-05-2023
6755,Consumer,23-11-2022
6756,Consumer,28-01-2023
6757,Consumer,04-05-2023
6758,Consumer,11-03-2024
6759,Consumer,03-05-2023
6760,Consumer,15-02-2022
6761,Consumer,31-01-2024
6762,Consumer,23-03-2023
6763,Small Business,28-09-2024
6764,Corporate,22-05-2023
6765,Consumer,09-12-2022
6766,Small Business,21-10-2024
6767,Small Business,06-08-2022
6768,Small Business,29-06-2023
6769,Consumer,20-11-2022
6770,Consumer,29-07-2024
6771,Small Business,11-12-2023
6772,Small Business,10-07-2022
6773,Consumer,27-12-2022
6774,Corporate,14-10-2024
6775,Corporate,12-10-2023
6776,Consumer,02-10-2022
6777,Corporate,10-11-2022
6778,Consumer,11-04-2023
6779,Corporate,30-03-2022
6780,Consumer,26-12-2023
6781,Consumer,12-06-2024
6782,Consumer,28-07-2022
6783,Consumer,18-07-2023
6784,Consumer,08-02-2022
6785,Consumer,27-07-2023
6786,Consumer,22-04-2023
6787,Consumer,09-02-2024
6788,Consumer,09-05-2023
6789,Consumer,03-04-2023
6790,Consumer,12-02-2024
6791,Consumer,30-03-2023
6792,Consumer,30-08-2023
6793,Consumer,19-08-2023
6794,Consumer,22-12-2022
6795,Small Business,23-11-2023
6796,Consumer,17-07-2022
6797,Consumer,20-12-2023
6798,Consumer,06-08-2022
6799,Corporate,28-12-2024
6800,Consumer,10-09-2024
6801,Corporate,30-08-2024
6802,Consumer,20-08-2022
6803,Corporate,26-05-2022
6804,Corporate,13-10-2024
6805,Corporate,26-08-2023
6806,Consumer,30-08-2023
6807,Consumer,29-12-2022
6808,Small Business,26-08-2023
6809,Corporate,21-02-2022
6810,Consumer,30-11-2023
6811,Consumer,31-05-2023
6812,Small Business,07-04-2024
6813,Consumer,22-07-2023
6814,Small Business,26-11-2024
6815,Consumer,11-03-2022
6816,Consumer,03-03-2024
6817,Corporate,22-07-2023
6818,Consumer,21-09-2023
6819,Corporate,10-08-2023
6820,Corporate,28-09-2024
6821,Small Business,15-12-2022
6822,Consumer,12-12-2022
6823,Consumer,01-05-2022
6824,Corporate,30-01-2024
6825,Consumer,18-04-2022
6826,Consumer,28-04-2023
6827,Small Business,05-02-2024
6828,Corporate,06-06-2024
6829,Consumer,14-12-2022
6830,Consumer,27-05-2023
6831,Consumer,10-04-2024
6832,Consumer,05-02-2022
6833,Consumer,24-11-2022
6834,Consumer,20-02-2024
6835,Consumer,07-08-2023
6836,Consumer,09-11-2023
6837,Consumer,10-04-2024
6838,Consumer,03-03-2023
6839,Consumer,01-09-2023
6840,Corporate,06-09-2023
6841,Consumer,23-03-2023
6842,Consumer,08-02-2024
6843,Consumer,02-01-2023
6844,Consumer,26-06-2024
6845,Consumer,14-05-2022
6846,Corporate,02-06-2023
6847,Consumer,10-08-2022
6848,Consumer,01-03-2023
6849,Consumer,13-03-2024
6850,Corporate,18-08-2023
6851,Consumer,06-03-2022
6852,Small Business,19-08-2022
6853,Small Business,30-03-2024
6854,Corporate,03-01-2024
6855,Consumer,11-06-2023
6856,Corporate,25-08-2023
6857,Consumer,18-02-2023
6858,Consumer,13-04-2022
6859,Consumer,13-10-2024
6860,Small Business,30-09-2022
6861,Corporate,03-10-2022
6862,Consumer,08-11-2024
6863,Small Business,22-03-2023
6864,Consumer,23-12-2023
6865,Corporate,04-08-2023
6866,Consumer,26-10-2024
6867,Consumer,02-06-2024
6868,Consumer,21-05-2023
6869,Consumer,14-01-2022
6870,Small Business,15-05-2024
6871,Small Business,21-08-2022
6872,Consumer,26-08-2024
6873,Small Business,27-02-2024
6874,Consumer,31-05-2023
6875,Corporate,22-05-2024
6876,Consumer,02-06-2024
6877,Consumer,17-06-2023
6878,Consumer,15-11-2024
6879,Corporate,06-09-2022
6880,Consumer,30-11-2024
6881,Consumer,01-04-2023
6882,Corporate,22-08-2023
6883,Consumer,03-06-2024
6884,Consumer,03-04-2024
6885,Consumer,01-10-2022
6886,Consumer,03-06-2024
6887,Consumer,29-06-2024
6888,Consumer,29-11-2024
6889,Consumer,04-02-2022
6890,Consumer,17-12-2024
6891,Consumer,26-03-2023
6892,Corporate,02-03-2024
6893,Consumer,23-10-2023
6894,Small Business,17-02-2023
6895,Consumer,01-01-2023
6896,Corporate,13-11-2022
6897,Consumer,15-10-2023
6898,Consumer,10-08-2024
6899,Consumer,19-12-2024
6900,Small Business,07-06-2024
6901,Corporate,26-06-2023
6902,Consumer,04-07-2024
6903,Consumer,15-12-2023
6904,Consumer,19-03-2023
6905,Consumer,04-08-2024
6906,Corporate,07-03-2024
6907,Consumer,01-12-2022
6908,Consumer,29-10-2024
6909,Consumer,04-12-2022
6910,Consumer,08-07-2023
6911,Corporate,18-12-2022
6912,Consumer,07-06-2023
6913,Small Business,04-10-2023
6914,Consumer,04-12-2023
6915,Consumer,17-02-2024
6916,Corporate,24-04-2022
6917,Corporate,17-02-2024
6918,Consumer,29-04-2023
6919,Consumer,13-08-2023
6920,Consumer,07-06-2022
6921,Consumer,10-03-2022
6922,Consumer,22-05-2024
6923,Small Business,20-10-2024
6924,Consumer,05-08-2023
6925,Consumer,31-12-2023
6926,Small Business,23-08-2024
6927,Consumer,13-10-2024
6928,Consumer,08-03-2023
6929,Consumer,08-08-2022
6930,Consumer,24-06-2024
6931,Consumer,09-08-2022
6932,Consumer,09-12-2024
6933,Consumer,12-08-2023
6934,Consumer,19-08-2023
6935,Consumer,10-04-2024
6936,Corporate,25-11-2022
6937,Corporate,17-09-2023
6938,Corporate,09-11-2023
6939,Consumer,05-10-2024
6940,Consumer,02-12-2024
6941,Consumer,25-01-2023
6942,Small Business,27-04-2023
6943,Corporate,13-08-2024
6944,Consumer,20-10-2024
6945,Small Business,28-12-2022
6946,Consumer,03-04-2022
6947,Consumer,25-08-2022
6948,Consumer,04-10-2023
6949,Consumer,15-08-2024
6950,Consumer,03-04-2023
6951,Consumer,23-04-2024
6952,Consumer,21-12-2024
6953,Consumer,06-05-2024
6954,Consumer,20-08-2024
6955,Consumer,04-03-2023
6956,Consumer,14-08-2024
6957,Small Business,12-10-2022
6958,Small Business,25-10-2024
6959,Consumer,19-12-2022
6960,Consumer,23-09-2024
6961,Small Business,15-05-2022
6962,Consumer,10-08-2024
6963,Small Business,01-05-2024
6964,Corporate,18-03-2024
6965,Consumer,04-09-2023
6966,Corporate,30-10-2024
6967,Consumer,06-08-2022
6968,Consumer,05-11-2023
6969,Small Business,28-02-2024
6970,Small Business,07-12-2022
6971,Consumer,15-10-2023
6972,Small Business,30-07-2024
6973,Corporate,20-12-2023
6974,Consumer,07-05-2024
6975,Consumer,30-03-2022
6976,Consumer,23-05-2024
6977,Consumer,28-05-2023
6978,Corporate,04-10-2024
6979,Consumer,19-05-2023
6980,Consumer,05-03-2023
6981,Consumer,05-06-2024
6982,Consumer,04-12-2023
6983,Corporate,23-12-2023
6984,Consumer,08-12-2023
6985,Consumer,16-11-2023
6986,Consumer,13-11-2024
6987,Consumer,23-11-2024
6988,Consumer,05-07-2024
6989,Consumer,31-01-2022
6990,Corporate,29-04-2023
6991,Consumer,05-06-2022
6992,Consumer,23-09-2023
6993,Consumer,11-11-2022
6994,Consumer,19-02-2022
6995,Consumer,15-08-2022
6996,Consumer,04-12-2023
6997,Consumer,13-02-2024
6998,Consumer,13-05-2024
6999,Consumer,30-11-2022
7000,Consumer,04-03-2022
7001,Consumer,30-04-2023
7002,Corporate,20-01-2024
7003,Consumer,30-01-2023
7004,Small Business,10-01-2022
7005,Consumer,11-02-2022
7006,Consumer,25-11-2022
7007,Small Business,21-06-2022
7008,Consumer,23-11-2022
7009,Consumer,18-03-2024
7010,Corporate,25-01-2023
7011,Consumer,18-08-2023
7012,Consumer,04-07-2022
7013,Consumer,29-03-2022
7014,Consumer,04-03-2022
7015,Consumer,03-05-2023
7016,Consumer,03-01-2024
7017,Consumer,05-01-2022
7018,Small Business,21-06-2022
7019,Small Business,03-08-2024
7020,Consumer,16-05-2022
7021,Consumer,09-09-2022
7022,Consumer,14-10-2023
7023,Consumer,22-04-2023
7024,Small Business,29-11-2022
7025,Small Business,17-02-2024
7026,Small Business,24-02-2024
7027,Small Business,07-04-2022
7028,Small Business,20-03-2022
7029,Consumer,08-02-2023
7030,Consumer,13-11-2024
7031,Small Business,23-03-2024
7032,Consumer,08-02-2024
7033,Consumer,28-12-2022
7034,Consumer,06-01-2023
7035,Consumer,08-02-2022
7036,Consumer,10-08-2024
7037,Small Business,17-10-2024
7038,Small Business,17-01-2023
7039,Consumer,13-11-2023
7040,Consumer,10-07-2022
7041,Consumer,05-11-2024
7042,Consumer,08-04-2023
7043,Consumer,11-11-2023
7044,Consumer,20-06-2024
7045,Small Business,28-04-2023
7046,Corporate,27-07-2023
7047,Corporate,23-12-2022
7048,Corporate,05-05-2024
7049,Consumer,01-08-2022
7050,Consumer,05-11-2023
7051,Consumer,04-02-2024
7052,Consumer,17-05-2022
7053,Consumer,29-01-2023
7054,Small Business,13-07-2023
7055,Corporate,20-09-2022
7056,Consumer,20-06-2022
7057,Small Business,30-06-2024
7058,Consumer,31-08-2022
7059,Consumer,12-01-2022
7060,Consumer,06-04-2023
7061,Corporate,19-05-2024
7062,Corporate,11-12-2023
7063,Consumer,30-10-2023
7064,Consumer,10-09-2023
7065,Consumer,16-11-2023
7066,Small Business,13-08-2023
7067,Small Business,05-12-2022
7068,Consumer,26-09-2023
7069,Corporate,28-05-2023
7070,Consumer,16-11-2023
7071,Small Business,27-08-2023
7072,Corporate,23-09-2024
7073,Consumer,28-08-2022
7074,Consumer,07-05-2023
7075,Consumer,26-11-2024
7076,Small Business,21-01-2023
7077,Consumer,26-01-2024
7078,Consumer,19-07-2024
7079,Consumer,17-02-2022
7080,Corporate,28-07-2024
7081,Consumer,16-02-2022
7082,Corporate,14-08-2024
7083,Consumer,11-08-2024
7084,Consumer,19-09-2022
7085,Consumer,02-02-2022
7086,Consumer,17-10-2023
7087,Corporate,01-11-2022
7088,Consumer,12-02-2023
7089,Corporate,02-10-2024
7090,Consumer,18-01-2022
7091,Small Business,04-10-2022
7092,Consumer,09-11-2022
7093,Consumer,29-12-2023
7094,Small Business,27-09-2024
7095,Consumer,10-06-2022
7096,Consumer,13-04-2022
7097,Consumer,21-06-2023
7098,Consumer,01-07-2024
7099,Consumer,01-05-2023
7100,Consumer,05-06-2023
7101,Corporate,19-10-2022
7102,Small Business,22-08-2022
7103,Consumer,28-11-2022
7104,Consumer,26-08-2023
7105,Consumer,12-04-2023
7106,Small Business,21-09-2024
7107,Small Business,16-04-2022
7108,Consumer,24-04-2022
7109,Consumer,09-12-2023
7110,Consumer,27-06-2023
7111,Consumer,27-01-2023
7112,Consumer,21-06-2023
7113,Corporate,10-03-2022
7114,Consumer,22-10-2024
7115,Consumer,10-02-2023
7116,Consumer,26-05-2024
7117,Consumer,06-07-2022
7118,Consumer,16-05-2022
7119,Consumer,13-07-2024
7120,Small Business,25-09-2022
7121,Consumer,24-08-2023
7122,Consumer,26-09-2023
7123,Consumer,16-03-2022
7124,Consumer,16-02-2022
7125,Small Business,26-12-2023
7126,Corporate,09-08-2023
7127,Small Business,07-08-2022
7128,Consumer,08-10-2022
7129,Consumer,02-04-2024
7130,Corporate,11-02-2023
7131,Consumer,19-03-2023
7132,Consumer,09-04-2023
7133,Consumer,14-04-2023
7134,Consumer,24-10-2023
7135,Consumer,07-08-2022
7136,Consumer,06-08-2022
7137,Consumer,04-04-2023
7138,Consumer,10-12-2023
7139,Consumer,25-06-2024
7140,Consumer,22-07-2022
7141,Consumer,10-10-2023
7142,Consumer,17-07-2024
7143,Consumer,05-11-2024
7144,Consumer,08-05-2024
7145,Consumer,30-04-2022
7146,Corporate,28-12-2024
7147,Small Business,15-11-2024
7148,Consumer,29-03-2023
7149,Consumer,21-02-2023
7150,Consumer,28-08-2022
7151,Consumer,06-08-2023
7152,Small Business,05-05-2023
7153,Consumer,05-01-2024
7154,Corporate,31-12-2023
7155,Consumer,04-04-2022
7156,Consumer,02-07-2023
7157,Consumer,17-10-2022
7158,Consumer,21-08-2022
7159,Consumer,18-02-2022
7160,Consumer,11-01-2023
7161,Consumer,24-07-2023
7162,Consumer,08-03-2023
7163,Consumer,27-03-2023
7164,Consumer,21-04-2024
7165,Corporate,22-01-2022
7166,Consumer,21-01-2024
7167,Corporate,25-02-2024
7168,Consumer,08-06-2024
7169,Consumer,22-02-2024
7170,Consumer,21-08-2024
7171,Consumer,17-07-2023
7172,Consumer,18-09-2022
7173,Small Business,18-05-2022
7174,Small Business,25-06-2023
7175,Consumer,11-10-2023
7176,Small Business,14-08-2022
7177,Consumer,21-11-2024
7178,Consumer,27-06-2023
7179,Consumer,12-04-2023
7180,Corporate,25-03-2022
7181,Small Business,27-07-2024
7182,Consumer,29-03-2024
7183,Consumer,25-07-2024
7184,Consumer,25-10-2023
7185,Small Business,09-03-2023
7186,Consumer,20-11-2023
7187,Consumer,16-10-2023
7188,Consumer,09-09-2024
7189,Corporate,21-05-2024
7190,Corporate,20-10-2024
7191,Consumer,01-01-2023
7192,Consumer,14-04-2022
7193,Consumer,09-05-2024
7194,Corporate,01-11-2024
7195,Small Business,25-05-2022
7196,Small Business,22-10-2023
7197,Consumer,22-06-2022
7198,Consumer,28-01-2023
7199,Consumer,16-11-2024
7200,Consumer,29-08-2022
7201,Corporate,07-09-2023
7202,Consumer,20-11-2022
7203,Corporate,28-04-2024
7204,Consumer,14-07-2022
7205,Consumer,13-02-2022
7206,Corporate,23-05-2024
7207,Small Business,23-10-2022
7208,Consumer,21-01-2022
7209,Consumer,27-06-2023
7210,Corporate,01-01-2024
7211,Consumer,21-08-2023
7212,Small Business,14-03-2022
7213,Corporate,09-04-2024
7214,Small Business,14-04-2023
7215,Consumer,01-03-2024
7216,Small Business,07-06-2023
7217,Consumer,18-10-2022
7218,Corporate,18-03-2023
7219,Consumer,20-11-2022
7220,Small Business,30-05-2024
7221,Small Business,25-06-2022
7222,Corporate,02-09-2022
7223,Corporate,08-06-2022
7224,Small Business,05-07-2022
7225,Consumer,15-03-2022
7226,Consumer,10-08-2024
7227,Consumer,17-01-2022
7228,Consumer,14-09-2024
7229,Consumer,25-05-2022
7230,Consumer,01-05-2024
7231,Consumer,02-08-2023
7232,Corporate,17-03-2023
7233,Consumer,18-02-2024
7234,Consumer,01-08-2024
7235,Consumer,05-06-2024
7236,Consumer,08-08-2024
7237,Corporate,14-10-2022
7238,Small Business,06-04-2022
7239,Consumer,10-10-2023
7240,Small Business,05-11-2022
7241,Corporate,16-07-2023
7242,Consumer,15-07-2023
7243,Consumer,04-09-2024
7244,Small Business,16-08-2022
7245,Consumer,05-12-2023
7246,Corporate,11-10-2022
7247,Small Business,21-08-2023
7248,Consumer,02-03-2024
7249,Consumer,04-04-2022
7250,Consumer,04-01-2022
7251,Consumer,26-05-2024
7252,Small Business,10-09-2024
7253,Consumer,29-07-2022
7254,Consumer,20-11-2023
7255,Consumer,11-08-2023
7256,Small Business,04-11-2023
7257,Consumer,10-07-2024
7258,Corporate,06-06-2023
7259,Consumer,23-01-2022
7260,Small Business,31-01-2024
7261,Consumer,02-03-2022
7262,Corporate,14-04-2023
7263,Small Business,23-10-2023
7264,Consumer,05-07-2022
7265,Consumer,10-12-2023
7266,Corporate,28-01-2022
7267,Consumer,06-08-2023
7268,Corporate,19-12-2024
7269,Small Business,16-12-2023
7270,Consumer,05-09-2023
7271,Small Business,18-10-2022
7272,Corporate,04-04-2022
7273,Small Business,13-07-2024
7274,Corporate,30-10-2024
7275,Consumer,02-03-2024
7276,Consumer,06-12-2022
7277,Corporate,23-01-2023
7278,Consumer,24-12-2023
7279,Corporate,07-07-2024
7280,Consumer,21-09-2022
7281,Corporate,06-06-2023
7282,Small Business,18-06-2022
7283,Corporate,22-01-2024
7284,Corporate,17-05-2023
7285,Consumer,11-03-2023
7286,Small Business,16-04-2022
7287,Corporate,12-06-2024
7288,Consumer,27-03-2023
7289,Small Business,30-07-2022
7290,Consumer,28-08-2022
7291,Consumer,26-06-2023
7292,Small Business,03-10-2023
7293,Small Business,01-11-2023
7294,Consumer,24-09-2024
7295,Small Business,04-06-2022
7296,Consumer,23-09-2022
7297,Small Business,17-10-2023
7298,Consumer,04-11-2024
7299,Corporate,29-05-2022
7300,Consumer,03-12-2024
7301,Consumer,21-05-2023
7302,Small Business,15-07-2022
7303,Small Business,09-08-2022
7304,Consumer,16-03-2024
7305,Small Business,24-05-2023
7306,Small Business,10-02-2024
7307,Small Business,21-03-2024
7308,Consumer,27-06-2023
7309,Consumer,20-08-2024
7310,Consumer,26-05-2023
7311,Consumer,17-04-2024
7312,Consumer,28-06-2024
7313,Consumer,10-05-2024
7314,Small Business,11-07-2023
7315,Small Business,14-09-2022
7316,Consumer,10-12-2022
7317,Consumer,04-12-2024
7318,Consumer,12-03-2022
7319,Consumer,21-08-2023
7320,Corporate,27-07-2022
7321,Consumer,02-08-2024
7322,Corporate,09-05-2022
7323,Consumer,07-04-2024
7324,Consumer,11-12-2024
7325,Consumer,22-03-2024
7326,Small Business,23-07-2023
7327,Consumer,28-01-2024
7328,Consumer,27-09-2022
7329,Corporate,11-07-2023
7330,Consumer,24-03-2022
7331,Consumer,18-02-2023
7332,Consumer,08-05-2022
7333,Small Business,15-01-2022
7334,Consumer,28-03-2022
7335,Consumer,02-01-2023
7336,Consumer,11-10-2022
7337,Small Business,02-09-2022
7338,Corporate,16-01-2023
7339,Small Business,27-02-2024
7340,Small Business,17-12-2024
7341,Small Business,29-04-2022
7342,Consumer,15-11-2023
7343,Corporate,21-07-2023
7344,Consumer,24-01-2024
7345,Consumer,31-05-2023
7346,Consumer,17-04-2024
7347,Small Business,28-07-2023
7348,Consumer,17-11-2022
7349,Consumer,27-05-2023
7350,Consumer,20-01-2022
7351,Corporate,11-10-2022
7352,Consumer,15-04-2023
7353,Small Business,03-11-2024
7354,Small Business,25-11-2022
7355,Small Business,08-11-2022
7356,Corporate,26-08-2024
7357,Consumer,26-05-2023
7358,Small Business,11-07-2023
7359,Consumer,17-05-2024
7360,Corporate,10-05-2024
7361,Consumer,29-03-2024
7362,Small Business,25-01-2023
7363,Consumer,18-07-2024
7364,Consumer,29-09-2022
7365,Small Business,25-02-2023
7366,Consumer,10-01-2022
7367,Consumer,11-05-2023
7368,Consumer,30-08-2024
7369,Consumer,08-05-2023
7370,Consumer,14-04-2023
7371,Consumer,22-05-2023
7372,Consumer,15-06-2023
7373,Small Business,28-10-2023
7374,Consumer,25-10-2023
7375,Consumer,16-10-2024
7376,Small Business,22-07-2023
7377,Small Business,12-02-2024
7378,Consumer,31-07-2024
7379,Consumer,22-09-2022
7380,Consumer,03-03-2022
7381,Consumer,07-12-2022
7382,Consumer,19-12-2022
7383,Consumer,03-03-2022
7384,Consumer,29-03-2023
7385,Consumer,12-02-2022
7386,Corporate,03-10-2022
7387,Corporate,08-08-2022
7388,Consumer,08-03-2024
7389,Consumer,01-11-2024
7390,Small Business,28-11-2023
7391,Consumer,25-10-2022
7392,Consumer,08-06-2023
7393,Consumer,13-09-2022
7394,Consumer,09-01-2024
7395,Consumer,30-11-2022
7396,Consumer,30-03-2024
7397,Corporate,04-07-2024
7398,Small Business,23-07-2023
7399,Consumer,21-06-2022
7400,Small Business,05-09-2023
7401,Corporate,26-09-2023
7402,Consumer,08-12-2023
7403,Consumer,16-06-2024
7404,Consumer,14-03-2023
7405,Consumer,22-10-2023
7406,Consumer,02-11-2022
7407,Small Business,16-08-2022
7408,Consumer,29-05-2023
7409,Consumer,24-07-2024
7410,Consumer,29-01-2023
7411,Small Business,22-05-2022
7412,Small Business,06-11-2022
7413,Small Business,11-08-2022
7414,Consumer,04-11-2022
7415,Consumer,27-08-2024
7416,Small Business,12-12-2024
7417,Corporate,24-10-2022
7418,Consumer,15-02-2023
7419,Consumer,21-10-2022
7420,Consumer,23-12-2024
7421,Corporate,10-11-2022
7422,Small Business,27-04-2022
7423,Corporate,02-07-2022
7424,Corporate,27-02-2022
7425,Corporate,24-05-2022
7426,Consumer,05-07-2022
7427,Small Business,14-10-2023
7428,Consumer,25-04-2022
7429,Corporate,25-01-2023
7430,Consumer,06-12-2023
7431,Consumer,11-02-2023
7432,Consumer,05-05-2022
7433,Consumer,17-08-2023
7434,Consumer,01-10-2023
7435,Consumer,25-02-2023
7436,Consumer,22-11-2023
7437,Corporate,18-01-2023
7438,Small Business,03-09-2022
7439,Consumer,01-05-2023
7440,Consumer,23-03-2024
7441,Small Business,06-10-2024
7442,Consumer,07-08-2022
7443,Small Business,19-11-2024
7444,Consumer,23-06-2024
7445,Small Business,27-01-2023
7446,Small Business,25-04-2023
7447,Small Business,20-12-2022
7448,Consumer,13-04-2024
7449,Corporate,13-01-2024
7450,Corporate,13-12-2024
7451,Consumer,20-12-2024
7452,Small Business,17-06-2024
7453,Consumer,20-02-2024
7454,Small Business,08-07-2024
7455,Small Business,09-03-2024
7456,Small Business,22-03-2024
7457,Corporate,13-05-2022
7458,Corporate,25-12-2024
7459,Consumer,12-09-2022
7460,Consumer,28-05-2024
7461,Consumer,14-11-2024
7462,Consumer,20-10-2023
7463,Consumer,03-01-2022
7464,Small Business,11-09-2023
7465,Consumer,22-07-2024
7466,Corporate,24-07-2023
7467,Small Business,21-03-2022
7468,Small Business,24-10-2023
7469,Consumer,28-06-2023
7470,Consumer,21-04-2024
7471,Corporate,16-07-2024
7472,Consumer,08-11-2024
7473,Consumer,04-06-2024
7474,Small Business,29-05-2023
7475,Consumer,20-11-2023
7476,Small Business,06-12-2023
7477,Consumer,24-11-2023
7478,Small Business,07-12-2023
7479,Consumer,09-04-2022
7480,Consumer,30-04-2024
7481,Consumer,21-02-2022
7482,Small Business,17-06-2023
7483,Consumer,15-08-2022
7484,Consumer,26-01-2024
7485,Consumer,13-09-2023
7486,Small Business,14-03-2024
7487,Consumer,05-12-2023
7488,Consumer,13-06-2024
7489,Consumer,21-04-2022
7490,Consumer,29-08-2024
7491,Small Business,10-01-2023
7492,Small Business,26-12-2023
7493,Consumer,31-05-2024
7494,Consumer,12-10-2023
7495,Consumer,29-12-2024
7496,Consumer,28-05-2024
7497,Consumer,17-12-2023
7498,Consumer,11-03-2024
7499,Corporate,22-10-2024
7500,Consumer,08-03-2024
7501,Consumer,12-12-2022
7502,Consumer,08-10-2023
7503,Consumer,31-03-2022
7504,Corporate,16-04-2024
7505,Consumer,25-12-2022
7506,Small Business,08-09-2024
7507,Small Business,28-05-2023
7508,Consumer,19-02-2023
7509,Small Business,01-04-2022
7510,Consumer,22-06-2024
7511,Consumer,08-09-2024
7512,Consumer,01-10-2022
7513,Consumer,03-02-2022
7514,Consumer,09-11-2023
7515,Consumer,24-02-2024
7516,Corporate,09-06-2024
7517,Corporate,02-01-2024
7518,Consumer,16-03-2024
7519,Consumer,30-09-2022
7520,Consumer,04-09-2022
7521,Small Business,01-06-2024
7522,Consumer,24-06-2023
7523,Small Business,08-10-2023
7524,Corporate,15-03-2022
7525,Consumer,15-04-2024
7526,Small Business,06-12-2022
7527,Consumer,28-07-2023
7528,Consumer,24-09-2022
7529,Consumer,11-02-2024
7530,Corporate,20-12-2022
7531,Corporate,22-03-2024
7532,Consumer,04-08-2023
7533,Consumer,19-10-2023
7534,Corporate,10-09-2024
7535,Consumer,20-09-2022
7536,Consumer,17-01-2024
7537,Small Business,21-01-2022
7538,Corporate,06-12-2022
7539,Consumer,10-03-2023
7540,Small Business,12-05-2022
7541,Consumer,31-10-2024
7542,Consumer,24-03-2022
7543,Small Business,07-07-2022
7544,Small Business,23-10-2022
7545,Corporate,16-03-2024
7546,Consumer,12-04-2022
7547,Corporate,08-06-2023
7548,Corporate,17-03-2023
7549,Corporate,17-12-2023
7550,Small Business,03-09-2022
7551,Consumer,28-04-2023
7552,Consumer,04-12-2023
7553,Corporate,24-01-2022
7554,Small Business,12-05-2023
7555,Consumer,24-03-2024
7556,Consumer,19-07-2024
7557,Small Business,02-07-2024
7558,Consumer,13-08-2022
7559,Consumer,19-06-2022
7560,Consumer,22-12-2022
7561,Consumer,10-10-2024
7562,Small Business,03-02-2022
7563,Consumer,09-02-2023
7564,Consumer,03-03-2022
7565,Consumer,02-01-2022
7566,Consumer,02-01-2022
7567,Consumer,14-06-2024
7568,Small Business,30-11-2022
7569,Small Business,08-12-2022
7570,Consumer,31-01-2022
7571,Small Business,18-04-2023
7572,Consumer,01-04-2023
7573,Corporate,29-12-2024
7574,Small Business,15-04-2022
7575,Small Business,03-08-2023
7576,Consumer,25-01-2022
7577,Small Business,09-09-2024
7578,Corporate,20-12-2024
7579,Corporate,31-03-2024
7580,Corporate,28-10-2023
7581,Small Business,04-09-2023
7582,Corporate,18-12-2024
7583,Small Business,21-10-2023
7584,Consumer,28-10-2023
7585,Consumer,24-08-2024
7586,Consumer,22-10-2022
7587,Consumer,20-02-2024
7588,Consumer,01-07-2024
7589,Corporate,15-12-2023
7590,Consumer,07-02-2024
7591,Corporate,14-08-2022
7592,Consumer,05-07-2023
7593,Corporate,04-06-2022
7594,Small Business,25-12-2022
7595,Consumer,15-09-2022
7596,Small Business,30-07-2024
7597,Corporate,18-01-2023
7598,Consumer,22-06-2022
7599,Consumer,22-12-2022
7600,Corporate,25-07-2023
7601,Consumer,07-02-2023
7602,Small Business,20-02-2023
7603,Consumer,06-02-2023
7604,Small Business,27-05-2024
7605,Consumer,03-10-2024
7606,Corporate,09-09-2023
7607,Small Business,08-03-2022
7608,Consumer,17-02-2023
7609,Corporate,10-05-2022
7610,Consumer,20-08-2023
7611,Consumer,14-07-2022
7612,Consumer,16-05-2023
7613,Corporate,11-01-2024
7614,Corporate,16-03-2024
7615,Consumer,25-12-2023
7616,Consumer,18-12-2022
7617,Corporate,12-12-2023
7618,Consumer,01-06-2023
7619,Corporate,24-07-2024
7620,Consumer,23-02-2024
7621,Consumer,01-07-2022
7622,Corporate,22-09-2022
7623,Consumer,29-03-2024
7624,Consumer,19-04-2022
7625,Consumer,21-10-2023
7626,Corporate,14-10-2023
7627,Corporate,03-10-2024
7628,Consumer,10-02-2023
7629,Consumer,27-12-2022
7630,Consumer,18-05-2024
7631,Consumer,15-04-2023
7632,Consumer,30-12-2023
7633,Consumer,01-11-2024
7634,Consumer,26-12-2023
7635,Small Business,21-10-2022
7636,Corporate,05-12-2022
7637,Consumer,16-01-2022
7638,Corporate,10-07-2023
7639,Corporate,01-09-2024
7640,Consumer,22-05-2023
7641,Consumer,02-02-2024
7642,Small Business,22-02-2022
7643,Small Business,21-08-2023
7644,Consumer,25-05-2022
7645,Consumer,13-01-2022
7646,Consumer,31-05-2023
7647,Consumer,28-06-2024
7648,Small Business,04-09-2023
7649,Consumer,12-09-2022
7650,Small Business,28-07-2022
7651,Consumer,22-10-2023
7652,Corporate,06-03-2023
7653,Consumer,21-01-2024
7654,Small Business,17-01-2022
7655,Consumer,07-09-2022
7656,Consumer,10-10-2022
7657,Consumer,23-09-2022
7658,Consumer,09-11-2023
7659,Consumer,15-12-2024
7660,Corporate,22-12-2024
7661,Consumer,19-12-2024
7662,Consumer,25-04-2023
7663,Small Business,08-10-2022
7664,Consumer,16-01-2024
7665,Consumer,19-07-2022
7666,Corporate,10-08-2023
7667,Consumer,23-05-2022
7668,Consumer,26-09-2023
7669,Consumer,14-05-2022
7670,Corporate,10-10-2024
7671,Corporate,09-03-2024
7672,Consumer,13-05-2024
7673,Small Business,21-10-2023
7674,Consumer,16-07-2022
7675,Consumer,07-02-2022
7676,Small Business,18-03-2023
7677,Small Business,12-04-2024
7678,Consumer,28-02-2023
7679,Consumer,21-07-2024
7680,Consumer,14-09-2024
7681,Small Business,29-07-2024
7682,Consumer,10-01-2023
7683,Consumer,16-09-2023
7684,Consumer,18-10-2023
7685,Corporate,12-10-2022
7686,Consumer,28-08-2024
7687,Consumer,02-02-2024
7688,Consumer,19-11-2024
7689,Small Business,26-04-2022
7690,Consumer,08-09-2023
7691,Corporate,21-07-2024
7692,Consumer,12-09-2024
7693,Consumer,28-01-2023
7694,Consumer,21-05-2024
7695,Consumer,25-04-2023
7696,Consumer,29-08-2024
7697,Corporate,22-07-2022
7698,Consumer,20-11-2022
7699,Consumer,20-09-2023
7700,Consumer,18-02-2024
7701,Consumer,02-02-2023
7702,Consumer,24-02-2022
7703,Consumer,14-12-2024
7704,Consumer,04-07-2022
7705,Corporate,18-06-2022
7706,Consumer,20-05-2024
7707,Consumer,04-12-2024
7708,Consumer,12-05-2024
7709,Small Business,11-05-2023
7710,Consumer,01-07-2024
7711,Small Business,19-05-2023
7712,Small Business,05-01-2023
7713,Consumer,05-08-2024
7714,Consumer,02-01-2023
7715,Small Business,16-05-2024
7716,Small Business,02-04-2023
7717,Small Business,20-03-2024
7718,Consumer,25-12-2022
7719,Consumer,30-01-2024
7720,Corporate,15-01-2022
7721,Consumer,14-07-2023
7722,Small Business,26-10-2022
7723,Consumer,06-12-2023
7724,Consumer,19-10-2023
7725,Corporate,19-08-2022
7726,Consumer,22-08-2023
7727,Consumer,21-10-2022
7728,Consumer,28-02-2024
7729,Consumer,13-02-2023
7730,Consumer,08-07-2024
7731,Small Business,02-01-2022
7732,Consumer,01-01-2022
7733,Consumer,19-08-2024
7734,Consumer,01-02-2022
7735,Consumer,22-12-2022
7736,Small Business,12-10-2022
7737,Consumer,14-04-2024
7738,Consumer,18-04-2023
7739,Small Business,12-10-2023
7740,Consumer,24-11-2022
7741,Consumer,04-03-2022
7742,Consumer,11-06-2022
7743,Consumer,23-05-2023
7744,Consumer,31-08-2023
7745,Small Business,29-07-2024
7746,Consumer,04-07-2022
7747,Consumer,04-08-2022
7748,Corporate,21-02-2023
7749,Corporate,11-09-2022
7750,Consumer,16-08-2022
7751,Consumer,04-08-2023
7752,Consumer,29-09-2023
7753,Consumer,14-01-2023
7754,Small Business,24-01-2022
7755,Consumer,11-10-2024
7756,Consumer,30-03-2022
7757,Consumer,16-09-2024
7758,Small Business,25-06-2024
7759,Small Business,29-04-2024
7760,Small Business,19-11-2022
7761,Consumer,25-09-2023
7762,Small Business,12-08-2024
7763,Small Business,05-12-2022
7764,Consumer,05-10-2024
7765,Consumer,02-02-2024
7766,Consumer,01-09-2024
7767,Corporate,22-10-2022
7768,Consumer,23-10-2024
7769,Consumer,26-04-2024
7770,Consumer,06-01-2023
7771,Consumer,08-01-2023
7772,Consumer,05-03-2024
7773,Consumer,27-10-2022
7774,Corporate,06-06-2024
7775,Corporate,12-03-2024
7776,Consumer,18-02-2023
7777,Consumer,23-11-2023
7778,Consumer,03-03-2024
7779,Small Business,18-04-2022
7780,Small Business,19-09-2022
7781,Small Business,23-04-2024
7782,Consumer,28-07-2023
7783,Consumer,16-03-2023
7784,Consumer,25-07-2022
7785,Small Business,05-08-2022
7786,Consumer,06-07-2023
7787,Consumer,30-04-2022
7788,Consumer,19-10-2024
7789,Small Business,26-04-2023
7790,Consumer,22-05-2022
7791,Consumer,24-12-2023
7792,Consumer,04-05-2023
7793,Consumer,22-12-2023
7794,Consumer,14-08-2022
7795,Corporate,30-07-2024
7796,Small Business,24-02-2022
7797,Consumer,12-04-2024
7798,Consumer,12-08-2023
7799,Consumer,08-04-2022
7800,Consumer,10-11-2024
7801,Corporate,26-07-2023
7802,Consumer,20-09-2022
7803,Consumer,30-05-2023
7804,Consumer,06-06-2024
7805,Consumer,27-07-2023
7806,Small Business,14-12-2022
7807,Consumer,03-04-2023
7808,Small Business,05-08-2022
7809,Corporate,01-03-2023
7810,Consumer,07-02-2023
7811,Corporate,02-02-2022
7812,Consumer,25-08-2024
7813,Consumer,07-09-2024
7814,Small Business,21-05-2023
7815,Consumer,28-05-2024
7816,Small Business,26-11-2024
7817,Corporate,18-05-2022
7818,Consumer,25-01-2022
7819,Consumer,25-03-2024
7820,Small Business,02-05-2022
7821,Consumer,24-04-2022
7822,Small Business,16-05-2023
7823,Small Business,19-12-2023
7824,Consumer,13-06-2024
7825,Consumer,02-09-2024
7826,Corporate,18-07-2022
7827,Consumer,09-05-2024
7828,Small Business,02-05-2023
7829,Consumer,14-07-2022
7830,Consumer,24-02-2022
7831,Small Business,17-09-2023
7832,Consumer,11-08-2022
7833,Corporate,18-06-2022
7834,Small Business,05-04-2022
7835,Small Business,15-07-2023
7836,Small Business,06-08-2023
7837,Corporate,23-05-2022
7838,Consumer,24-10-2022
7839,Consumer,09-09-2024
7840,Corporate,26-12-2023
7841,Corporate,17-12-2022
7842,Small Business,24-02-2023
7843,Consumer,31-07-2022
7844,Consumer,07-06-2024
7845,Consumer,19-07-2022
7846,Consumer,22-03-2022
7847,Corporate,03-08-2024
7848,Consumer,11-05-2024
7849,Consumer,31-01-2022
7850,Consumer,30-12-2024
7851,Consumer,05-08-2022
7852,Consumer,01-02-2023
7853,Consumer,12-05-2024
7854,Consumer,17-10-2022
7855,Consumer,25-11-2024
7856,Consumer,04-10-2022
7857,Consumer,20-11-2023
7858,Consumer,14-03-2022
7859,Small Business,20-07-2023
7860,Consumer,15-02-2023
7861,Small Business,04-11-2022
7862,Consumer,26-01-2022
7863,Consumer,27-05-2024
7864,Consumer,30-03-2023
7865,Consumer,29-01-2022
7866,Consumer,25-07-2023
7867,Consumer,30-09-2023
7868,Corporate,27-04-2022
7869,Consumer,15-03-2022
7870,Consumer,03-07-2022
7871,Consumer,18-06-2024
7872,Consumer,04-10-2023
7873,Small Business,02-06-2023
7874,Consumer,11-03-2022
7875,Consumer,08-04-2023
7876,Consumer,04-03-2024
7877,Consumer,03-04-2022
7878,Consumer,14-01-2024
7879,Small Business,02-11-2023
7880,Small Business,10-02-2023
7881,Corporate,02-12-2024
7882,Consumer,06-02-2022
7883,Corporate,13-10-2024
7884,Consumer,20-04-2023
7885,Corporate,30-03-2023
7886,Consumer,02-10-2022
7887,Small Business,25-10-2023
7888,Small Business,06-07-2022
7889,Consumer,01-10-2022
7890,Consumer,28-04-2024
7891,Consumer,04-08-2023
7892,Consumer,19-10-2024
7893,Consumer,02-10-2023
7894,Small Business,19-03-2022
7895,Consumer,31-03-2023
7896,Small Business,20-01-2023
7897,Consumer,23-06-2024
7898,Corporate,28-01-2022
7899,Consumer,30-01-2024
7900,Consumer,22-10-2023
7901,Small Business,12-12-2022
7902,Corporate,13-04-2022
7903,Small Business,17-02-2024
7904,Corporate,01-12-2023
7905,Consumer,21-11-2024
7906,Consumer,26-07-2023
7907,Consumer,16-08-2023
7908,Consumer,30-03-2024
7909,Consumer,09-03-2022
7910,Small Business,16-05-2022
7911,Consumer,27-06-2022
7912,Consumer,08-06-2022
7913,Consumer,22-09-2023
7914,Small Business,31-10-2023
7915,Consumer,31-12-2022
7916,Consumer,16-07-2022
7917,Consumer,08-06-2022
7918,Consumer,03-03-2023
7919,Small Business,31-01-2023
7920,Consumer,26-10-2023
7921,Consumer,01-12-2022
7922,Corporate,14-06-2022
7923,Consumer,25-01-2024
7924,Corporate,02-08-2023
7925,Consumer,24-06-2022
7926,Consumer,13-06-2022
7927,Consumer,23-09-2023
7928,Consumer,06-01-2023
7929,Consumer,29-10-2022
7930,Consumer,14-08-2024
7931,Consumer,09-06-2022
7932,Consumer,04-04-2023
7933,Consumer,27-09-2022
7934,Consumer,14-10-2023
7935,Small Business,23-09-2022
7936,Small Business,05-09-2024
7937,Small Business,19-01-2022
7938,Consumer,12-01-2022
7939,Corporate,13-02-2024
7940,Corporate,13-02-2024
7941,Consumer,08-05-2022
7942,Small Business,10-04-2024
7943,Small Business,28-10-2023
7944,Consumer,03-10-2023
7945,Small Business,06-09-2022
7946,Small Business,26-01-2023
7947,Small Business,28-10-2023
7948,Consumer,17-12-2023
7949,Small Business,10-06-2022
7950,Consumer,19-05-2023
7951,Consumer,10-02-2024
7952,Corporate,09-10-2022
7953,Small Business,30-08-2022
7954,Consumer,05-02-2024
7955,Consumer,16-05-2024
7956,Small Business,05-02-2023
7957,Consumer,22-02-2022
7958,Consumer,18-02-2022
7959,Consumer,16-09-2022
7960,Corporate,23-05-2024
7961,Corporate,11-06-2022
7962,Consumer,06-07-2022
7963,Consumer,29-06-2023
7964,Consumer,20-08-2024
7965,Consumer,21-12-2023
7966,Corporate,11-07-2024
7967,Consumer,31-07-2022
7968,Consumer,02-02-2023
7969,Consumer,11-07-2023
7970,Small Business,08-04-2023
7971,Consumer,24-12-2022
7972,Consumer,02-02-2024
7973,Consumer,25-02-2023
7974,Consumer,04-01-2023
7975,Corporate,24-11-2023
7976,Small Business,08-10-2023
7977,Consumer,25-12-2024
7978,Consumer,11-05-2022
7979,Consumer,27-02-2022
7980,Corporate,12-02-2022
7981,Consumer,19-01-2024
7982,Consumer,02-08-2024
7983,Consumer,18-01-2022
7984,Consumer,07-10-2024
7985,Corporate,26-11-2023
7986,Consumer,03-06-2022
7987,Consumer,15-06-2023
7988,Corporate,01-05-2023
7989,Consumer,19-02-2022
7990,Consumer,24-10-2023
7991,Small Business,14-04-2022
7992,Consumer,08-02-2023
7993,Consumer,11-12-2024
7994,Consumer,30-10-2022
7995,Small Business,07-09-2023
7996,Consumer,16-07-2023
7997,Consumer,27-05-2023
7998,Consumer,21-01-2022
7999,Corporate,17-12-2023
8000,Small Business,31-01-2024
8001,Corporate,11-09-2024
8002,Consumer,08-03-2023
8003,Consumer,29-07-2022
8004,Corporate,15-11-2022
8005,Small Business,29-09-2023
8006,Consumer,07-10-2023
8007,Small Business,01-11-2022
8008,Small Business,14-08-2024
8009,Consumer,31-07-2023
8010,Consumer,23-09-2022
8011,Consumer,17-07-2023
8012,Consumer,07-11-2022
8013,Consumer,31-05-2024
8014,Consumer,17-06-2024
8015,Consumer,22-04-2022
8016,Consumer,05-10-2023
8017,Small Business,22-02-2024
8018,Consumer,23-11-2022
8019,Consumer,31-07-2024
8020,Consumer,10-12-2022
8021,Consumer,02-02-2022
8022,Consumer,12-10-2024
8023,Small Business,11-08-2024
8024,Consumer,29-12-2022
8025,Consumer,10-10-2023
8026,Small Business,30-06-2023
8027,Consumer,23-12-2024
8028,Consumer,22-07-2023
8029,Small Business,11-07-2024
8030,Consumer,18-08-2024
8031,Consumer,13-04-2024
8032,Consumer,04-09-2024
8033,Consumer,31-05-2022
8034,Consumer,10-09-2024
8035,Consumer,13-06-2024
8036,Consumer,15-09-2022
8037,Consumer,17-05-2024
8038,Consumer,17-12-2022
8039,Consumer,19-01-2022
8040,Consumer,03-06-2023
8041,Corporate,07-12-2023
8042,Consumer,22-12-2023
8043,Small Business,04-02-2024
8044,Corporate,25-09-2024
8045,Consumer,03-01-2023
8046,Small Business,02-06-2022
8047,Consumer,11-02-2022
8048,Consumer,17-07-2022
8049,Consumer,21-01-2024
8050,Consumer,20-12-2023
8051,Small Business,18-07-2024
8052,Consumer,10-02-2024
8053,Corporate,19-12-2023
8054,Corporate,06-03-2022
8055,Consumer,01-05-2022
8056,Small Business,12-05-2022
8057,Corporate,28-12-2023
8058,Corporate,27-10-2023
8059,Consumer,25-05-2024
8060,Small Business,08-03-2023
8061,Corporate,29-10-2024
8062,Consumer,07-03-2023
8063,Corporate,02-05-2022
8064,Corporate,25-12-2023
8065,Small Business,20-05-2022
8066,Consumer,11-09-2023
8067,Consumer,23-07-2024
8068,Corporate,25-01-2024
8069,Consumer,19-06-2024
8070,Corporate,02-09-2022
8071,Small Business,31-05-2023
8072,Consumer,26-03-2023
8073,Consumer,22-06-2022
8074,Consumer,15-04-2024
8075,Small Business,16-09-2023
8076,Small Business,20-07-2024
8077,Small Business,15-09-2022
8078,Consumer,14-06-2024
8079,Consumer,23-10-2024
8080,Small Business,09-08-2023
8081,Consumer,27-02-2023
8082,Consumer,22-01-2022
8083,Corporate,16-04-2022
8084,Consumer,25-09-2024
8085,Consumer,18-09-2024
8086,Corporate,06-07-2023
8087,Corporate,23-05-2024
8088,Consumer,05-08-2024
8089,Consumer,26-06-2023
8090,Consumer,23-03-2024
8091,Small Business,23-06-2024
8092,Consumer,02-03-2023
8093,Consumer,14-09-2023
8094,Small Business,11-09-2023
8095,Small Business,27-06-2023
8096,Consumer,14-11-2023
8097,Small Business,30-12-2024
8098,Consumer,29-10-2022
8099,Small Business,17-09-2022
8100,Corporate,12-11-2023
8101,Consumer,16-07-2023
8102,Consumer,23-07-2022
8103,Small Business,23-03-2024
8104,Consumer,24-12-2022
8105,Consumer,10-06-2024
8106,Consumer,04-04-2022
8107,Consumer,02-07-2024
8108,Small Business,30-12-2022
8109,Consumer,31-01-2023
8110,Small Business,06-05-2022
8111,Consumer,29-01-2022
8112,Small Business,16-02-2023
8113,Small Business,07-12-2023
8114,Consumer,26-07-2022
8115,Consumer,08-04-2024
8116,Corporate,30-03-2022
8117,Consumer,16-11-2023
8118,Small Business,20-09-2023
8119,Corporate,14-03-2024
8120,Consumer,18-01-2024
8121,Small Business,14-11-2022
8122,Consumer,09-01-2023
8123,Consumer,01-04-2022
8124,Consumer,22-01-2024
8125,Consumer,10-02-2022
8126,Corporate,28-06-2022
8127,Consumer,09-09-2022
8128,Corporate,25-02-2022
8129,Small Business,11-05-2023
8130,Consumer,23-03-2023
8131,Consumer,30-01-2023
8132,Corporate,04-07-2022
8133,Consumer,03-08-2024
8134,Small Business,18-11-2023
8135,Small Business,11-05-2023
8136,Small Business,23-06-2022
8137,Consumer,22-10-2023
8138,Consumer,04-10-2023
8139,Corporate,16-08-2024
8140,Consumer,05-02-2024
8141,Consumer,16-04-2023
8142,Small Business,19-11-2022
8143,Small Business,05-08-2023
8144,Corporate,02-11-2023
8145,Consumer,04-01-2022
8146,Small Business,19-11-2024
8147,Consumer,27-01-2024
8148,Consumer,06-09-2023
8149,Small Business,12-02-2022
8150,Consumer,16-02-2024
8151,Small Business,03-10-2024
8152,Consumer,24-02-2022
8153,Consumer,18-08-2024
8154,Consumer,16-04-2023
8155,Consumer,16-03-2022
8156,Small Business,07-02-2024
8157,Consumer,28-10-2022
8158,Consumer,21-05-2023
8159,Consumer,23-05-2024
8160,Consumer,14-09-2023
8161,Consumer,17-09-2023
8162,Consumer,29-01-2022
8163,Corporate,13-02-2023
8164,Corporate,20-11-2023
8165,Small Business,13-08-2023
8166,Consumer,25-01-2023
8167,Consumer,20-10-2023
8168,Consumer,18-10-2024
8169,Consumer,10-11-2022
8170,Consumer,20-07-2022
8171,Consumer,12-12-2023
8172,Consumer,08-03-2024
8173,Consumer,17-07-2022
8174,Consumer,02-05-2023
8175,Corporate,29-01-2023
8176,Small Business,02-02-2023
8177,Consumer,29-05-2024
8178,Consumer,08-03-2022
8179,Consumer,06-01-2024
8180,Consumer,08-03-2024
8181,Consumer,04-03-2024
8182,Consumer,05-07-2024
8183,Corporate,19-09-2023
8184,Consumer,03-03-2022
8185,Consumer,25-07-2023
8186,Consumer,02-11-2022
8187,Consumer,28-06-2023
8188,Consumer,29-01-2023
8189,Corporate,13-03-2024
8190,Consumer,15-08-2023
8191,Small Business,20-07-2023
8192,Consumer,12-07-2023
8193,Consumer,29-08-2023
8194,Consumer,05-01-2024
8195,Consumer,07-02-2023
8196,Consumer,14-03-2022
8197,Consumer,29-10-2024
8198,Small Business,06-06-2022
8199,Consumer,16-02-2023
8200,Consumer,15-05-2024
8201,Corporate,02-09-2022
8202,Small Business,05-05-2024
8203,Corporate,12-07-2024
8204,Consumer,05-06-2023
8205,Small Business,30-11-2023
8206,Consumer,10-11-2022
8207,Consumer,23-07-2022
8208,Consumer,26-08-2024
8209,Consumer,23-03-2022
8210,Consumer,09-11-2023
8211,Corporate,07-03-2023
8212,Consumer,11-05-2023
8213,Consumer,01-06-2023
8214,Consumer,10-06-2024
8215,Consumer,10-11-2023
8216,Corporate,02-01-2024
8217,Consumer,03-05-2024
8218,Consumer,20-01-2024
8219,Consumer,10-01-2024
8220,Consumer,09-08-2024
8221,Consumer,04-06-2024
8222,Consumer,17-02-2024
8223,Consumer,28-08-2024
8224,Consumer,18-01-2023
8225,Consumer,23-05-2023
8226,Consumer,20-07-2024
8227,Corporate,26-02-2022
8228,Corporate,20-10-2022
8229,Consumer,03-05-2023
8230,Consumer,05-08-2024
8231,Consumer,19-01-2022
8232,Small Business,27-01-2023
8233,Consumer,19-06-2023
8234,Consumer,14-05-2022
8235,Consumer,28-04-2023
8236,Corporate,10-03-2024
8237,Small Business,03-01-2024
8238,Consumer,03-05-2023
8239,Small Business,03-09-2022
8240,Small Business,06-02-2022
8241,Consumer,22-01-2023
8242,Corporate,20-07-2024
8243,Consumer,31-01-2024
8244,Small Business,16-08-2022
8245,Consumer,02-07-2024
8246,Corporate,11-12-2022
8247,Consumer,18-10-2024
8248,Corporate,23-07-2023
8249,Corporate,25-05-2023
8250,Consumer,15-08-2024
8251,Corporate,03-07-2024
8252,Consumer,06-12-2024
8253,Corporate,30-05-2023
8254,Consumer,07-05-2023
8255,Consumer,02-08-2024
8256,Consumer,09-04-2023
8257,Consumer,18-01-2024
8258,Consumer,27-06-2024
8259,Corporate,21-07-2023
8260,Small Business,21-10-2022
8261,Consumer,16-08-2022
8262,Corporate,06-05-2024
8263,Consumer,10-06-2023
8264,Consumer,15-10-2023
8265,Consumer,01-08-2023
8266,Consumer,30-11-2022
8267,Consumer,12-08-2023
8268,Consumer,20-07-2022
8269,Consumer,07-07-2024
8270,Small Business,11-11-2022
8271,Consumer,21-07-2023
8272,Consumer,16-03-2024
8273,Consumer,01-10-2024
8274,Small Business,14-10-2023
8275,Consumer,03-04-2022
8276,Consumer,31-07-2024
8277,Consumer,29-10-2023
8278,Consumer,29-10-2023
8279,Consumer,01-10-2022
8280,Corporate,14-05-2024
8281,Consumer,02-06-2024
8282,Consumer,06-09-2024
8283,Consumer,03-05-2024
8284,Small Business,04-11-2024
8285,Corporate,11-11-2023
8286,Consumer,03-02-2023
8287,Small Business,22-10-2023
8288,Corporate,02-05-2022
8289,Consumer,28-02-2024
8290,Consumer,04-10-2023
8291,Corporate,26-11-2023
8292,Consumer,26-02-2023
8293,Consumer,24-10-2024
8294,Corporate,06-11-2024
8295,Small Business,30-11-2024
8296,Corporate,22-07-2024
8297,Consumer,20-02-2024
8298,Consumer,08-01-2022
8299,Consumer,19-07-2022
8300,Consumer,24-05-2022
8301,Consumer,20-06-2022
8302,Corporate,15-11-2023
8303,Consumer,03-12-2024
8304,Small Business,05-02-2024
8305,Corporate,28-04-2022
8306,Corporate,18-02-2024
8307,Corporate,26-12-2022
8308,Corporate,15-07-2023
8309,Consumer,04-12-2024
8310,Consumer,05-09-2024
8311,Consumer,26-11-2023
8312,Corporate,15-01-2022
8313,Consumer,09-10-2023
8314,Consumer,17-05-2024
8315,Corporate,28-03-2022
8316,Consumer,10-10-2022
8317,Small Business,27-05-2024
8318,Small Business,17-05-2022
8319,Small Business,05-05-2022
8320,Consumer,01-08-2023
8321,Consumer,07-09-2023
8322,Consumer,19-08-2023
8323,Consumer,12-02-2023
8324,Consumer,13-07-2024
8325,Consumer,18-07-2024
8326,Consumer,27-11-2022
8327,Consumer,07-04-2023
8328,Consumer,22-01-2024
8329,Consumer,12-05-2022
8330,Small Business,29-01-2022
8331,Corporate,14-09-2023
8332,Consumer,10-04-2023
8333,Corporate,21-11-2023
8334,Consumer,20-09-2022
8335,Consumer,20-03-2024
8336,Consumer,06-05-2023
8337,Consumer,09-12-2023
8338,Consumer,16-06-2023
8339,Corporate,12-04-2022
8340,Corporate,04-01-2022
8341,Consumer,30-08-2024
8342,Consumer,07-06-2023
8343,Consumer,19-12-2023
8344,Corporate,01-05-2023
8345,Consumer,08-03-2022
8346,Small Business,25-08-2024
8347,Consumer,12-11-2023
8348,Consumer,19-09-2022
8349,Corporate,13-02-2022
8350,Consumer,19-09-2024
8351,Consumer,20-12-2022
8352,Consumer,12-03-2023
8353,Corporate,28-08-2022
8354,Consumer,25-09-2022
8355,Consumer,08-03-2024
8356,Consumer,25-10-2023
8357,Consumer,23-11-2022
8358,Consumer,08-05-2024
8359,Consumer,03-01-2024
8360,Consumer,02-02-2024
8361,Consumer,09-05-2024
8362,Consumer,10-12-2024
8363,Consumer,15-10-2022
8364,Consumer,24-10-2024
8365,Corporate,25-03-2022
8366,Corporate,31-07-2022
8367,Corporate,31-12-2022
8368,Consumer,02-08-2024
8369,Consumer,17-08-2023
8370,Corporate,13-07-2022
8371,Consumer,29-05-2024
8372,Consumer,31-08-2022
8373,Consumer,17-07-2024
8374,Small Business,16-11-2022
8375,Small Business,03-10-2024
8376,Corporate,21-11-2023
8377,Small Business,21-09-2022
8378,Consumer,19-12-2023
8379,Consumer,30-12-2024
8380,Consumer,15-04-2024
8381,Small Business,13-07-2023
8382,Small Business,28-06-2023
8383,Small Business,06-12-2024
8384,Small Business,30-01-2022
8385,Consumer,05-03-2024
8386,Consumer,20-12-2023
8387,Consumer,01-03-2024
8388,Small Business,15-06-2023
8389,Consumer,02-03-2023
8390,Corporate,24-11-2023
8391,Consumer,01-01-2023
8392,Small Business,06-09-2023
8393,Consumer,05-12-2024
8394,Consumer,10-04-2024
8395,Small Business,25-12-2024
8396,Consumer,31-01-2022
8397,Consumer,03-11-2024
8398,Consumer,28-10-2022
8399,Consumer,06-12-2022
8400,Consumer,13-11-2023
8401,Consumer,26-12-2023
8402,Small Business,10-04-2024
8403,Small Business,26-07-2023
8404,Consumer,28-10-2023
8405,Consumer,05-02-2023
8406,Consumer,13-02-2024
8407,Consumer,02-08-2024
8408,Small Business,06-07-2023
8409,Consumer,28-12-2022
8410,Consumer,03-05-2023
8411,Consumer,21-12-2024
8412,Consumer,03-01-2023
8413,Corporate,05-06-2024
8414,Consumer,10-04-2022
8415,Corporate,26-12-2022
8416,Consumer,20-11-2022
8417,Small Business,27-10-2022
8418,Small Business,27-12-2024
8419,Consumer,30-11-2024
8420,Consumer,21-09-2022
8421,Consumer,09-07-2024
8422,Consumer,15-12-2024
8423,Corporate,08-07-2024
8424,Consumer,16-11-2022
8425,Consumer,26-05-2024
8426,Consumer,10-09-2023
8427,Consumer,02-05-2024
8428,Consumer,05-11-2023
8429,Corporate,18-05-2023
8430,Consumer,10-01-2023
8431,Consumer,02-07-2023
8432,Consumer,28-07-2024
8433,Small Business,27-09-2022
8434,Consumer,10-10-2023
8435,Consumer,09-12-2023
8436,Consumer,06-12-2022
8437,Corporate,12-07-2022
8438,Consumer,06-05-2022
8439,Corporate,14-04-2024
8440,Consumer,08-03-2023
8441,Consumer,05-09-2024
8442,Consumer,03-11-2024
8443,Corporate,06-02-2023
8444,Corporate,28-04-2023
8445,Corporate,28-06-2022
8446,Corporate,13-04-2022
8447,Corporate,12-10-2022
8448,Small Business,27-10-2024
8449,Consumer,03-08-2023
8450,Consumer,17-04-2022
8451,Small Business,23-09-2023
8452,Consumer,31-05-2022
8453,Consumer,23-11-2023
8454,Small Business,29-06-2023
8455,Consumer,09-03-2024
8456,Consumer,28-12-2022
8457,Corporate,16-07-2022
8458,Small Business,01-06-2022
8459,Corporate,03-06-2023
8460,Consumer,29-06-2023
8461,Small Business,11-07-2024
8462,Consumer,30-04-2022
8463,Consumer,30-08-2024
8464,Consumer,19-09-2023
8465,Corporate,22-01-2024
8466,Consumer,26-10-2022
8467,Consumer,01-12-2023
8468,Corporate,24-01-2023
8469,Consumer,29-04-2024
8470,Corporate,01-05-2024
8471,Consumer,15-11-2024
8472,Consumer,15-05-2024
8473,Consumer,06-06-2023
8474,Small Business,20-12-2022
8475,Corporate,06-02-2023
8476,Consumer,13-05-2024
8477,Consumer,17-01-2022
8478,Corporate,22-11-2023
8479,Consumer,11-06-2024
8480,Consumer,06-03-2022
8481,Consumer,27-09-2023
8482,Consumer,20-10-2023
8483,Consumer,27-08-2024
8484,Consumer,02-01-2024
8485,Consumer,07-05-2022
8486,Consumer,15-09-2024
8487,Corporate,23-01-2022
8488,Consumer,11-02-2022
8489,Consumer,13-04-2022
8490,Small Business,10-06-2023
8491,Consumer,21-09-2022
8492,Corporate,07-03-2023
8493,Consumer,29-05-2024
8494,Corporate,12-05-2023
8495,Consumer,20-11-2024
8496,Corporate,29-09-2024
8497,Small Business,09-02-2024
8498,Consumer,26-09-2024
8499,Corporate,22-01-2023
8500,Corporate,16-11-2024
8501,Corporate,02-07-2024
8502,Corporate,09-07-2024
8503,Consumer,08-03-2023
8504,Corporate,09-06-2023
8505,Corporate,11-08-2024
8506,Corporate,17-01-2023
8507,Corporate,09-02-2023
8508,Corporate,23-07-2022
8509,Consumer,21-04-2023
8510,Consumer,03-10-2024
8511,Corporate,03-08-2022
8512,Consumer,10-01-2022
8513,Corporate,19-04-2024
8514,Consumer,04-10-2023
8515,Consumer,07-01-2022
8516,Consumer,23-12-2024
8517,Consumer,19-03-2024
8518,Consumer,12-03-2024
8519,Corporate,01-08-2022
8520,Small Business,11-02-2024
8521,Consumer,05-12-2022
8522,Small Business,05-09-2023
8523,Corporate,29-08-2022
8524,Consumer,05-01-2024
8525,Consumer,27-10-2024
8526,Small Business,23-02-2022
8527,Consumer,02-02-2023
8528,Corporate,31-08-2024
8529,Consumer,05-07-2022
8530,Consumer,14-09-2024
8531,Consumer,15-01-2023
8532,Consumer,29-04-2022
8533,Consumer,13-11-2024
8534,Corporate,20-09-2022
8535,Consumer,09-06-2022
8536,Consumer,03-02-2023
8537,Corporate,02-05-2023
8538,Small Business,03-01-2022
8539,Consumer,09-01-2022
8540,Consumer,16-09-2022
8541,Consumer,02-01-2022
8542,Consumer,06-07-2022
8543,Corporate,01-09-2023
8544,Consumer,07-11-2022
8545,Corporate,12-08-2024
8546,Corporate,15-03-2023
8547,Consumer,03-06-2022
8548,Consumer,12-10-2023
8549,Small Business,30-05-2023
8550,Consumer,29-10-2022
8551,Small Business,13-09-2023
8552,Small Business,21-03-2022
8553,Corporate,07-11-2022
8554,Small Business,02-07-2023
8555,Small Business,11-10-2023
8556,Consumer,01-11-2022
8557,Consumer,10-07-2022
8558,Consumer,18-11-2022
8559,Consumer,13-05-2022
8560,Consumer,25-12-2024
8561,Consumer,05-01-2023
8562,Consumer,26-05-2023
8563,Consumer,24-11-2024
8564,Consumer,15-05-2023
8565,Consumer,14-07-2023
8566,Consumer,25-09-2024
8567,Consumer,08-10-2022
8568,Consumer,19-07-2024
8569,Consumer,21-09-2023
8570,Consumer,19-01-2023
8571,Corporate,15-10-2023
8572,Corporate,20-06-2022
8573,Consumer,06-04-2022
8574,Small Business,22-03-2022
8575,Consumer,26-07-2023
8576,Small Business,22-11-2023
8577,Consumer,14-03-2024
8578,Consumer,29-04-2024
8579,Consumer,29-12-2024
8580,Consumer,02-08-2024
8581,Consumer,06-01-2023
8582,Consumer,12-02-2023
8583,Consumer,05-07-2024
8584,Small Business,18-11-2024
8585,Corporate,12-03-2022
8586,Small Business,24-07-2022
8587,Small Business,07-12-2023
8588,Consumer,29-05-2022
8589,Consumer,19-09-2022
8590,Consumer,21-08-2024
8591,Consumer,22-07-2022
8592,Corporate,13-02-2024
8593,Consumer,17-04-2022
8594,Small Business,11-06-2023
8595,Corporate,09-06-2024
8596,Small Business,03-10-2022
8597,Corporate,01-02-2023
8598,Small Business,06-08-2023
8599,Consumer,09-01-2022
8600,Corporate,15-01-2024
8601,Consumer,21-02-2023
8602,Small Business,03-09-2023
8603,Consumer,31-03-2024
8604,Consumer,26-09-2024
8605,Consumer,03-06-2022
8606,Consumer,03-02-2024
8607,Consumer,08-08-2024
8608,Consumer,26-03-2023
8609,Small Business,29-01-2022
8610,Consumer,29-09-2023
8611,Consumer,19-12-2022
8612,Consumer,20-07-2023
8613,Consumer,27-01-2022
8614,Small Business,08-05-2023
8615,Consumer,14-07-2022
8616,Corporate,29-01-2024
8617,Consumer,26-09-2024
8618,Corporate,25-08-2023
8619,Consumer,22-11-2022
8620,Consumer,04-02-2022
8621,Corporate,30-10-2023
8622,Consumer,12-12-2023
8623,Corporate,27-10-2022
8624,Consumer,15-11-2023
8625,Small Business,27-11-2024
8626,Consumer,20-10-2023
8627,Small Business,20-01-2024
8628,Small Business,07-08-2024
8629,Consumer,07-02-2024
8630,Consumer,10-12-2024
8631,Consumer,13-08-2022
8632,Small Business,09-10-2024
8633,Small Business,01-01-2024
8634,Corporate,08-12-2024
8635,Consumer,27-01-2023
8636,Consumer,08-12-2023
8637,Consumer,07-12-2024
8638,Corporate,17-07-2022
8639,Consumer,12-02-2023
8640,Small Business,04-06-2024
8641,Corporate,21-04-2024
8642,Consumer,07-11-2024
8643,Corporate,06-11-2024
8644,Small Business,23-10-2023
8645,Consumer,12-12-2022
8646,Small Business,18-08-2024
8647,Small Business,04-02-2024
8648,Consumer,17-06-2023
8649,Consumer,08-01-2023
8650,Consumer,08-11-2023
8651,Small Business,04-10-2024
8652,Consumer,24-07-2024
8653,Small Business,20-07-2024
8654,Small Business,10-02-2022
8655,Corporate,14-04-2022
8656,Consumer,30-08-2024
8657,Small Business,06-09-2023
8658,Small Business,09-03-2024
8659,Small Business,19-04-2023
8660,Consumer,13-07-2024
8661,Consumer,30-05-2022
8662,Small Business,23-01-2024
8663,Small Business,24-11-2023
8664,Consumer,04-04-2023
8665,Small Business,05-08-2023
8666,Consumer,24-12-2023
8667,Consumer,22-05-2024
8668,Consumer,06-07-2024
8669,Consumer,07-09-2023
8670,Consumer,01-11-2022
8671,Consumer,15-02-2023
8672,Consumer,05-03-2024
8673,Consumer,21-05-2023
8674,Corporate,10-11-2024
8675,Small Business,19-01-2023
8676,Consumer,19-09-2023
8677,Corporate,25-08-2023
8678,Consumer,10-12-2022
8679,Consumer,04-10-2022
8680,Consumer,26-12-2023
8681,Consumer,23-04-2024
8682,Small Business,25-08-2022
8683,Consumer,19-08-2024
8684,Small Business,16-04-2023
8685,Consumer,11-02-2024
8686,Corporate,01-09-2024
8687,Consumer,06-05-2023
8688,Consumer,05-07-2022
8689,Consumer,05-12-2023
8690,Small Business,31-08-2023
8691,Consumer,10-09-2024
8692,Consumer,03-12-2023
8693,Corporate,30-12-2024
8694,Consumer,19-10-2022
8695,Consumer,22-07-2024
8696,Corporate,19-01-2024
8697,Consumer,05-10-2022
8698,Consumer,17-03-2022
8699,Consumer,05-06-2024
8700,Consumer,15-09-2024
8701,Consumer,30-09-2023
8702,Consumer,28-05-2024
8703,Consumer,23-10-2024
8704,Small Business,30-05-2023
8705,Consumer,17-08-2023
8706,Consumer,07-03-2022
8707,Consumer,10-12-2022
8708,Small Business,01-05-2023
8709,Small Business,02-04-2024
8710,Consumer,01-09-2022
8711,Consumer,03-07-2023
8712,Small Business,13-12-2024
8713,Small Business,18-11-2022
8714,Small Business,21-11-2023
8715,Consumer,30-01-2024
8716,Consumer,09-02-2023
8717,Consumer,24-11-2024
8718,Consumer,20-05-2023
8719,Small Business,10-02-2022
8720,Corporate,27-05-2024
8721,Consumer,28-05-2023
8722,Consumer,04-11-2023
8723,Small Business,02-02-2024
8724,Consumer,16-05-2022
8725,Consumer,04-08-2024
8726,Small Business,09-10-2022
8727,Consumer,31-05-2022
8728,Consumer,03-05-2022
8729,Corporate,13-04-2023
8730,Small Business,14-12-2024
8731,Consumer,04-02-2022
8732,Small Business,12-11-2022
8733,Consumer,04-11-2024
8734,Consumer,06-04-2024
8735,Consumer,15-10-2023
8736,Small Business,09-07-2024
8737,Consumer,02-08-2022
8738,Consumer,13-09-2022
8739,Consumer,10-02-2024
8740,Corporate,12-08-2024
8741,Consumer,27-02-2024
8742,Small Business,04-11-2022
8743,Consumer,17-04-2023
8744,Small Business,21-01-2024
8745,Consumer,26-07-2023
8746,Corporate,20-07-2023
8747,Corporate,19-04-2023
8748,Consumer,13-09-2022
8749,Consumer,17-06-2024
8750,Consumer,29-04-2024
8751,Consumer,04-04-2022
8752,Consumer,07-03-2024
8753,Consumer,10-03-2022
8754,Consumer,02-09-2024
8755,Consumer,17-11-2022
8756,Corporate,20-11-2022
8757,Consumer,05-02-2024
8758,Consumer,21-06-2023
8759,Consumer,14-04-2022
8760,Consumer,22-02-2022
8761,Consumer,28-07-2023
8762,Small Business,08-05-2022
8763,Consumer,21-08-2022
8764,Consumer,07-06-2022
8765,Consumer,28-01-2022
8766,Consumer,12-02-2023
8767,Consumer,26-04-2022
8768,Consumer,30-07-2022
8769,Consumer,29-06-2023
8770,Consumer,19-08-2022
8771,Consumer,29-11-2024
8772,Small Business,18-12-2022
8773,Consumer,07-08-2024
8774,Consumer,13-05-2023
8775,Consumer,17-05-2024
8776,Corporate,04-07-2024
8777,Small Business,13-06-2023
8778,Corporate,20-08-2023
8779,Small Business,20-03-2022
8780,Small Business,26-06-2024
8781,Consumer,30-07-2023
8782,Small Business,02-08-2024
8783,Consumer,04-05-2022
8784,Consumer,11-09-2023
8785,Consumer,16-10-2023
8786,Corporate,04-08-2022
8787,Corporate,22-05-2023
8788,Corporate,02-03-2022
8789,Consumer,03-02-2022
8790,Consumer,27-04-2023
8791,Corporate,31-12-2024
8792,Small Business,02-04-2023
8793,Corporate,27-10-2024
8794,Consumer,11-02-2022
8795,Corporate,14-01-2024
8796,Corporate,04-03-2023
8797,Consumer,12-05-2024
8798,Corporate,27-11-2022
8799,Consumer,04-03-2023
8800,Consumer,11-12-2023
8801,Small Business,18-05-2024
8802,Small Business,20-10-2023
8803,Small Business,21-06-2022
8804,Consumer,26-02-2022
8805,Consumer,14-09-2023
8806,Corporate,14-07-2022
8807,Consumer,01-02-2023
8808,Consumer,04-06-2024
8809,Small Business,04-08-2022
8810,Consumer,09-09-2024
8811,Consumer,24-01-2022
8812,Consumer,03-08-2022
8813,Consumer,30-04-2022
8814,Small Business,31-12-2023
8815,Consumer,22-11-2024
8816,Consumer,09-08-2022
8817,Consumer,06-09-2023
8818,Corporate,23-10-2022
8819,Consumer,04-06-2022
8820,Consumer,11-03-2022
8821,Consumer,26-10-2024
8822,Small Business,04-10-2023
8823,Consumer,20-07-2022
8824,Consumer,10-03-2022
8825,Small Business,24-09-2023
8826,Consumer,28-01-2022
8827,Small Business,04-07-2022
8828,Consumer,07-10-2022
8829,Consumer,03-08-2023
8830,Consumer,06-08-2024
8831,Small Business,01-02-2023
8832,Consumer,09-10-2024
8833,Consumer,02-06-2024
8834,Consumer,30-06-2022
8835,Small Business,13-05-2022
8836,Corporate,10-05-2023
8837,Consumer,23-03-2022
8838,Consumer,05-03-2023
8839,Consumer,10-03-2023
8840,Corporate,04-05-2022
8841,Corporate,17-04-2023
8842,Small Business,24-10-2024
8843,Corporate,24-03-2022
8844,Small Business,19-05-2024
8845,Small Business,04-11-2024
8846,Consumer,20-10-2022
8847,Corporate,04-05-2022
8848,Consumer,01-02-2022
8849,Small Business,06-02-2022
8850,Corporate,11-09-2022
8851,Corporate,30-04-2023
8852,Small Business,27-10-2023
8853,Consumer,20-05-2023
8854,Consumer,27-11-2022
8855,Consumer,31-05-2023
8856,Consumer,18-02-2023
8857,Consumer,20-06-2022
8858,Consumer,22-08-2023
8859,Consumer,04-04-2022
8860,Small Business,15-03-2022
8861,Consumer,26-11-2023
8862,Small Business,27-10-2022
8863,Consumer,08-11-2023
8864,Small Business,17-09-2022
8865,Consumer,05-01-2024
8866,Small Business,23-02-2024
8867,Consumer,16-03-2022
8868,Consumer,02-02-2024
8869,Consumer,08-08-2022
8870,Consumer,27-09-2022
8871,Consumer,19-08-2023
8872,Corporate,28-03-2024
8873,Consumer,03-06-2023
8874,Consumer,27-08-2024
8875,Consumer,22-08-2024
8876,Consumer,04-03-2024
8877,Consumer,01-08-2023
8878,Consumer,24-02-2023
8879,Corporate,16-10-2023
8880,Consumer,31-12-2022
8881,Small Business,05-05-2023
8882,Small Business,11-08-2023
8883,Consumer,08-12-2023
8884,Corporate,21-07-2024
8885,Corporate,19-03-2023
8886,Consumer,30-09-2023
8887,Corporate,10-11-2023
8888,Corporate,12-07-2023
8889,Consumer,24-08-2023
8890,Consumer,09-01-2022
8891,Small Business,24-01-2023
8892,Small Business,08-03-2023
8893,Consumer,28-07-2022
8894,Corporate,06-01-2023
8895,Corporate,20-04-2024
8896,Small Business,21-04-2023
8897,Consumer,30-03-2024
8898,Consumer,08-07-2024
8899,Consumer,18-04-2024
8900,Consumer,05-04-2024
8901,Consumer,08-09-2023
8902,Small Business,15-11-2023
8903,Consumer,22-09-2024
8904,Corporate,30-05-2023
8905,Small Business,12-10-2023
8906,Consumer,14-06-2024
8907,Consumer,04-06-2023
8908,Consumer,11-11-2024
8909,Consumer,29-12-2023
8910,Corporate,08-02-2022
8911,Small Business,07-12-2022
8912,Consumer,28-12-2023
8913,Consumer,21-02-2024
8914,Consumer,08-09-2024
8915,Small Business,24-09-2024
8916,Consumer,01-02-2024
8917,Consumer,02-05-2023
8918,Consumer,17-07-2024
8919,Consumer,21-10-2022
8920,Consumer,23-09-2022
8921,Consumer,20-09-2024
8922,Consumer,28-12-2024
8923,Corporate,09-10-2022
8924,Corporate,04-04-2024
8925,Small Business,01-02-2022
8926,Consumer,14-07-2022
8927,Consumer,17-01-2022
8928,Consumer,13-04-2024
8929,Small Business,21-12-2024
8930,Small Business,07-09-2023
8931,Consumer,13-12-2022
8932,Corporate,09-02-2022
8933,Consumer,15-12-2023
8934,Corporate,06-03-2022
8935,Small Business,07-08-2022
8936,Consumer,01-04-2024
8937,Small Business,20-07-2024
8938,Consumer,23-02-2024
8939,Consumer,24-08-2022
8940,Corporate,06-10-2023
8941,Consumer,09-09-2024
8942,Corporate,10-03-2023
8943,Consumer,25-06-2024
8944,Consumer,26-11-2024
8945,Consumer,15-06-2024
8946,Consumer,09-09-2023
8947,Corporate,11-02-2022
8948,Consumer,09-12-2023
8949,Consumer,18-08-2023
8950,Consumer,23-12-2024
8951,Small Business,13-10-2022
8952,Small Business,04-08-2023
8953,Consumer,06-01-2022
8954,Corporate,25-09-2022
8955,Corporate,12-08-2024
8956,Consumer,18-06-2022
8957,Consumer,06-10-2024
8958,Consumer,22-09-2023
8959,Consumer,09-02-2023
8960,Consumer,07-01-2023
8961,Small Business,12-10-2023
8962,Consumer,17-05-2024
8963,Consumer,01-01-2023
8964,Consumer,14-06-2024
8965,Small Business,05-08-2022
8966,Consumer,28-02-2024
8967,Consumer,10-10-2022
8968,Consumer,03-05-2023
8969,Consumer,13-12-2022
8970,Consumer,24-04-2022
8971,Corporate,05-03-2023
8972,Corporate,19-05-2024
8973,Small Business,01-03-2023
8974,Corporate,07-05-2022
8975,Consumer,25-06-2023
8976,Corporate,01-09-2022
8977,Corporate,08-01-2022
8978,Consumer,28-09-2022
8979,Small Business,15-02-2023
8980,Corporate,04-04-2022
8981,Consumer,04-04-2022
8982,Small Business,30-12-2024
8983,Consumer,18-12-2024
8984,Consumer,31-03-2022
8985,Corporate,26-07-2023
8986,Consumer,19-04-2022
8987,Consumer,21-06-2024
8988,Consumer,03-04-2023
8989,Consumer,17-02-2022
8990,Consumer,08-11-2022
8991,Consumer,25-05-2023
8992,Corporate,30-01-2022
8993,Consumer,11-09-2023
8994,Small Business,01-04-2024
8995,Corporate,20-07-2024
8996,Corporate,02-07-2023
8997,Consumer,08-07-2022
8998,Consumer,05-12-2022
8999,Consumer,31-10-2023
9000,Consumer,03-02-2022
9001,Consumer,23-12-2023
9002,Small Business,18-08-2024
9003,Consumer,09-12-2023
9004,Consumer,06-06-2022
9005,Corporate,25-12-2023
9006,Corporate,04-07-2022
9007,Consumer,08-09-2022
9008,Consumer,07-08-2022
9009,Consumer,20-05-2024
9010,Consumer,29-09-2022
9011,Consumer,25-08-2023
9012,Corporate,16-12-2024
9013,Consumer,01-05-2024
9014,Small Business,17-11-2022
9015,Consumer,06-06-2022
9016,Consumer,05-01-2022
9017,Corporate,21-04-2022
9018,Consumer,08-02-2024
9019,Consumer,16-10-2024
9020,Consumer,29-03-2022
9021,Consumer,17-06-2024
9022,Consumer,09-07-2024
9023,Consumer,02-12-2023
9024,Consumer,13-02-2023
9025,Corporate,29-06-2024
9026,Consumer,09-12-2024
9027,Consumer,16-04-2022
9028,Small Business,19-09-2024
9029,Consumer,21-09-2022
9030,Corporate,09-05-2022
9031,Consumer,10-08-2022
9032,Consumer,13-08-2023
9033,Corporate,19-05-2022
9034,Consumer,16-12-2023
9035,Consumer,08-10-2024
9036,Small Business,17-06-2024
9037,Consumer,28-12-2022
9038,Consumer,04-07-2022
9039,Consumer,27-03-2022
9040,Consumer,03-10-2023
9041,Consumer,04-07-2023
9042,Consumer,24-02-2022
9043,Consumer,05-02-2022
9044,Consumer,29-01-2022
9045,Consumer,19-06-2022
9046,Consumer,20-12-2024
9047,Consumer,01-10-2024
9048,Consumer,05-08-2023
9049,Consumer,13-03-2022
9050,Consumer,15-03-2023
9051,Consumer,09-09-2024
9052,Small Business,17-11-2024
9053,Consumer,27-11-2022
9054,Consumer,31-05-2024
9055,Consumer,17-03-2022
9056,Small Business,24-05-2022
9057,Consumer,07-08-2024
9058,Consumer,04-02-2024
9059,Corporate,07-10-2024
9060,Consumer,03-06-2023
9061,Consumer,24-11-2022
9062,Small Business,11-05-2024
9063,Consumer,19-06-2024
9064,Consumer,30-09-2022
9065,Consumer,09-01-2024
9066,Small Business,26-06-2022
9067,Consumer,09-06-2023
9068,Corporate,21-04-2024
9069,Small Business,20-08-2022
9070,Corporate,12-10-2024
9071,Small Business,29-03-2024
9072,Small Business,19-08-2023
9073,Consumer,18-03-2022
9074,Corporate,10-01-2022
9075,Consumer,15-04-2023
9076,Corporate,09-05-2022
9077,Small Business,15-08-2022
9078,Small Business,28-12-2024
9079,Small Business,31-07-2022
9080,Consumer,18-05-2022
9081,Small Business,28-05-2023
9082,Corporate,24-03-2022
9083,Consumer,25-01-2024
9084,Small Business,05-10-2023
9085,Corporate,02-02-2024
9086,Consumer,15-04-2023
9087,Corporate,16-11-2024
9088,Small Business,06-04-2023
9089,Small Business,17-03-2023
9090,Consumer,20-07-2024
9091,Consumer,07-11-2023
9092,Corporate,28-01-2022
9093,Small Business,18-04-2024
9094,Consumer,19-01-2022
9095,Consumer,03-04-2023
9096,Consumer,15-11-2022
9097,Corporate,06-10-2023
9098,Consumer,18-03-2024
9099,Corporate,06-04-2024
9100,Consumer,20-02-2023
9101,Corporate,04-04-2024
9102,Consumer,18-04-2024
9103,Small Business,23-04-2024
9104,Consumer,31-10-2023
9105,Consumer,24-05-2023
9106,Consumer,18-06-2023
9107,Small Business,15-01-2024
9108,Consumer,14-12-2022
9109,Consumer,30-09-2024
9110,Consumer,29-06-2022
9111,Small Business,31-05-2023
9112,Corporate,07-04-2024
9113,Small Business,09-02-2024
9114,Consumer,12-08-2022
9115,Consumer,07-08-2023
9116,Consumer,26-10-2024
9117,Consumer,11-09-2024
9118,Consumer,23-02-2022
9119,Small Business,03-05-2022
9120,Consumer,16-06-2024
9121,Consumer,09-02-2022
9122,Consumer,28-07-2024
9123,Corporate,20-02-2022
9124,Consumer,04-10-2023
9125,Consumer,10-11-2023
9126,Small Business,20-02-2023
9127,Consumer,06-02-2023
9128,Consumer,17-04-2022
9129,Corporate,10-09-2022
9130,Small Business,09-11-2024
9131,Consumer,08-07-2023
9132,Corporate,26-04-2024
9133,Consumer,09-02-2023
9134,Consumer,28-12-2022
9135,Consumer,26-09-2022
9136,Small Business,27-02-2023
9137,Small Business,15-05-2023
9138,Small Business,16-01-2022
9139,Small Business,19-05-2024
9140,Consumer,22-08-2024
9141,Consumer,13-10-2023
9142,Corporate,18-07-2022
9143,Small Business,31-07-2023
9144,Corporate,20-01-2023
9145,Consumer,14-10-2024
9146,Small Business,01-08-2023
9147,Corporate,18-09-2023
9148,Consumer,08-12-2022
9149,Consumer,01-03-2022
9150,Consumer,09-10-2022
9151,Consumer,12-08-2022
9152,Consumer,19-01-2024
9153,Consumer,11-02-2022
9154,Small Business,27-03-2022
9155,Corporate,31-05-2024
9156,Consumer,16-06-2022
9157,Consumer,22-06-2022
9158,Corporate,05-03-2024
9159,Small Business,26-05-2023
9160,Small Business,19-07-2024
9161,Consumer,11-07-2023
9162,Small Business,18-12-2023
9163,Consumer,05-10-2023
9164,Small Business,26-08-2024
9165,Consumer,09-12-2023
9166,Small Business,31-03-2023
9167,Corporate,17-03-2024
9168,Corporate,24-03-2023
9169,Consumer,10-04-2022
9170,Consumer,23-06-2024
9171,Consumer,12-04-2024
9172,Consumer,25-02-2024
9173,Small Business,03-08-2024
9174,Consumer,05-09-2024
9175,Corporate,04-10-2022
9176,Corporate,14-07-2023
9177,Consumer,24-12-2023
9178,Consumer,16-08-2024
9179,Small Business,15-10-2022
9180,Consumer,30-04-2024
9181,Corporate,16-01-2023
9182,Small Business,24-11-2024
9183,Consumer,11-04-2022
9184,Consumer,12-12-2024
9185,Consumer,16-08-2024
9186,Consumer,11-09-2024
9187,Corporate,05-11-2023
9188,Consumer,26-09-2023
9189,Consumer,26-06-2024
9190,Small Business,30-05-2023
9191,Corporate,13-04-2024
9192,Consumer,12-01-2023
9193,Consumer,13-02-2022
9194,Small Business,01-07-2024
9195,Corporate,01-08-2023
9196,Corporate,14-12-2023
9197,Consumer,13-01-2024
9198,Consumer,24-06-2022
9199,Consumer,11-06-2022
9200,Consumer,28-04-2022
9201,Consumer,14-06-2022
9202,Small Business,30-08-2024
9203,Consumer,30-10-2023
9204,Corporate,17-04-2022
9205,Consumer,27-08-2022
9206,Consumer,08-07-2024
9207,Consumer,14-07-2024
9208,Consumer,06-05-2023
9209,Corporate,10-03-2024
9210,Small Business,03-07-2024
9211,Consumer,01-04-2022
9212,Corporate,06-02-2024
9213,Consumer,07-10-2022
9214,Small Business,16-11-2023
9215,Corporate,01-09-2022
9216,Consumer,29-05-2024
9217,Consumer,20-10-2023
9218,Consumer,11-03-2022
9219,Consumer,03-10-2024
9220,Corporate,26-10-2022
9221,Consumer,21-03-2023
9222,Consumer,23-12-2024
9223,Consumer,09-02-2023
9224,Corporate,27-06-2024
9225,Consumer,04-08-2022
9226,Corporate,10-08-2023
9227,Consumer,02-05-2022
9228,Consumer,14-09-2023
9229,Consumer,22-11-2022
9230,Consumer,08-12-2024
9231,Consumer,04-06-2023
9232,Consumer,15-06-2024
9233,Consumer,15-01-2022
9234,Consumer,28-09-2024
9235,Small Business,02-10-2024
9236,Corporate,11-07-2022
9237,Consumer,12-10-2022
9238,Corporate,01-02-2023
9239,Corporate,16-10-2023
9240,Small Business,24-10-2023
9241,Small Business,20-11-2024
9242,Consumer,10-09-2022
9243,Consumer,11-10-2023
9244,Small Business,14-02-2024
9245,Consumer,12-08-2022
9246,Consumer,05-06-2024
9247,Consumer,27-05-2024
9248,Consumer,23-11-2023
9249,Consumer,25-12-2023
9250,Corporate,20-05-2022
9251,Consumer,21-02-2022
9252,Consumer,16-11-2022
9253,Corporate,08-01-2023
9254,Corporate,21-09-2024
9255,Consumer,25-10-2023
9256,Corporate,22-04-2023
9257,Consumer,23-03-2024
9258,Small Business,15-05-2023
9259,Small Business,20-08-2024
9260,Corporate,21-11-2023
9261,Small Business,07-12-2022
9262,Consumer,05-01-2024
9263,Small Business,20-09-2024
9264,Consumer,19-12-2024
9265,Consumer,17-08-2024
9266,Consumer,13-11-2023
9267,Corporate,13-06-2023
9268,Consumer,27-10-2022
9269,Consumer,28-09-2022
9270,Small Business,10-05-2024
9271,Consumer,03-11-2023
9272,Corporate,10-04-2023
9273,Consumer,20-01-2022
9274,Corporate,23-12-2024
9275,Consumer,26-01-2024
9276,Consumer,29-10-2024
9277,Small Business,31-08-2024
9278,Consumer,28-08-2023
9279,Consumer,06-03-2022
9280,Consumer,18-01-2024
9281,Consumer,24-07-2023
9282,Consumer,05-08-2022
9283,Consumer,15-03-2023
9284,Consumer,06-08-2022
9285,Small Business,01-02-2022
9286,Consumer,20-06-2023
9287,Small Business,02-05-2023
9288,Consumer,27-04-2024
9289,Consumer,21-04-2023
9290,Consumer,22-02-2024
9291,Consumer,01-12-2023
9292,Consumer,22-12-2022
9293,Consumer,28-05-2022
9294,Corporate,10-02-2023
9295,Consumer,31-01-2022
9296,Consumer,10-12-2024
9297,Corporate,21-06-2022
9298,Consumer,31-10-2024
9299,Consumer,04-02-2022
9300,Corporate,13-08-2022
9301,Corporate,18-03-2023
9302,Small Business,28-03-2024
9303,Corporate,04-04-2024
9304,Corporate,23-11-2023
9305,Corporate,22-05-2024
9306,Corporate,05-09-2022
9307,Consumer,03-02-2024
9308,Consumer,20-09-2023
9309,Small Business,29-03-2023
9310,Consumer,16-06-2022
9311,Consumer,14-06-2022
9312,Corporate,16-03-2022
9313,Corporate,17-09-2024
9314,Small Business,05-04-2023
9315,Corporate,09-05-2023
9316,Corporate,28-11-2023
9317,Consumer,27-07-2023
9318,Small Business,31-01-2023
9319,Corporate,10-01-2023
9320,Consumer,26-07-2022
9321,Consumer,03-02-2023
9322,Corporate,05-05-2023
9323,Consumer,25-05-2022
9324,Small Business,15-06-2024
9325,Consumer,25-09-2022
9326,Corporate,03-02-2023
9327,Consumer,18-02-2022
9328,Consumer,19-08-2022
9329,Corporate,30-05-2023
9330,Consumer,01-12-2023
9331,Small Business,26-05-2024
9332,Small Business,28-07-2023
9333,Consumer,28-12-2022
9334,Consumer,17-10-2023
9335,Small Business,18-05-2023
9336,Consumer,21-03-2024
9337,Small Business,11-11-2022
9338,Consumer,26-01-2023
9339,Corporate,25-01-2023
9340,Small Business,15-09-2024
9341,Small Business,22-09-2023
9342,Corporate,17-08-2022
9343,Consumer,15-07-2023
9344,Consumer,23-05-2022
9345,Consumer,12-12-2023
9346,Corporate,30-08-2022
9347,Consumer,13-07-2022
9348,Corporate,10-08-2023
9349,Small Business,17-04-2023
9350,Consumer,13-12-2023
9351,Consumer,19-09-2024
9352,Corporate,10-05-2022
9353,Consumer,25-07-2023
9354,Small Business,17-06-2022
9355,Consumer,02-12-2024
9356,Consumer,24-09-2024
9357,Consumer,20-08-2022
9358,Corporate,15-02-2023
9359,Consumer,29-08-2023
9360,Consumer,11-10-2023
9361,Consumer,04-02-2023
9362,Consumer,30-07-2023
9363,Small Business,19-04-2023
9364,Small Business,05-07-2023
9365,Consumer,23-05-2024
9366,Small Business,20-08-2024
9367,Consumer,27-07-2022
9368,Small Business,09-10-2023
9369,Consumer,26-12-2024
9370,Consumer,04-12-2024
9371,Consumer,09-04-2023
9372,Consumer,19-04-2024
9373,Consumer,19-09-2022
9374,Consumer,14-10-2024
9375,Consumer,10-08-2023
9376,Consumer,28-06-2023
9377,Consumer,25-03-2022
9378,Consumer,18-12-2024
9379,Consumer,02-09-2024
9380,Consumer,26-08-2023
9381,Small Business,18-01-2024
9382,Consumer,14-06-2024
9383,Corporate,16-09-2022
9384,Consumer,11-08-2023
9385,Corporate,29-02-2024
9386,Consumer,10-02-2024
9387,Consumer,20-05-2024
9388,Consumer,21-06-2022
9389,Corporate,19-12-2023
9390,Small Business,17-01-2023
9391,Consumer,30-05-2022
9392,Consumer,07-09-2023
9393,Consumer,25-10-2024
9394,Consumer,29-11-2023
9395,Consumer,12-03-2023
9396,Consumer,11-02-2023
9397,Corporate,25-11-2022
9398,Consumer,19-09-2023
9399,Corporate,10-12-2022
9400,Small Business,29-08-2022
9401,Consumer,06-04-2022
9402,Consumer,31-10-2023
9403,Consumer,20-03-2024
9404,Corporate,19-07-2023
9405,Consumer,22-12-2023
9406,Small Business,01-04-2023
9407,Consumer,06-08-2024
9408,Consumer,24-07-2022
9409,Small Business,23-01-2023
9410,Consumer,18-03-2023
9411,Small Business,08-11-2023
9412,Consumer,21-10-2023
9413,Consumer,06-11-2024
9414,Small Business,24-06-2023
9415,Consumer,11-08-2022
9416,Corporate,08-07-2023
9417,Small Business,04-03-2023
9418,Consumer,06-09-2022
9419,Corporate,04-05-2022
9420,Corporate,27-11-2023
9421,Small Business,30-08-2024
9422,Corporate,12-12-2024
9423,Consumer,15-08-2023
9424,Consumer,27-07-2023
9425,Consumer,24-04-2022
9426,Consumer,24-09-2023
9427,Consumer,09-10-2024
9428,Consumer,12-06-2024
9429,Consumer,11-01-2023
9430,Consumer,30-07-2024
9431,Small Business,23-10-2022
9432,Corporate,27-02-2024
9433,Consumer,07-10-2023
9434,Consumer,16-03-2022
9435,Corporate,02-10-2022
9436,Consumer,02-05-2022
9437,Consumer,08-09-2024
9438,Consumer,24-12-2023
9439,Small Business,30-10-2022
9440,Corporate,15-12-2023
9441,Consumer,17-11-2022
9442,Consumer,28-12-2023
9443,Consumer,11-08-2022
9444,Consumer,07-03-2024
9445,Consumer,01-07-2022
9446,Small Business,07-03-2024
9447,Small Business,04-11-2023
9448,Small Business,12-05-2024
9449,Consumer,04-10-2024
9450,Consumer,13-02-2024
9451,Consumer,01-12-2022
9452,Corporate,13-05-2022
9453,Small Business,24-01-2023
9454,Consumer,01-06-2024
9455,Consumer,03-08-2022
9456,Consumer,04-07-2022
9457,Small Business,04-07-2024
9458,Corporate,25-02-2022
9459,Consumer,11-10-2022
9460,Consumer,19-05-2024
9461,Consumer,10-06-2022
9462,Small Business,12-08-2023
9463,Consumer,05-01-2023
9464,Consumer,25-12-2022
9465,Consumer,06-05-2024
9466,Consumer,18-11-2023
9467,Corporate,18-08-2022
9468,Consumer,16-12-2022
9469,Consumer,04-08-2024
9470,Small Business,27-12-2024
9471,Corporate,11-08-2022
9472,Consumer,03-07-2022
9473,Consumer,19-01-2024
9474,Consumer,11-10-2022
9475,Consumer,29-05-2023
9476,Consumer,06-08-2023
9477,Consumer,19-11-2022
9478,Small Business,09-10-2024
9479,Consumer,13-12-2023
9480,Consumer,26-06-2022
9481,Small Business,02-07-2024
9482,Corporate,20-03-2022
9483,Consumer,02-02-2022
9484,Small Business,03-07-2023
9485,Corporate,31-12-2024
9486,Corporate,10-07-2024
9487,Consumer,29-07-2024
9488,Consumer,15-06-2022
9489,Corporate,29-10-2022
9490,Consumer,24-12-2022
9491,Small Business,06-11-2023
9492,Consumer,01-12-2022
9493,Small Business,07-08-2023
9494,Consumer,20-03-2022
9495,Small Business,14-05-2023
9496,Small Business,26-05-2024
9497,Consumer,02-09-2022
9498,Consumer,19-10-2023
9499,Consumer,11-09-2023
9500,Consumer,31-12-2022
9501,Consumer,02-03-2022
9502,Consumer,09-01-2022
9503,Consumer,09-02-2022
9504,Consumer,15-06-2023
9505,Consumer,04-11-2023
9506,Consumer,16-09-2024
9507,Corporate,21-05-2024
9508,Small Business,15-10-2022
9509,Corporate,19-01-2024
9510,Consumer,22-02-2022
9511,Small Business,05-02-2022
9512,Consumer,12-10-2024
9513,Consumer,02-02-2022
9514,Consumer,23-04-2023
9515,Consumer,07-11-2022
9516,Consumer,07-07-2022
9517,Corporate,24-10-2022
9518,Small Business,08-05-2022
9519,Consumer,30-08-2022
9520,Consumer,17-08-2023
9521,Small Business,30-03-2023
9522,Consumer,31-12-2022
9523,Corporate,06-04-2024
9524,Consumer,21-05-2023
9525,Consumer,17-05-2024
9526,Consumer,17-05-2022
9527,Consumer,28-02-2022
9528,Consumer,07-01-2023
9529,Consumer,11-08-2022
9530,Consumer,22-03-2023
9531,Consumer,23-03-2022
9532,Consumer,05-09-2023
9533,Consumer,21-06-2022
9534,Consumer,26-10-2022
9535,Consumer,05-04-2024
9536,Corporate,05-10-2024
9537,Small Business,22-02-2024
9538,Consumer,20-07-2022
9539,Consumer,12-02-2023
9540,Consumer,30-03-2024
9541,Consumer,14-12-2022
9542,Consumer,29-07-2023
9543,Corporate,10-07-2023
9544,Consumer,03-06-2022
9545,Consumer,30-08-2024
9546,Consumer,16-01-2022
9547,Corporate,05-05-2024
9548,Consumer,22-01-2024
9549,Corporate,04-12-2023
9550,Corporate,28-10-2023
9551,Corporate,01-01-2023
9552,Consumer,05-09-2023
9553,Consumer,01-09-2022
9554,Corporate,31-10-2024
9555,Consumer,23-12-2023
9556,Corporate,17-12-2023
9557,Consumer,27-01-2024
9558,Small Business,31-01-2022
9559,Consumer,08-10-2023
9560,Consumer,12-04-2022
9561,Small Business,09-06-2022
9562,Small Business,14-03-2023
9563,Consumer,25-06-2024
9564,Consumer,30-06-2022
9565,Consumer,03-05-2024
9566,Corporate,19-04-2024
9567,Small Business,04-01-2023
9568,Corporate,19-10-2023
9569,Consumer,10-05-2024
9570,Consumer,05-01-2024
9571,Consumer,29-07-2023
9572,Small Business,07-05-2022
9573,Consumer,28-07-2024
9574,Consumer,19-06-2024
9575,Small Business,12-01-2022
9576,Consumer,05-06-2023
9577,Consumer,01-07-2024
9578,Corporate,21-03-2023
9579,Consumer,13-03-2022
9580,Corporate,01-08-2022
9581,Consumer,13-02-2022
9582,Consumer,06-08-2023
9583,Consumer,05-12-2023
9584,Consumer,10-12-2024
9585,Consumer,24-04-2023
9586,Corporate,23-05-2024
9587,Small Business,23-11-2023
9588,Consumer,11-11-2024
9589,Corporate,29-03-2023
9590,Consumer,21-04-2023
9591,Corporate,15-09-2023
9592,Small Business,06-07-2023
9593,Consumer,07-05-2023
9594,Consumer,07-10-2023
9595,Consumer,25-01-2023
9596,Corporate,22-06-2022
9597,Consumer,18-02-2022
9598,Consumer,03-04-2023
9599,Small Business,04-01-2023
9600,Corporate,12-02-2022
9601,Small Business,18-01-2024
9602,Consumer,10-01-2023
9603,Consumer,09-11-2023
9604,Consumer,31-08-2022
9605,Consumer,16-12-2023
9606,Small Business,12-11-2022
9607,Consumer,09-07-2024
9608,Corporate,20-09-2024
9609,Corporate,03-06-2023
9610,Small Business,15-05-2024
9611,Corporate,24-04-2023
9612,Consumer,13-05-2024
9613,Corporate,06-10-2024
9614,Consumer,02-01-2022
9615,Consumer,21-05-2023
9616,Corporate,24-02-2023
9617,Consumer,01-03-2023
9618,Consumer,22-06-2022
9619,Consumer,29-12-2022
9620,Corporate,30-12-2022
9621,Consumer,01-11-2024
9622,Consumer,07-09-2022
9623,Small Business,10-12-2024
9624,Consumer,05-03-2023
9625,Consumer,16-06-2022
9626,Consumer,09-06-2023
9627,Small Business,08-03-2024
9628,Consumer,06-08-2022
9629,Corporate,30-10-2022
9630,Corporate,03-08-2024
9631,Consumer,27-11-2023
9632,Consumer,19-09-2022
9633,Consumer,13-04-2023
9634,Consumer,21-01-2023
9635,Small Business,17-11-2024
9636,Corporate,21-07-2023
9637,Small Business,05-07-2024
9638,Small Business,10-04-2024
9639,Small Business,14-10-2023
9640,Corporate,20-04-2023
9641,Consumer,24-04-2023
9642,Corporate,30-07-2023
9643,Consumer,28-06-2023
9644,Consumer,12-10-2022
9645,Small Business,27-02-2024
9646,Consumer,02-05-2022
9647,Consumer,10-06-2024
9648,Consumer,01-06-2024
9649,Small Business,06-09-2024
9650,Small Business,06-09-2023
9651,Consumer,19-11-2024
9652,Consumer,12-02-2024
9653,Consumer,05-01-2023
9654,Small Business,08-10-2024
9655,Small Business,01-03-2024
9656,Consumer,19-02-2023
9657,Consumer,24-09-2022
9658,Small Business,26-01-2024
9659,Consumer,16-08-2023
9660,Small Business,19-09-2023
9661,Corporate,27-10-2024
9662,Small Business,17-01-2024
9663,Consumer,16-06-2024
9664,Consumer,05-04-2022
9665,Small Business,18-11-2023
9666,Small Business,09-05-2024
9667,Consumer,12-04-2022
9668,Consumer,18-07-2024
9669,Corporate,27-04-2024
9670,Consumer,30-04-2023
9671,Consumer,26-10-2023
9672,Consumer,21-02-2024
9673,Consumer,21-08-2023
9674,Small Business,28-04-2022
9675,Consumer,16-07-2023
9676,Corporate,30-10-2022
9677,Corporate,16-10-2024
9678,Consumer,23-08-2024
9679,Consumer,06-10-2023
9680,Small Business,08-09-2024
9681,Small Business,22-03-2022
9682,Small Business,28-01-2023
9683,Consumer,20-01-2023
9684,Consumer,15-06-2022
9685,Corporate,19-02-2024
9686,Consumer,28-11-2022
9687,Consumer,23-12-2022
9688,Consumer,15-02-2022
9689,Consumer,14-04-2023
9690,Consumer,28-12-2022
9691,Consumer,31-08-2024
9692,Consumer,09-09-2023
9693,Small Business,21-08-2024
9694,Small Business,21-08-2024
9695,Consumer,09-04-2023
9696,Consumer,17-08-2024
9697,Consumer,01-08-2024
9698,Corporate,06-08-2023
9699,Consumer,01-11-2023
9700,Consumer,26-03-2022
9701,Consumer,15-11-2024
9702,Consumer,29-06-2023
9703,Small Business,19-04-2022
9704,Small Business,19-04-2023
9705,Consumer,24-11-2024
9706,Consumer,05-10-2022
9707,Consumer,23-05-2024
9708,Consumer,02-09-2023
9709,Small Business,09-09-2024
9710,Consumer,04-03-2024
9711,Consumer,25-04-2022
9712,Consumer,26-10-2024
9713,Consumer,18-05-2022
9714,Consumer,16-09-2022
9715,Small Business,05-02-2024
9716,Consumer,18-04-2022
9717,Consumer,15-05-2023
9718,Small Business,12-01-2023
9719,Consumer,23-01-2023
9720,Consumer,13-06-2024
9721,Corporate,05-08-2024
9722,Consumer,15-01-2022
9723,Small Business,14-03-2022
9724,Small Business,03-12-2023
9725,Small Business,26-12-2023
9726,Consumer,30-03-2023
9727,Small Business,17-07-2022
9728,Small Business,12-03-2023
9729,Corporate,22-05-2023
9730,Consumer,20-04-2023
9731,Small Business,26-01-2024
9732,Consumer,19-06-2023
9733,Consumer,04-06-2024
9734,Corporate,09-08-2023
9735,Small Business,02-06-2024
9736,Small Business,18-02-2023
9737,Consumer,16-02-2024
9738,Consumer,01-05-2022
9739,Consumer,13-05-2023
9740,Consumer,03-07-2023
9741,Small Business,19-12-2023
9742,Consumer,30-09-2023
9743,Small Business,22-02-2024
9744,Consumer,14-08-2023
9745,Consumer,17-04-2022
9746,Consumer,06-08-2022
9747,Consumer,03-06-2024
9748,Small Business,04-03-2022
9749,Corporate,15-10-2023
9750,Corporate,15-11-2023
9751,Consumer,15-06-2022
9752,Consumer,20-06-2023
9753,Consumer,03-08-2024
9754,Consumer,10-08-2024
9755,Small Business,04-07-2022
9756,Small Business,26-02-2022
9757,Consumer,02-06-2024
9758,Consumer,02-04-2024
9759,Consumer,04-01-2023
9760,Consumer,10-04-2024
9761,Corporate,08-06-2022
9762,Consumer,22-12-2024
9763,Consumer,12-02-2024
9764,Consumer,20-11-2024
9765,Consumer,17-11-2024
9766,Small Business,03-12-2023
9767,Small Business,11-08-2024
9768,Consumer,02-10-2022
9769,Small Business,01-02-2023
9770,Consumer,28-05-2023
9771,Corporate,12-09-2024
9772,Consumer,06-08-2022
9773,Consumer,11-05-2023
9774,Consumer,27-11-2024
9775,Consumer,07-12-2023
9776,Corporate,18-03-2024
9777,Corporate,25-12-2024
9778,Small Business,23-11-2023
9779,Consumer,10-06-2022
9780,Small Business,12-10-2022
9781,Small Business,05-08-2024
9782,Small Business,13-09-2024
9783,Consumer,01-02-2022
9784,Consumer,10-03-2022
9785,Consumer,08-09-2022
9786,Consumer,23-10-2023
9787,Consumer,18-07-2022
9788,Consumer,31-07-2024
9789,Consumer,21-11-2023
9790,Corporate,18-11-2022
9791,Consumer,07-09-2024
9792,Consumer,07-06-2023
9793,Corporate,17-07-2022
9794,Corporate,05-02-2024
9795,Consumer,02-06-2023
9796,Small Business,09-08-2023
9797,Small Business,23-10-2022
9798,Small Business,28-07-2022
9799,Consumer,19-03-2023
9800,Consumer,04-11-2022
9801,Consumer,01-08-2023
9802,Corporate,28-07-2022
9803,Small Business,05-02-2024
9804,Consumer,23-11-2023
9805,Small Business,24-01-2023
9806,Consumer,02-10-2023
9807,Consumer,21-01-2022
9808,Consumer,31-12-2024
9809,Small Business,28-03-2024
9810,Corporate,08-12-2023
9811,Small Business,10-04-2023
9812,Consumer,11-07-2024
9813,Small Business,17-08-2022
9814,Corporate,01-02-2023
9815,Small Business,07-04-2022
9816,Small Business,27-02-2024
9817,Consumer,18-08-2023
9818,Consumer,28-07-2024
9819,Consumer,09-09-2023
9820,Consumer,03-05-2022
9821,Consumer,15-06-2022
9822,Consumer,23-05-2024
9823,Corporate,19-08-2022
9824,Consumer,22-07-2022
9825,Corporate,05-07-2023
9826,Corporate,11-02-2022
9827,Consumer,30-06-2022
9828,Consumer,24-06-2024
9829,Small Business,02-04-2023
9830,Consumer,05-07-2024
9831,Consumer,01-06-2023
9832,Consumer,19-01-2023
9833,Small Business,20-08-2022
9834,Consumer,13-09-2023
9835,Small Business,05-06-2024
9836,Consumer,05-01-2023
9837,Corporate,17-09-2024
9838,Consumer,21-12-2024
9839,Corporate,01-02-2023
9840,Small Business,01-06-2023
9841,Consumer,13-09-2022
9842,Corporate,09-11-2023
9843,Consumer,06-05-2024
9844,Consumer,02-07-2024
9845,Corporate,05-10-2024
9846,Consumer,14-03-2022
9847,Small Business,06-05-2023
9848,Consumer,19-01-2023
9849,Consumer,01-12-2022
9850,Consumer,01-12-2023
9851,Consumer,29-10-2022
9852,Corporate,17-12-2023
9853,Consumer,25-08-2022
9854,Small Business,27-04-2022
9855,Consumer,29-05-2022
9856,Corporate,15-03-2024
9857,Consumer,01-09-2023
9858,Consumer,29-08-2022
9859,Corporate,15-01-2023
9860,Consumer,15-08-2022
9861,Consumer,12-02-2024
9862,Corporate,26-05-2023
9863,Consumer,02-01-2022
9864,Consumer,17-09-2024
9865,Consumer,30-12-2022
9866,Corporate,04-10-2022
9867,Corporate,01-10-2023
9868,Consumer,14-04-2022
9869,Consumer,03-07-2022
9870,Consumer,02-06-2024
9871,Consumer,07-04-2024
9872,Consumer,05-01-2024
9873,Consumer,21-05-2023
9874,Consumer,02-03-2024
9875,Consumer,20-10-2024
9876,Consumer,09-09-2023
9877,Consumer,22-08-2024
9878,Consumer,05-09-2024
9879,Consumer,05-01-2022
9880,Consumer,11-06-2022
9881,Consumer,05-08-2024
9882,Consumer,24-01-2023
9883,Consumer,29-10-2023
9884,Consumer,06-04-2023
9885,Consumer,17-11-2024
9886,Consumer,10-12-2024
9887,Small Business,10-02-2022
9888,Consumer,13-05-2024
9889,Corporate,31-07-2024
9890,Consumer,12-02-2022
9891,Consumer,25-05-2024
9892,Consumer,24-08-2024
9893,Small Business,24-02-2023
9894,Corporate,09-06-2022
9895,Small Business,26-02-2024
9896,Small Business,03-05-2024
9897,Consumer,04-02-2022
9898,Consumer,10-05-2024
9899,Small Business,07-09-2024
9900,Consumer,04-07-2022
9901,Consumer,23-01-2024
9902,Consumer,22-04-2023
9903,Small Business,05-12-2024
9904,Consumer,31-07-2022
9905,Corporate,13-02-2022
9906,Consumer,30-12-2023
9907,Consumer,25-01-2024
9908,Small Business,29-03-2024
9909,Small Business,19-04-2022
9910,Consumer,10-07-2022
9911,Corporate,20-06-2023
9912,Consumer,17-09-2023
9913,Consumer,25-02-2023
9914,Consumer,14-07-2024
9915,Consumer,31-10-2024
9916,Corporate,14-01-2022
9917,Consumer,15-07-2024
9918,Consumer,14-10-2022
9919,Consumer,04-05-2022
9920,Consumer,22-09-2024
9921,Consumer,22-06-2024
9922,Corporate,17-06-2022
9923,Small Business,22-12-2022
9924,Consumer,30-07-2022
9925,Consumer,22-08-2022
9926,Consumer,02-11-2024
9927,Consumer,18-02-2024
9928,Consumer,17-08-2022
9929,Consumer,14-09-2023
9930,Small Business,21-12-2022
9931,Consumer,16-10-2024
9932,Consumer,11-04-2024
9933,Consumer,31-07-2024
9934,Consumer,15-07-2024
9935,Consumer,24-04-2022
9936,Small Business,02-01-2023
9937,Corporate,21-05-2024
9938,Small Business,30-05-2023
9939,Consumer,13-12-2023
9940,Small Business,13-10-2022
9941,Consumer,17-05-2024
9942,Small Business,17-01-2023
9943,Small Business,18-06-2023
9944,Consumer,31-08-2022
9945,Small Business,31-08-2022
9946,Small Business,24-12-2023
9947,Consumer,01-01-2022
9948,Consumer,13-07-2024
9949,Consumer,21-09-2024
9950,Consumer,03-09-2023
9951,Corporate,20-02-2023
9952,Consumer,07-11-2023
9953,Corporate,27-02-2024
9954,Consumer,27-02-2022
9955,Small Business,09-01-2024
9956,Corporate,03-03-2022
9957,Corporate,13-07-2023
9958,Consumer,16-03-2024
9959,Consumer,23-07-2024
9960,Corporate,05-12-2022
9961,Consumer,13-08-2023
9962,Corporate,23-01-2024
9963,Consumer,23-05-2024
9964,Consumer,11-09-2022
9965,Small Business,19-05-2024
9966,Consumer,21-02-2023
9967,Consumer,02-10-2022
9968,Consumer,26-02-2023
9969,Consumer,10-03-2023
9970,Corporate,15-07-2022
9971,Corporate,11-05-2024
9972,Consumer,27-01-2023
9973,Consumer,13-07-2023
9974,Consumer,07-11-2022
9975,Small Business,28-02-2024
9976,Small Business,20-12-2022
9977,Small Business,29-12-2024
9978,Corporate,21-02-2023
9979,Small Business,01-01-2022
9980,Corporate,05-07-2024
9981,Corporate,15-02-2023
9982,Consumer,21-07-2024
9983,Consumer,11-12-2023
9984,Corporate,01-02-2023
9985,Corporate,29-04-2024
9986,Corporate,05-12-2023
9987,Consumer,25-10-2022
9988,Small Business,20-10-2022
9989,Consumer,01-09-2022
9990,Corporate,02-06-2023
9991,Consumer,28-08-2024
9992,Corporate,31-05-2024
9993,Small Business,04-09-2023
9994,Consumer,15-01-2023
9995,Consumer,28-08-2023
9996,Small Business,14-02-2024
9997,Corporate,13-11-2023
9998,Consumer,20-06-2024
9999,Consumer,01-12-2023
10000,Consumer,10-04-2023
10001,Small Business,19-06-2022
10002,Consumer,06-04-2022
10003,Consumer,06-05-2023
10004,Consumer,24-03-2023
10005,Small Business,23-10-2023
10006,Consumer,16-09-2024
10007,Consumer,05-10-2022
10008,Corporate,21-10-2024
10009,Consumer,19-01-2022
10010,Consumer,13-05-2024
10011,Consumer,21-10-2022
10012,Corporate,02-11-2024
10013,Small Business,02-06-2023
10014,Corporate,19-04-2022
10015,Consumer,30-05-2023
10016,Consumer,11-02-2022
10017,Consumer,16-12-2022
10018,Small Business,18-08-2023
10019,Small Business,08-05-2023
10020,Consumer,04-10-2023
10021,Consumer,27-12-2024
10022,Corporate,20-08-2023
10023,Small Business,15-04-2023
10024,Corporate,11-10-2022
10025,Consumer,04-12-2024
10026,Consumer,01-06-2024
10027,Consumer,01-05-2022
10028,Corporate,06-05-2023
10029,Consumer,12-04-2023
10030,Consumer,11-10-2024
10031,Corporate,01-08-2022
10032,Small Business,11-04-2023
10033,Corporate,14-05-2023
10034,Corporate,09-07-2024
10035,Small Business,05-07-2024
10036,Consumer,13-08-2022
10037,Consumer,16-11-2023
10038,Consumer,07-05-2024
10039,Corporate,09-08-2024
10040,Corporate,28-02-2022
10041,Consumer,17-04-2024
10042,Consumer,23-07-2023
10043,Small Business,08-11-2024
10044,Corporate,17-05-2023
10045,Consumer,24-10-2024
10046,Consumer,20-11-2022
10047,Consumer,11-05-2022
10048,Consumer,18-12-2022
10049,Consumer,21-10-2023
10050,Corporate,01-08-2024
10051,Small Business,31-10-2022
10052,Small Business,21-04-2024
10053,Consumer,03-01-2023
10054,Small Business,09-08-2024
10055,Consumer,30-12-2024
10056,Corporate,20-07-2023
10057,Small Business,30-04-2023
10058,Small Business,01-08-2024
10059,Consumer,20-06-2024
10060,Small Business,03-11-2022
10061,Consumer,11-04-2024
10062,Consumer,30-05-2024
10063,Consumer,09-04-2024
10064,Corporate,13-12-2024
10065,Small Business,06-05-2023
10066,Consumer,09-01-2023
10067,Consumer,04-11-2024
10068,Small Business,25-06-2022
10069,Corporate,30-07-2024
10070,Corporate,07-07-2023
10071,Consumer,02-09-2022
10072,Consumer,20-08-2022
10073,Corporate,16-04-2023
10074,Consumer,16-07-2024
10075,Consumer,18-07-2023
10076,Corporate,08-04-2024
10077,Consumer,23-01-2024
10078,Corporate,21-07-2022
10079,Corporate,15-09-2022
10080,Consumer,18-02-2024
10081,Consumer,17-02-2022
10082,Consumer,08-04-2023
10083,Consumer,09-10-2024
10084,Small Business,18-05-2024
10085,Consumer,24-09-2023
10086,Corporate,02-04-2024
10087,Consumer,01-08-2023
10088,Small Business,25-04-2022
10089,Consumer,08-02-2024
10090,Consumer,03-12-2024
10091,Small Business,22-05-2024
10092,Small Business,07-03-2023
10093,Consumer,18-08-2022
10094,Consumer,10-12-2023
10095,Consumer,02-08-2023
10096,Consumer,12-07-2024
10097,Corporate,27-08-2024
10098,Corporate,01-04-2023
10099,Small Business,16-06-2024
10100,Consumer,01-09-2024
10101,Consumer,25-04-2022
10102,Consumer,27-09-2024
10103,Consumer,11-11-2023
10104,Small Business,02-10-2023
10105,Consumer,10-07-2023
10106,Consumer,21-07-2022
10107,Consumer,05-02-2024
10108,Consumer,06-01-2022
10109,Consumer,11-10-2024
10110,Consumer,01-04-2023
10111,Consumer,12-06-2024
10112,Consumer,24-11-2023
10113,Small Business,10-11-2024
10114,Consumer,15-04-2023
10115,Corporate,11-09-2023
10116,Consumer,12-10-2024
10117,Consumer,27-01-2022
10118,Corporate,23-03-2024
10119,Corporate,19-02-2023
10120,Consumer,09-06-2024
10121,Small Business,24-11-2023
10122,Consumer,06-01-2024
10123,Consumer,29-06-2023
10124,Consumer,01-01-2024
10125,Small Business,07-07-2022
10126,Consumer,25-12-2022
10127,Consumer,02-03-2022
10128,Consumer,22-08-2022
10129,Small Business,23-08-2023
10130,Consumer,08-06-2022
10131,Consumer,25-05-2023
10132,Consumer,05-07-2022
10133,Small Business,02-06-2024
10134,Corporate,27-10-2024
10135,Corporate,22-01-2024
10136,Consumer,07-11-2022
10137,Corporate,31-03-2022
10138,Consumer,05-12-2023
10139,Corporate,06-02-2022
10140,Consumer,23-01-2023
10141,Small Business,18-09-2023
10142,Corporate,16-02-2022
10143,Consumer,29-08-2024
10144,Consumer,20-08-2024
10145,Consumer,06-06-2023
10146,Small Business,06-07-2024
10147,Consumer,18-06-2023
10148,Consumer,21-09-2024
10149,Consumer,06-01-2024
10150,Consumer,16-12-2022
10151,Consumer,22-10-2022
10152,Consumer,22-12-2022
10153,Corporate,05-06-2022
10154,Corporate,22-07-2024
10155,Consumer,26-05-2022
10156,Consumer,26-10-2023
10157,Consumer,26-12-2024
10158,Small Business,23-12-2022
10159,Corporate,01-12-2022
10160,Corporate,24-12-2024
10161,Consumer,22-11-2023
10162,Consumer,31-12-2023
10163,Consumer,16-03-2023
10164,Consumer,22-06-2024
10165,Small Business,27-08-2024
10166,Small Business,09-09-2024
10167,Consumer,12-05-2024
10168,Consumer,22-03-2022
10169,Consumer,12-12-2022
10170,Consumer,29-11-2023
10171,Corporate,15-02-2024
10172,Consumer,27-02-2023
10173,Small Business,22-08-2024
10174,Consumer,21-12-2022
10175,Consumer,12-04-2024
10176,Consumer,22-01-2023
10177,Small Business,22-02-2022
10178,Small Business,13-04-2022
10179,Consumer,22-06-2023
10180,Small Business,04-10-2024
10181,Consumer,17-10-2022
10182,Corporate,14-01-2023
10183,Consumer,22-04-2022
10184,Small Business,02-08-2023
10185,Consumer,30-12-2024
10186,Corporate,22-04-2022
10187,Consumer,23-12-2023
10188,Small Business,27-02-2023
10189,Small Business,09-06-2022
10190,Consumer,02-02-2022
10191,Consumer,11-03-2024
10192,Consumer,24-05-2024
10193,Consumer,25-11-2023
10194,Consumer,14-03-2023
10195,Corporate,02-07-2022
10196,Small Business,28-10-2022
10197,Consumer,09-10-2022
10198,Small Business,04-12-2024
10199,Consumer,13-09-2022
10200,Corporate,25-11-2022
10201,Consumer,03-08-2022
10202,Small Business,16-07-2022
10203,Corporate,25-02-2023
10204,Small Business,07-02-2024
10205,Corporate,30-08-2022
10206,Consumer,16-03-2022
10207,Consumer,07-07-2023
10208,Consumer,14-12-2022
10209,Corporate,24-01-2022
10210,Consumer,09-07-2023
10211,Consumer,16-04-2024
10212,Corporate,16-08-2022
10213,Small Business,29-04-2023
10214,Consumer,30-10-2024
10215,Consumer,15-11-2023
10216,Consumer,03-09-2024
10217,Small Business,22-10-2022
10218,Small Business,28-11-2023
10219,Small Business,12-02-2023
10220,Small Business,02-10-2022
10221,Corporate,09-07-2022
10222,Consumer,05-09-2024
10223,Corporate,16-09-2023
10224,Consumer,04-02-2024
10225,Consumer,02-05-2022
10226,Consumer,30-10-2023
10227,Small Business,21-08-2022
10228,Small Business,04-08-2023
10229,Small Business,03-05-2023
10230,Consumer,14-03-2023
10231,Consumer,24-09-2024
10232,Small Business,17-11-2023
10233,Corporate,16-04-2022
10234,Consumer,04-01-2023
10235,Consumer,22-07-2022
10236,Consumer,15-12-2022
10237,Small Business,01-06-2022
10238,Corporate,29-11-2024
10239,Small Business,22-03-2024
10240,Small Business,03-02-2024
10241,Consumer,31-03-2022
10242,Consumer,02-01-2022
10243,Corporate,12-03-2022
10244,Consumer,31-05-2024
10245,Small Business,12-06-2024
10246,Corporate,29-10-2023
10247,Consumer,29-03-2022
10248,Small Business,25-03-2022
10249,Consumer,14-08-2023
10250,Consumer,23-08-2024
10251,Consumer,03-02-2024
10252,Corporate,30-07-2024
10253,Consumer,24-05-2023
10254,Corporate,05-02-2024
10255,Corporate,13-04-2023
10256,Consumer,02-09-2023
10257,Consumer,14-02-2022
10258,Consumer,21-05-2023
10259,Corporate,30-06-2024
10260,Consumer,22-12-2024
10261,Consumer,09-04-2022
10262,Small Business,02-07-2023
10263,Consumer,16-10-2023
10264,Consumer,19-03-2022
10265,Consumer,02-06-2022
10266,Small Business,26-03-2022
10267,Consumer,06-05-2022
10268,Consumer,07-10-2024
10269,Small Business,18-11-2023
10270,Small Business,06-11-2022
10271,Consumer,18-04-2022
10272,Small Business,17-08-2023
10273,Small Business,28-03-2024
10274,Consumer,23-03-2023
10275,Consumer,08-03-2022
10276,Consumer,16-09-2024
10277,Consumer,17-11-2023
10278,Consumer,01-03-2022
10279,Consumer,16-02-2024
10280,Corporate,28-07-2024
10281,Corporate,07-08-2022
10282,Consumer,23-05-2023
10283,Consumer,23-02-2024
10284,Small Business,28-11-2023
10285,Consumer,04-12-2023
10286,Small Business,15-12-2023
10287,Corporate,04-12-2022
10288,Corporate,05-04-2024
10289,Corporate,20-02-2022
10290,Consumer,03-11-2023
10291,Consumer,03-01-2024
10292,Consumer,25-06-2023
10293,Corporate,01-01-2022
10294,Consumer,17-11-2022
10295,Consumer,25-02-2022
10296,Consumer,24-11-2022
10297,Consumer,31-05-2024
10298,Small Business,16-05-2024
10299,Consumer,15-11-2024
10300,Corporate,07-12-2022
10301,Consumer,02-07-2022
10302,Consumer,31-08-2024
10303,Consumer,02-06-2024
10304,Consumer,29-03-2022
10305,Small Business,05-04-2024
10306,Consumer,10-04-2023
10307,Consumer,07-10-2024
10308,Corporate,10-03-2022
10309,Consumer,17-05-2023
10310,Consumer,19-04-2022
10311,Small Business,06-03-2024
10312,Small Business,26-11-2022
10313,Consumer,26-12-2024
10314,Consumer,19-12-2022
10315,Consumer,19-08-2024
10316,Corporate,13-04-2023
10317,Corporate,22-07-2023
10318,Consumer,26-02-2024
10319,Small Business,01-11-2024
10320,Consumer,01-04-2022
10321,Small Business,18-08-2022
10322,Consumer,31-12-2023
10323,Consumer,28-05-2023
10324,Consumer,26-04-2024
10325,Consumer,08-03-2023
10326,Corporate,15-01-2023
10327,Small Business,26-12-2022
10328,Consumer,22-12-2023
10329,Consumer,28-05-2022
10330,Consumer,05-09-2024
10331,Consumer,11-04-2022
10332,Consumer,01-11-2023
10333,Small Business,26-04-2022
10334,Small Business,10-03-2024
10335,Consumer,17-11-2024
10336,Consumer,22-05-2022
10337,Consumer,20-06-2022
10338,Small Business,26-07-2022
10339,Small Business,03-10-2024
10340,Small Business,19-08-2024
10341,Consumer,27-12-2022
10342,Corporate,08-09-2022
10343,Consumer,03-03-2023
10344,Consumer,21-06-2022
10345,Consumer,25-02-2022
10346,Small Business,15-07-2023
10347,Small Business,10-06-2024
10348,Consumer,11-12-2022
10349,Consumer,27-03-2024
10350,Consumer,29-07-2023
10351,Corporate,22-07-2024
10352,Consumer,02-09-2023
10353,Corporate,26-12-2024
10354,Consumer,22-04-2022
10355,Consumer,08-08-2022
10356,Consumer,04-11-2024
10357,Consumer,07-09-2024
10358,Consumer,08-12-2023
10359,Consumer,05-07-2023
10360,Consumer,21-11-2023
10361,Corporate,03-11-2022
10362,Consumer,10-05-2022
10363,Consumer,30-06-2022
10364,Corporate,04-04-2023
10365,Corporate,01-04-2023
10366,Consumer,01-07-2023
10367,Consumer,27-12-2024
10368,Corporate,17-12-2022
10369,Consumer,02-11-2023
10370,Small Business,29-08-2022
10371,Consumer,06-06-2023
10372,Corporate,01-09-2024
10373,Consumer,11-11-2022
10374,Consumer,06-12-2023
10375,Small Business,31-03-2024
10376,Consumer,02-04-2024
10377,Small Business,13-03-2023
10378,Corporate,27-05-2022
10379,Small Business,04-07-2023
10380,Consumer,11-11-2022
10381,Consumer,12-11-2024
10382,Small Business,13-06-2024
10383,Small Business,05-10-2024
10384,Corporate,19-01-2022
10385,Small Business,15-07-2023
10386,Small Business,29-11-2024
10387,Consumer,25-06-2022
10388,Corporate,17-06-2022
10389,Consumer,04-12-2023
10390,Consumer,19-07-2023
10391,Consumer,08-04-2024
10392,Corporate,16-02-2024
10393,Small Business,09-10-2023
10394,Consumer,04-07-2023
10395,Corporate,12-03-2023
10396,Consumer,03-06-2022
10397,Consumer,11-06-2022
10398,Small Business,15-10-2023
10399,Small Business,08-02-2024
10400,Consumer,29-04-2023
10401,Consumer,18-04-2022
10402,Consumer,04-02-2022
10403,Consumer,02-01-2023
10404,Consumer,16-05-2023
10405,Small Business,01-03-2024
10406,Small Business,08-07-2023
10407,Consumer,20-02-2022
10408,Small Business,08-11-2022
10409,Small Business,03-08-2023
10410,Consumer,19-03-2023
10411,Small Business,24-11-2023
10412,Consumer,04-10-2023
10413,Consumer,13-05-2024
10414,Consumer,14-11-2022
10415,Consumer,13-10-2024
10416,Consumer,01-11-2022
10417,Consumer,10-09-2023
10418,Consumer,08-03-2023
10419,Consumer,03-11-2023
10420,Consumer,05-12-2022
10421,Consumer,29-03-2024
10422,Consumer,25-04-2023
10423,Corporate,18-08-2023
10424,Consumer,13-08-2023
10425,Consumer,07-09-2023
10426,Consumer,18-10-2024
10427,Consumer,22-09-2024
10428,Consumer,20-09-2022
10429,Consumer,06-07-2023
10430,Corporate,10-11-2024
10431,Consumer,06-10-2023
10432,Corporate,31-01-2022
10433,Small Business,21-04-2024
10434,Consumer,14-10-2022
10435,Small Business,17-09-2023
10436,Consumer,31-05-2024
10437,Corporate,29-07-2024
10438,Consumer,10-10-2023
10439,Consumer,22-11-2022
10440,Consumer,03-09-2022
10441,Consumer,07-01-2024
10442,Consumer,14-05-2024
10443,Consumer,17-05-2022
10444,Consumer,28-01-2023
10445,Corporate,11-09-2023
10446,Consumer,26-05-2022
10447,Consumer,15-02-2022
10448,Consumer,24-12-2023
10449,Consumer,21-11-2023
10450,Corporate,10-03-2024
10451,Consumer,27-06-2024
10452,Consumer,01-05-2023
10453,Consumer,22-02-2023
10454,Corporate,02-07-2022
10455,Small Business,17-12-2022
10456,Consumer,25-08-2024
10457,Corporate,27-10-2023
10458,Consumer,17-02-2022
10459,Consumer,11-04-2024
10460,Consumer,26-10-2023
10461,Consumer,04-08-2024
10462,Corporate,16-10-2024
10463,Consumer,15-08-2023
10464,Small Business,27-03-2022
10465,Corporate,22-06-2023
10466,Consumer,24-08-2024
10467,Consumer,20-03-2024
10468,Consumer,15-11-2023
10469,Corporate,27-03-2022
10470,Corporate,23-04-2024
10471,Consumer,23-09-2023
10472,Small Business,18-11-2022
10473,Consumer,04-05-2023
10474,Consumer,13-01-2022
10475,Corporate,22-08-2024
10476,Corporate,24-02-2024
10477,Consumer,09-02-2023
10478,Consumer,03-07-2023
10479,Corporate,22-03-2022
10480,Consumer,04-04-2024
10481,Consumer,12-02-2022
10482,Corporate,23-04-2022
10483,Consumer,27-09-2023
10484,Consumer,27-06-2024
10485,Consumer,30-01-2024
10486,Small Business,19-03-2024
10487,Consumer,24-03-2022
10488,Consumer,08-11-2023
10489,Consumer,19-04-2022
10490,Small Business,25-04-2022
10491,Small Business,30-06-2024
10492,Consumer,19-11-2022
10493,Consumer,08-01-2024
10494,Small Business,16-06-2024
10495,Small Business,06-11-2023
10496,Consumer,18-09-2023
10497,Consumer,20-10-2023
10498,Small Business,11-10-2022
10499,Small Business,08-12-2023
10500,Corporate,08-12-2022
10501,Consumer,04-08-2024
10502,Consumer,16-11-2024
10503,Small Business,03-11-2023
10504,Consumer,18-06-2023
10505,Consumer,21-03-2022
10506,Consumer,29-07-2022
10507,Consumer,06-02-2024
10508,Consumer,23-01-2022
10509,Corporate,18-11-2023
10510,Consumer,06-02-2022
10511,Small Business,22-08-2024
10512,Consumer,14-05-2022
10513,Consumer,18-11-2023
10514,Small Business,03-09-2024
10515,Corporate,17-03-2023
10516,Consumer,06-10-2024
10517,Corporate,17-05-2024
10518,Consumer,23-12-2022
10519,Small Business,22-04-2023
10520,Corporate,06-05-2022
10521,Consumer,03-09-2023
10522,Corporate,10-01-2023
10523,Consumer,30-10-2023
10524,Consumer,12-06-2023
10525,Small Business,12-03-2023
10526,Corporate,18-09-2023
10527,Consumer,02-04-2022
10528,Consumer,18-08-2022
10529,Consumer,08-08-2023
10530,Small Business,27-03-2022
10531,Corporate,22-01-2023
10532,Consumer,05-12-2023
10533,Consumer,25-04-2024
10534,Consumer,12-10-2024
10535,Consumer,06-10-2023
10536,Consumer,25-05-2024
10537,Corporate,24-02-2022
10538,Consumer,14-01-2022
10539,Consumer,02-08-2023
10540,Corporate,23-09-2023
10541,Consumer,27-04-2024
10542,Consumer,16-01-2022
10543,Consumer,02-01-2024
10544,Corporate,10-06-2023
10545,Small Business,19-05-2023
10546,Small Business,08-07-2024
10547,Small Business,13-07-2022
10548,Corporate,31-10-2023
10549,Small Business,10-12-2022
10550,Consumer,23-11-2022
10551,Small Business,02-04-2023
10552,Consumer,08-05-2023
10553,Consumer,20-07-2022
10554,Consumer,09-01-2023
10555,Consumer,25-03-2024
10556,Consumer,17-02-2023
10557,Small Business,10-05-2024
10558,Consumer,14-11-2023
10559,Consumer,07-06-2022
10560,Consumer,27-10-2024
10561,Corporate,03-04-2024
10562,Consumer,19-05-2022
10563,Consumer,21-09-2022
10564,Consumer,27-02-2024
10565,Corporate,09-07-2022
10566,Consumer,16-12-2022
10567,Consumer,01-08-2022
10568,Small Business,14-06-2022
10569,Small Business,17-07-2022
10570,Corporate,31-01-2022
10571,Consumer,10-04-2024
10572,Small Business,14-01-2024
10573,Consumer,14-12-2024
10574,Small Business,25-12-2024
10575,Consumer,16-10-2024
10576,Corporate,17-01-2022
10577,Small Business,20-09-2022
10578,Consumer,15-01-2022
10579,Consumer,18-04-2024
10580,Consumer,19-04-2022
10581,Corporate,29-07-2023
10582,Consumer,12-03-2023
10583,Corporate,18-08-2023
10584,Small Business,03-09-2023
10585,Consumer,24-09-2023
10586,Consumer,29-08-2023
10587,Corporate,13-04-2024
10588,Consumer,24-08-2024
10589,Corporate,05-12-2023
10590,Small Business,06-11-2024
10591,Consumer,21-09-2024
10592,Corporate,03-08-2024
10593,Consumer,26-11-2022
10594,Corporate,07-12-2022
10595,Consumer,27-04-2022
10596,Consumer,27-01-2022
10597,Corporate,17-05-2024
10598,Corporate,12-05-2024
10599,Small Business,19-08-2022
10600,Corporate,04-05-2022
10601,Small Business,18-08-2023
10602,Consumer,20-01-2022
10603,Small Business,06-02-2023
10604,Small Business,20-10-2022
10605,Corporate,02-12-2024
10606,Consumer,02-08-2023
10607,Consumer,18-06-2024
10608,Consumer,22-02-2024
10609,Consumer,17-06-2023
10610,Consumer,23-12-2023
10611,Small Business,23-06-2022
10612,Consumer,10-03-2024
10613,Small Business,10-03-2022
10614,Consumer,09-12-2022
10615,Consumer,17-12-2022
10616,Consumer,27-05-2022
10617,Consumer,13-06-2024
10618,Consumer,25-03-2023
10619,Consumer,30-04-2023
10620,Small Business,01-03-2023
10621,Consumer,23-04-2024
10622,Consumer,13-07-2023
10623,Consumer,19-01-2024
10624,Consumer,11-12-2022
10625,Consumer,08-05-2022
10626,Consumer,18-01-2024
10627,Consumer,07-11-2023
10628,Small Business,20-03-2023
10629,Small Business,14-12-2022
10630,Small Business,14-12-2022
10631,Consumer,23-02-2023
10632,Consumer,21-10-2024
10633,Corporate,02-02-2024
10634,Small Business,02-04-2022
10635,Consumer,05-10-2023
10636,Consumer,24-07-2022
10637,Consumer,09-08-2022
10638,Consumer,28-01-2023
10639,Consumer,29-01-2023
10640,Consumer,05-03-2023
10641,Small Business,01-02-2022
10642,Small Business,10-09-2024
10643,Corporate,30-01-2023
10644,Consumer,24-07-2024
10645,Consumer,05-10-2023
10646,Consumer,10-04-2024
10647,Consumer,15-07-2024
10648,Consumer,27-08-2024
10649,Corporate,13-10-2022
10650,Consumer,19-06-2023
10651,Consumer,29-10-2022
10652,Small Business,02-07-2022
10653,Consumer,01-05-2023
10654,Consumer,22-06-2023
10655,Corporate,28-09-2023
10656,Consumer,24-01-2023
10657,Small Business,04-11-2024
10658,Corporate,26-06-2024
10659,Corporate,31-07-2023
10660,Consumer,30-04-2023
10661,Consumer,01-09-2022
10662,Consumer,07-08-2022
10663,Small Business,24-07-2024
10664,Corporate,27-05-2022
10665,Consumer,25-09-2024
10666,Corporate,01-03-2023
10667,Consumer,26-06-2024
10668,Consumer,11-08-2024
10669,Consumer,11-08-2023
10670,Small Business,21-07-2023
10671,Corporate,12-12-2023
10672,Consumer,22-02-2024
10673,Small Business,20-10-2022
10674,Consumer,12-04-2022
10675,Consumer,12-06-2023
10676,Small Business,24-04-2023
10677,Consumer,05-12-2024
10678,Consumer,11-03-2024
10679,Consumer,09-04-2022
10680,Corporate,11-07-2024
10681,Corporate,01-09-2024
10682,Corporate,19-11-2024
10683,Consumer,29-05-2023
10684,Small Business,10-10-2024
10685,Consumer,09-09-2024
10686,Corporate,10-01-2024
10687,Small Business,09-02-2023
10688,Consumer,08-05-2022
10689,Corporate,20-04-2022
10690,Consumer,16-01-2022
10691,Small Business,22-02-2023
10692,Small Business,17-05-2022
10693,Small Business,02-09-2024
10694,Corporate,17-03-2022
10695,Consumer,21-08-2022
10696,Corporate,09-09-2023
10697,Consumer,16-05-2024
10698,Corporate,25-10-2022
10699,Consumer,05-05-2024
10700,Consumer,26-02-2024
10701,Corporate,21-01-2023
10702,Corporate,24-03-2024
10703,Consumer,04-01-2024
10704,Consumer,26-05-2023
10705,Corporate,25-11-2024
10706,Corporate,22-04-2024
10707,Corporate,17-04-2023
10708,Corporate,11-03-2024
10709,Small Business,17-09-2022
10710,Consumer,19-03-2023
10711,Consumer,24-03-2024
10712,Consumer,05-07-2024
10713,Consumer,12-11-2024
10714,Small Business,18-07-2022
10715,Consumer,22-04-2023
10716,Consumer,24-11-2022
10717,Corporate,03-08-2022
10718,Consumer,05-09-2022
10719,Consumer,22-11-2023
10720,Consumer,24-03-2022
10721,Consumer,19-06-2024
10722,Consumer,03-03-2022
10723,Small Business,23-04-2022
10724,Small Business,22-01-2024
10725,Consumer,03-12-2023
10726,Consumer,02-09-2023
10727,Consumer,31-08-2022
10728,Consumer,19-03-2022
10729,Consumer,09-04-2022
10730,Consumer,15-03-2023
10731,Small Business,23-12-2024
10732,Consumer,13-02-2022
10733,Small Business,13-05-2023
10734,Small Business,19-05-2023
10735,Consumer,24-08-2023
10736,Consumer,07-04-2023
10737,Small Business,01-02-2022
10738,Small Business,25-07-2024
10739,Consumer,02-04-2023
10740,Consumer,25-10-2022
10741,Small Business,01-02-2022
10742,Consumer,02-02-2022
10743,Consumer,14-05-2023
10744,Consumer,12-04-2024
10745,Small Business,05-12-2023
10746,Consumer,25-09-2024
10747,Consumer,23-07-2023
10748,Small Business,04-08-2024
10749,Small Business,25-04-2023
10750,Consumer,02-09-2022
10751,Consumer,12-11-2022
10752,Corporate,30-01-2022
10753,Corporate,06-10-2022
10754,Consumer,02-11-2024
10755,Consumer,13-04-2022
10756,Small Business,30-04-2024
10757,Corporate,03-07-2024
10758,Corporate,10-07-2024
10759,Consumer,15-06-2023
10760,Consumer,23-08-2022
10761,Consumer,26-04-2022
10762,Corporate,17-12-2024
10763,Corporate,08-10-2024
10764,Corporate,05-12-2023
10765,Consumer,11-10-2024
10766,Small Business,22-05-2024
10767,Corporate,05-09-2022
10768,Small Business,04-03-2023
10769,Small Business,19-07-2022
10770,Corporate,26-12-2023
10771,Consumer,09-01-2022
10772,Consumer,07-02-2024
10773,Consumer,16-09-2024
10774,Corporate,27-09-2023
10775,Corporate,07-11-2023
10776,Consumer,01-04-2023
10777,Consumer,01-07-2024
10778,Consumer,18-08-2022
10779,Consumer,25-06-2023
10780,Small Business,20-07-2022
10781,Small Business,27-05-2022
10782,Corporate,25-01-2022
10783,Consumer,16-05-2023
10784,Consumer,14-08-2024
10785,Small Business,29-12-2023
10786,Consumer,07-07-2023
10787,Consumer,22-04-2023
10788,Consumer,01-11-2023
10789,Small Business,12-06-2022
10790,Consumer,23-01-2022
10791,Consumer,10-03-2022
10792,Consumer,13-10-2024
10793,Consumer,17-08-2024
10794,Consumer,20-02-2024
10795,Small Business,30-07-2023
10796,Consumer,28-06-2023
10797,Small Business,20-08-2023
10798,Corporate,08-09-2022
10799,Consumer,16-09-2023
10800,Consumer,26-06-2023
10801,Consumer,06-06-2022
10802,Consumer,28-01-2023
10803,Consumer,02-05-2023
10804,Consumer,05-12-2023
10805,Consumer,18-04-2023
10806,Consumer,01-01-2024
10807,Corporate,12-01-2023
10808,Consumer,17-01-2024
10809,Consumer,15-06-2024
10810,Consumer,12-11-2022
10811,Consumer,04-12-2023
10812,Consumer,22-01-2023
10813,Small Business,24-12-2024
10814,Consumer,01-08-2023
10815,Consumer,12-10-2022
10816,Consumer,07-06-2024
10817,Consumer,22-12-2023
10818,Small Business,04-08-2024
10819,Small Business,28-07-2024
10820,Consumer,14-06-2023
10821,Corporate,18-07-2022
10822,Consumer,29-07-2023
10823,Consumer,05-05-2024
10824,Consumer,31-05-2023
10825,Corporate,06-09-2022
10826,Consumer,20-09-2023
10827,Consumer,03-09-2023
10828,Corporate,22-11-2024
10829,Corporate,24-09-2023
10830,Consumer,08-03-2022
10831,Consumer,08-07-2022
10832,Consumer,12-01-2022
10833,Consumer,30-08-2023
10834,Consumer,15-10-2022
10835,Small Business,10-08-2023
10836,Small Business,08-06-2022
10837,Consumer,29-12-2024
10838,Consumer,11-08-2024
10839,Small Business,23-10-2022
10840,Consumer,01-02-2024
10841,Corporate,12-07-2024
10842,Small Business,15-07-2024
10843,Consumer,21-11-2022
10844,Consumer,02-10-2022
10845,Consumer,22-05-2022
10846,Consumer,03-09-2024
10847,Small Business,20-04-2024
10848,Small Business,01-12-2022
10849,Corporate,15-11-2023
10850,Consumer,10-12-2024
10851,Corporate,05-09-2022
10852,Consumer,20-12-2022
10853,Consumer,08-01-2023
10854,Consumer,29-07-2022
10855,Consumer,01-04-2023
10856,Consumer,04-03-2024
10857,Small Business,15-11-2024
10858,Consumer,05-07-2022
10859,Consumer,23-03-2022
10860,Small Business,27-11-2024
10861,Consumer,07-12-2024
10862,Small Business,27-02-2024
10863,Consumer,23-10-2023
10864,Small Business,18-03-2024
10865,Corporate,19-02-2022
10866,Consumer,11-04-2024
10867,Corporate,24-05-2023
10868,Small Business,14-04-2022
10869,Corporate,17-02-2023
10870,Corporate,03-02-2023
10871,Consumer,14-07-2023
10872,Consumer,04-03-2022
10873,Consumer,09-12-2023
10874,Consumer,17-04-2024
10875,Consumer,31-05-2023
10876,Corporate,03-12-2023
10877,Consumer,03-02-2022
10878,Corporate,22-08-2022
10879,Small Business,06-12-2024
10880,Consumer,21-07-2022
10881,Consumer,24-04-2022
10882,Consumer,15-01-2023
10883,Small Business,20-03-2024
10884,Consumer,08-11-2024
10885,Consumer,04-06-2024
10886,Consumer,29-11-2022
10887,Corporate,03-02-2022
10888,Consumer,08-02-2023
10889,Consumer,01-01-2024
10890,Consumer,14-06-2024
10891,Small Business,17-06-2022
10892,Corporate,24-10-2023
10893,Small Business,15-07-2024
10894,Corporate,01-10-2024
10895,Small Business,26-07-2022
10896,Consumer,25-05-2024
10897,Consumer,19-06-2024
10898,Consumer,30-09-2024
10899,Consumer,01-07-2023
10900,Consumer,30-04-2022
10901,Consumer,22-12-2023
10902,Consumer,18-01-2022
10903,Consumer,26-06-2024
10904,Consumer,20-10-2024
10905,Consumer,22-01-2022
10906,Corporate,02-07-2022
10907,Consumer,12-03-2022
10908,Consumer,10-12-2024
10909,Small Business,10-11-2022
10910,Consumer,17-10-2022
10911,Consumer,21-06-2022
10912,Small Business,12-08-2023
10913,Consumer,20-03-2023
10914,Consumer,08-03-2024
10915,Small Business,03-03-2023
10916,Corporate,02-07-2022
10917,Consumer,03-09-2022
10918,Consumer,01-03-2024
10919,Consumer,30-07-2023
10920,Consumer,06-03-2022
10921,Small Business,04-12-2022
10922,Small Business,15-11-2023
10923,Corporate,07-02-2023
10924,Consumer,01-02-2022
10925,Consumer,06-03-2023
10926,Consumer,13-11-2023
10927,Corporate,18-09-2022
10928,Small Business,16-10-2022
10929,Small Business,08-04-2024
10930,Consumer,25-11-2022
10931,Consumer,26-09-2024
10932,Small Business,18-09-2022
10933,Small Business,24-10-2023
10934,Consumer,15-05-2022
10935,Small Business,02-10-2024
10936,Consumer,04-08-2024
10937,Consumer,14-11-2022
10938,Consumer,20-02-2022
10939,Small Business,23-05-2024
10940,Small Business,03-08-2024
10941,Consumer,02-08-2023
10942,Consumer,04-04-2024
10943,Consumer,08-05-2022
10944,Consumer,04-12-2024
10945,Corporate,17-02-2022
10946,Corporate,17-05-2024
10947,Corporate,09-02-2023
10948,Consumer,17-03-2022
10949,Consumer,26-12-2024
10950,Small Business,03-06-2022
10951,Consumer,14-10-2024
10952,Consumer,04-02-2023
10953,Consumer,06-11-2022
10954,Small Business,17-03-2023
10955,Consumer,23-05-2023
10956,Small Business,12-11-2023
10957,Corporate,15-05-2023
10958,Consumer,28-09-2022
10959,Consumer,21-03-2023
10960,Small Business,04-02-2024
10961,Small Business,19-12-2022
10962,Consumer,13-07-2022
10963,Small Business,19-04-2022
10964,Consumer,22-06-2023
10965,Consumer,29-03-2022
10966,Consumer,11-07-2024
10967,Consumer,03-12-2022
10968,Consumer,26-07-2023
10969,Consumer,18-04-2022
10970,Consumer,28-01-2024
10971,Corporate,25-05-2022
10972,Consumer,15-10-2022
10973,Consumer,15-12-2022
10974,Consumer,04-07-2024
10975,Consumer,03-10-2022
10976,Consumer,18-01-2022
10977,Consumer,24-11-2022
10978,Corporate,21-07-2024
10979,Small Business,19-04-2023
10980,Consumer,07-11-2022
10981,Consumer,24-08-2022
10982,Corporate,07-04-2023
10983,Consumer,27-05-2024
10984,Corporate,31-07-2022
10985,Small Business,10-03-2023
10986,Consumer,29-09-2022
10987,Consumer,05-01-2024
10988,Consumer,16-10-2022
10989,Small Business,13-02-2024
10990,Consumer,02-11-2024
10991,Consumer,18-02-2024
10992,Consumer,29-04-2022
10993,Corporate,13-09-2023
10994,Corporate,14-10-2024
10995,Consumer,29-04-2022
10996,Corporate,11-07-2022
10997,Consumer,03-05-2022
10998,Small Business,17-06-2024
10999,Small Business,16-06-2024
11000,Small Business,08-07-2023
11001,Consumer,15-03-2022
11002,Small Business,08-11-2022
11003,Consumer,23-10-2024
11004,Consumer,22-10-2023
11005,Corporate,31-05-2022
11006,Consumer,19-06-2022
11007,Small Business,05-03-2023
11008,Consumer,29-08-2024
11009,Consumer,15-05-2024
11010,Small Business,22-01-2022
11011,Consumer,19-09-2022
11012,Consumer,10-10-2024
11013,Consumer,26-11-2024
11014,Consumer,12-09-2024
11015,Corporate,06-07-2023
11016,Consumer,29-10-2024
11017,Small Business,12-10-2022
11018,Small Business,18-04-2023
11019,Consumer,02-04-2022
11020,Consumer,02-08-2022
11021,Consumer,15-01-2023
11022,Consumer,31-12-2024
11023,Consumer,30-06-2022
11024,Consumer,29-05-2023
11025,Corporate,18-02-2023
11026,Consumer,28-10-2022
11027,Consumer,22-11-2024
11028,Corporate,30-05-2023
11029,Small Business,20-03-2024
11030,Corporate,20-09-2023
11031,Consumer,03-11-2024
11032,Consumer,30-05-2022
11033,Corporate,16-03-2023
11034,Small Business,06-01-2023
11035,Corporate,10-03-2023
11036,Corporate,28-12-2024
11037,Small Business,11-10-2024
11038,Consumer,23-01-2023
11039,Consumer,08-02-2022
11040,Corporate,09-07-2022
11041,Consumer,27-11-2022
11042,Consumer,24-07-2022
11043,Corporate,10-05-2022
11044,Consumer,25-05-2024
11045,Corporate,03-07-2024
11046,Small Business,24-12-2022
11047,Consumer,26-08-2022
11048,Small Business,28-08-2024
11049,Small Business,15-08-2023
11050,Consumer,10-03-2024
11051,Consumer,11-06-2024
11052,Small Business,11-09-2024
11053,Consumer,02-01-2022
11054,Small Business,02-01-2023
11055,Consumer,31-03-2023
11056,Corporate,01-03-2023
11057,Corporate,18-01-2022
11058,Consumer,18-09-2023
11059,Consumer,12-09-2024
11060,Corporate,30-11-2022
11061,Corporate,12-09-2024
11062,Consumer,08-06-2023
11063,Corporate,01-06-2024
11064,Consumer,20-09-2022
11065,Consumer,28-06-2022
11066,Consumer,10-10-2024
11067,Consumer,28-03-2022
11068,Consumer,03-01-2022
11069,Corporate,02-08-2022
11070,Consumer,09-08-2022
11071,Consumer,20-07-2023
11072,Consumer,07-05-2024
11073,Corporate,18-04-2023
11074,Corporate,15-11-2023
11075,Corporate,25-01-2024
11076,Consumer,22-07-2023
11077,Consumer,16-06-2022
11078,Consumer,30-07-2023
11079,Consumer,14-09-2024
11080,Consumer,29-11-2022
11081,Consumer,31-03-2022
11082,Small Business,17-10-2023
11083,Consumer,05-05-2022
11084,Consumer,01-02-2024
11085,Consumer,17-03-2023
11086,Consumer,11-03-2022
11087,Corporate,01-06-2023
11088,Consumer,21-04-2024
11089,Corporate,16-08-2023
11090,Consumer,01-05-2022
11091,Consumer,08-03-2024
11092,Consumer,08-01-2024
11093,Consumer,17-06-2022
11094,Consumer,24-08-2023
11095,Corporate,06-12-2024
11096,Small Business,10-12-2022
11097,Small Business,19-07-2024
11098,Consumer,11-06-2024
11099,Small Business,31-03-2022
11100,Consumer,23-12-2023
11101,Consumer,23-07-2024
11102,Consumer,07-10-2022
11103,Consumer,02-12-2022
11104,Consumer,02-08-2023
11105,Consumer,12-10-2022
11106,Consumer,11-09-2024
11107,Small Business,18-02-2024
11108,Consumer,26-09-2024
11109,Consumer,01-12-2022
11110,Corporate,22-06-2022
11111,Small Business,16-10-2024
11112,Consumer,24-02-2023
11113,Corporate,22-03-2023
11114,Small Business,15-11-2023
11115,Consumer,19-08-2023
11116,Small Business,20-01-2022
11117,Consumer,18-12-2023
11118,Consumer,15-08-2023
11119,Small Business,01-11-2024
11120,Consumer,11-12-2023
11121,Corporate,07-03-2024
11122,Consumer,04-06-2024
11123,Consumer,15-11-2024
11124,Consumer,05-12-2022
11125,Corporate,21-05-2023
11126,Consumer,10-11-2022
11127,Consumer,09-08-2024
11128,Small Business,12-04-2022
11129,Small Business,17-01-2022
11130,Corporate,22-07-2023
11131,Consumer,02-01-2023
11132,Consumer,27-09-2022
11133,Consumer,08-07-2023
11134,Consumer,11-04-2023
11135,Small Business,01-08-2024
11136,Consumer,28-08-2022
11137,Small Business,01-10-2022
11138,Consumer,27-07-2023
11139,Consumer,04-03-2023
11140,Consumer,20-12-2022
11141,Consumer,13-02-2022
11142,Small Business,25-07-2023
11143,Small Business,17-05-2024
11144,Small Business,09-08-2024
11145,Corporate,18-06-2023
11146,Consumer,08-09-2024
11147,Consumer,01-11-2024
11148,Consumer,18-06-2024
11149,Consumer,17-05-2022
11150,Small Business,11-09-2024
11151,Consumer,09-04-2022
11152,Corporate,02-08-2022
11153,Corporate,17-04-2023
11154,Consumer,14-02-2024
11155,Corporate,02-11-2023
11156,Consumer,17-09-2023
11157,Corporate,12-05-2024
11158,Consumer,13-12-2023
11159,Small Business,27-12-2023
11160,Consumer,15-01-2022
11161,Consumer,10-09-2023
11162,Consumer,26-10-2024
11163,Consumer,17-12-2022
11164,Corporate,11-02-2022
11165,Small Business,24-01-2022
11166,Corporate,15-10-2022
11167,Small Business,17-08-2024
11168,Corporate,17-10-2022
11169,Small Business,10-08-2023
11170,Consumer,23-09-2023
11171,Consumer,03-02-2024
11172,Corporate,17-03-2023
11173,Corporate,25-02-2022
11174,Small Business,15-06-2022
11175,Small Business,28-06-2024
11176,Consumer,01-04-2022
11177,Consumer,02-07-2024
11178,Consumer,30-01-2024
11179,Consumer,26-11-2022
11180,Corporate,19-07-2023
11181,Consumer,01-05-2022
11182,Consumer,10-08-2023
11183,Small Business,11-06-2022
11184,Consumer,06-12-2023
11185,Consumer,14-11-2022
11186,Consumer,19-01-2022
11187,Consumer,21-12-2022
11188,Consumer,04-01-2024
11189,Corporate,08-04-2022
11190,Consumer,25-03-2023
11191,Corporate,22-03-2022
11192,Consumer,09-05-2023
11193,Small Business,12-07-2023
11194,Consumer,03-04-2024
11195,Consumer,07-04-2023
11196,Small Business,08-08-2024
11197,Corporate,19-10-2023
11198,Consumer,16-10-2024
11199,Consumer,09-08-2024
11200,Small Business,29-03-2023
11201,Small Business,10-03-2024
11202,Consumer,20-05-2024
11203,Small Business,20-04-2024
11204,Small Business,26-08-2024
11205,Corporate,09-11-2024
11206,Corporate,29-07-2024
11207,Consumer,06-04-2023
11208,Consumer,15-05-2023
11209,Consumer,18-03-2022
11210,Consumer,20-05-2022
11211,Small Business,02-11-2024
11212,Consumer,31-07-2022
11213,Consumer,20-03-2022
11214,Corporate,05-09-2022
11215,Consumer,07-11-2022
11216,Consumer,30-11-2024
11217,Consumer,27-05-2024
11218,Consumer,30-04-2023
11219,Corporate,04-11-2024
11220,Small Business,24-09-2023
11221,Consumer,18-06-2024
11222,Consumer,27-05-2022
11223,Consumer,07-01-2023
11224,Corporate,17-11-2024
11225,Consumer,22-02-2023
11226,Small Business,18-12-2023
11227,Small Business,29-12-2022
11228,Small Business,08-11-2023
11229,Consumer,04-10-2023
11230,Consumer,09-10-2022
11231,Consumer,29-01-2023
11232,Small Business,18-07-2024
11233,Consumer,07-08-2022
11234,Consumer,10-01-2024
11235,Consumer,07-11-2023
11236,Consumer,24-09-2023
11237,Consumer,26-04-2023
11238,Consumer,12-02-2023
11239,Consumer,02-09-2024
11240,Small Business,04-04-2022
11241,Small Business,23-08-2023
11242,Consumer,02-07-2023
11243,Consumer,26-04-2024
11244,Small Business,20-06-2023
11245,Corporate,01-04-2022
11246,Consumer,21-06-2022
11247,Corporate,14-03-2024
11248,Consumer,03-01-2023
11249,Small Business,29-01-2022
11250,Consumer,05-12-2023
11251,Small Business,20-09-2024
11252,Consumer,20-05-2024
11253,Small Business,04-05-2023
11254,Consumer,22-10-2024
11255,Consumer,19-12-2024
11256,Consumer,11-03-2023
11257,Consumer,19-10-2022
11258,Consumer,04-06-2023
11259,Consumer,03-06-2022
11260,Consumer,30-06-2024
11261,Consumer,11-09-2023
11262,Corporate,30-01-2024
11263,Corporate,01-12-2024
11264,Consumer,18-07-2023
11265,Consumer,14-03-2024
11266,Consumer,08-10-2022
11267,Consumer,17-06-2023
11268,Small Business,11-07-2022
11269,Consumer,27-11-2022
11270,Corporate,06-05-2022
11271,Small Business,18-04-2024
11272,Consumer,27-10-2024
11273,Consumer,19-07-2024
11274,Consumer,28-05-2024
11275,Consumer,07-02-2022
11276,Consumer,02-08-2023
11277,Consumer,26-06-2023
11278,Corporate,08-06-2024
11279,Corporate,19-04-2024
11280,Consumer,02-08-2023
11281,Consumer,01-09-2024
11282,Consumer,05-01-2024
11283,Corporate,01-10-2024
11284,Corporate,27-02-2024
11285,Consumer,11-04-2023
11286,Consumer,08-11-2022
11287,Corporate,27-09-2023
11288,Small Business,16-10-2022
11289,Consumer,04-07-2024
11290,Small Business,16-12-2024
11291,Consumer,24-05-2024
11292,Corporate,31-12-2023
11293,Corporate,12-05-2022
11294,Corporate,28-03-2022
11295,Consumer,23-09-2023
11296,Consumer,07-11-2024
11297,Corporate,04-03-2024
11298,Corporate,06-09-2023
11299,Consumer,09-06-2024
11300,Corporate,16-03-2022
11301,Small Business,02-07-2024
11302,Corporate,21-06-2024
11303,Consumer,02-07-2022
11304,Consumer,02-10-2023
11305,Corporate,06-04-2024
11306,Consumer,10-07-2024
11307,Corporate,16-09-2022
11308,Corporate,10-07-2022
11309,Consumer,01-04-2023
11310,Consumer,12-07-2023
11311,Consumer,08-08-2024
11312,Consumer,30-01-2024
11313,Small Business,05-05-2023
11314,Consumer,05-08-2024
11315,Corporate,17-06-2024
11316,Consumer,09-10-2024
11317,Consumer,21-04-2024
11318,Small Business,17-02-2024
11319,Small Business,21-01-2022
11320,Corporate,02-03-2022
11321,Consumer,18-05-2023
11322,Consumer,03-05-2023
11323,Corporate,18-01-2023
11324,Consumer,15-05-2024
11325,Consumer,18-07-2024
11326,Consumer,09-08-2022
11327,Small Business,21-10-2022
11328,Consumer,10-09-2024
11329,Consumer,13-07-2023
11330,Corporate,01-03-2024
11331,Corporate,09-06-2022
11332,Corporate,28-06-2024
11333,Small Business,04-03-2024
11334,Consumer,14-06-2024
11335,Small Business,22-06-2024
11336,Small Business,04-01-2023
11337,Consumer,02-06-2024
11338,Consumer,31-08-2022
11339,Consumer,05-03-2022
11340,Consumer,18-05-2024
11341,Consumer,15-06-2023
11342,Small Business,29-06-2024
11343,Consumer,13-12-2024
11344,Consumer,16-03-2022
11345,Consumer,17-03-2022
11346,Corporate,26-01-2023
11347,Consumer,13-11-2024
11348,Consumer,02-11-2024
11349,Small Business,05-12-2024
11350,Consumer,24-11-2024
11351,Consumer,02-03-2023
11352,Consumer,29-12-2024
11353,Small Business,06-01-2022
11354,Consumer,15-06-2024
11355,Consumer,26-10-2023
11356,Small Business,28-01-2023
11357,Consumer,21-09-2022
11358,Consumer,05-10-2023
11359,Consumer,30-01-2022
11360,Consumer,10-02-2024
11361,Consumer,04-05-2022
11362,Corporate,23-06-2022
11363,Small Business,07-10-2024
11364,Small Business,31-08-2023
11365,Consumer,23-10-2023
11366,Consumer,08-04-2023
11367,Consumer,08-08-2024
11368,Small Business,10-11-2023
11369,Corporate,16-12-2024
11370,Consumer,06-01-2024
11371,Consumer,27-11-2022
11372,Consumer,24-04-2023
11373,Consumer,22-03-2022
11374,Consumer,22-10-2024
11375,Consumer,30-06-2023
11376,Consumer,22-05-2023
11377,Consumer,28-02-2022
11378,Small Business,24-06-2023
11379,Small Business,01-10-2022
11380,Corporate,15-01-2022
11381,Consumer,30-05-2023
11382,Corporate,30-08-2023
11383,Consumer,22-09-2022
11384,Small Business,26-11-2024
11385,Consumer,23-11-2022
11386,Consumer,21-08-2023
11387,Small Business,25-05-2022
11388,Consumer,26-03-2023
11389,Consumer,23-08-2022
11390,Corporate,17-08-2022
11391,Consumer,23-10-2023
11392,Small Business,23-02-2024
11393,Consumer,08-11-2023
11394,Small Business,24-04-2024
11395,Corporate,25-03-2023
11396,Consumer,29-07-2023
11397,Consumer,17-07-2023
11398,Consumer,26-11-2022
11399,Consumer,14-06-2024
11400,Consumer,26-12-2022
11401,Consumer,11-07-2024
11402,Consumer,18-09-2022
11403,Consumer,11-12-2023
11404,Consumer,13-03-2024
11405,Consumer,21-02-2023
11406,Consumer,20-12-2022
11407,Consumer,16-02-2022
11408,Corporate,04-12-2022
11409,Consumer,30-12-2024
11410,Consumer,02-08-2022
11411,Consumer,15-05-2022
11412,Consumer,30-10-2023
11413,Consumer,19-04-2024
11414,Consumer,01-05-2022
11415,Small Business,19-04-2022
11416,Consumer,07-11-2024
11417,Corporate,20-04-2022
11418,Consumer,17-02-2022
11419,Small Business,14-04-2023
11420,Corporate,14-10-2023
11421,Small Business,21-11-2023
11422,Corporate,12-05-2022
11423,Corporate,28-08-2023
11424,Consumer,21-03-2023
11425,Consumer,29-08-2022
11426,Consumer,20-10-2022
11427,Consumer,30-10-2022
11428,Consumer,23-10-2023
11429,Consumer,05-04-2024
11430,Consumer,24-10-2023
11431,Consumer,03-09-2024
11432,Consumer,19-02-2022
11433,Consumer,14-05-2023
11434,Consumer,28-10-2022
11435,Small Business,03-11-2022
11436,Consumer,10-09-2022
11437,Corporate,06-08-2022
11438,Consumer,16-04-2023
11439,Consumer,12-07-2022
11440,Consumer,18-07-2023
11441,Corporate,17-05-2024
11442,Corporate,24-12-2022
11443,Consumer,05-09-2023
11444,Consumer,27-10-2023
11445,Consumer,13-02-2023
11446,Consumer,06-08-2022
11447,Consumer,14-10-2022
11448,Small Business,05-04-2024
11449,Consumer,30-11-2024
11450,Corporate,25-02-2023
11451,Small Business,11-05-2023
11452,Consumer,17-06-2022
11453,Consumer,11-02-2022
11454,Small Business,24-10-2022
11455,Consumer,11-06-2024
11456,Consumer,15-04-2023
11457,Corporate,21-06-2023
11458,Consumer,17-02-2024
11459,Consumer,09-09-2023
11460,Small Business,17-07-2023
11461,Small Business,27-01-2022
11462,Consumer,06-11-2022
11463,Consumer,24-08-2023
11464,Consumer,04-10-2024
11465,Consumer,21-09-2022
11466,Small Business,02-07-2024
11467,Corporate,11-11-2024
11468,Small Business,29-03-2023
11469,Consumer,18-06-2022
11470,Consumer,27-08-2022
11471,Small Business,06-09-2024
11472,Corporate,01-10-2024
11473,Consumer,05-12-2024
11474,Corporate,21-12-2024
11475,Small Business,07-11-2024
11476,Consumer,28-05-2023
11477,Consumer,30-08-2024
11478,Consumer,13-09-2023
11479,Small Business,18-10-2023
11480,Corporate,25-11-2022
11481,Consumer,18-04-2024
11482,Consumer,28-12-2024
11483,Consumer,20-05-2024
11484,Consumer,15-01-2022
11485,Consumer,25-06-2024
11486,Consumer,06-06-2024
11487,Consumer,15-04-2022
11488,Consumer,12-10-2022
11489,Corporate,12-06-2023
11490,Consumer,24-02-2024
11491,Consumer,06-12-2022
11492,Consumer,11-12-2022
11493,Small Business,22-09-2022
11494,Consumer,24-05-2023
11495,Corporate,26-07-2024
11496,Consumer,27-10-2023
11497,Small Business,10-07-2022
11498,Consumer,13-07-2022
11499,Consumer,13-07-2023
11500,Corporate,08-05-2024
11501,Consumer,18-02-2023
11502,Small Business,26-11-2022
11503,Corporate,25-08-2024
11504,Small Business,03-01-2023
11505,Consumer,29-05-2023
11506,Corporate,02-11-2023
11507,Consumer,23-01-2024
11508,Corporate,11-01-2023
11509,Corporate,08-11-2022
11510,Consumer,21-01-2022
11511,Consumer,23-01-2024
11512,Consumer,12-02-2024
11513,Small Business,10-02-2024
11514,Consumer,18-07-2022
11515,Consumer,29-12-2024
11516,Consumer,30-12-2024
11517,Small Business,15-04-2024
11518,Consumer,08-11-2024
11519,Small Business,21-10-2022
11520,Corporate,03-09-2022
11521,Consumer,29-12-2023
11522,Corporate,25-01-2023
11523,Consumer,20-04-2023
11524,Consumer,25-04-2023
11525,Consumer,05-03-2023
11526,Corporate,07-09-2024
11527,Corporate,09-05-2024
11528,Consumer,02-05-2023
11529,Small Business,26-01-2023
11530,Consumer,11-03-2022
11531,Corporate,08-10-2022
11532,Small Business,18-02-2024
11533,Consumer,18-01-2024
11534,Consumer,26-07-2024
11535,Consumer,06-11-2024
11536,Corporate,25-07-2022
11537,Consumer,15-04-2024
11538,Consumer,19-04-2024
11539,Corporate,09-07-2022
11540,Small Business,17-02-2023
11541,Small Business,14-07-2023
11542,Consumer,18-11-2024
11543,Corporate,05-04-2024
11544,Consumer,16-01-2023
11545,Consumer,11-06-2022
11546,Consumer,17-05-2022
11547,Small Business,06-08-2022
11548,Consumer,26-08-2023
11549,Consumer,23-09-2023
11550,Consumer,20-02-2023
11551,Consumer,02-03-2024
11552,Consumer,08-03-2024
11553,Small Business,15-11-2022
11554,Corporate,19-02-2024
11555,Consumer,16-09-2023
11556,Corporate,09-02-2022
11557,Small Business,13-10-2023
11558,Consumer,16-06-2023
11559,Consumer,21-11-2024
11560,Small Business,24-08-2022
11561,Small Business,26-10-2023
11562,Consumer,24-05-2023
11563,Consumer,01-05-2024
11564,Consumer,15-02-2024
11565,Consumer,30-12-2023
11566,Consumer,28-06-2022
11567,Consumer,15-01-2023
11568,Consumer,17-04-2023
11569,Consumer,11-07-2023
11570,Small Business,18-01-2024
11571,Corporate,16-06-2024
11572,Consumer,06-11-2024
11573,Corporate,01-01-2024
11574,Consumer,06-04-2024
11575,Consumer,01-10-2022
11576,Consumer,29-01-2022
11577,Consumer,21-10-2023
11578,Consumer,19-04-2022
11579,Consumer,12-08-2022
11580,Small Business,14-06-2024
11581,Consumer,22-07-2022
11582,Consumer,13-05-2024
11583,Consumer,01-07-2022
11584,Consumer,13-04-2023
11585,Small Business,22-11-2024
11586,Consumer,08-08-2024
11587,Consumer,19-01-2023
11588,Consumer,24-07-2022
11589,Consumer,26-04-2022
11590,Consumer,24-01-2024
11591,Consumer,07-10-2022
11592,Corporate,23-11-2024
11593,Consumer,24-11-2022
11594,Consumer,13-08-2022
11595,Small Business,27-04-2023
11596,Consumer,30-04-2024
11597,Small Business,19-05-2024
11598,Small Business,31-03-2022
11599,Small Business,06-03-2023
11600,Consumer,16-04-2024
11601,Consumer,14-03-2023
11602,Consumer,13-10-2022
11603,Small Business,31-12-2024
11604,Consumer,13-04-2022
11605,Consumer,28-03-2024
11606,Consumer,12-11-2024
11607,Corporate,18-05-2022
11608,Consumer,02-03-2023
11609,Consumer,27-11-2022
11610,Small Business,25-05-2024
11611,Consumer,07-12-2022
11612,Consumer,10-07-2022
11613,Consumer,15-03-2024
11614,Corporate,08-11-2022
11615,Corporate,19-11-2022
11616,Consumer,19-10-2024
11617,Consumer,07-06-2023
11618,Small Business,14-03-2022
11619,Consumer,18-03-2024
11620,Consumer,02-06-2023
11621,Small Business,19-12-2024
11622,Small Business,26-02-2024
11623,Consumer,22-05-2023
11624,Consumer,02-10-2023
11625,Consumer,19-05-2023
11626,Small Business,12-05-2024
11627,Consumer,12-12-2023
11628,Corporate,06-05-2022
11629,Small Business,23-11-2024
11630,Small Business,14-10-2022
11631,Consumer,20-12-2022
11632,Consumer,11-07-2023
11633,Consumer,29-12-2022
11634,Consumer,03-09-2023
11635,Consumer,20-11-2022
11636,Consumer,10-01-2022
11637,Consumer,10-01-2022
11638,Small Business,03-02-2024
11639,Small Business,10-07-2023
11640,Consumer,09-11-2022
11641,Corporate,10-08-2024
11642,Consumer,25-08-2022
11643,Consumer,03-11-2022
11644,Small Business,22-09-2023
11645,Consumer,02-02-2023
11646,Consumer,27-05-2024
11647,Consumer,11-09-2024
11648,Corporate,15-05-2024
11649,Corporate,02-02-2024
11650,Corporate,23-06-2023
11651,Consumer,22-10-2023
11652,Small Business,04-05-2023
11653,Consumer,24-04-2024
11654,Consumer,19-04-2023
11655,Small Business,13-01-2022
11656,Small Business,13-01-2024
11657,Consumer,17-05-2023
11658,Consumer,10-02-2022
11659,Consumer,12-09-2024
11660,Small Business,01-07-2023
11661,Small Business,15-08-2024
11662,Corporate,18-05-2023
11663,Consumer,05-10-2024
11664,Corporate,24-02-2023
11665,Consumer,22-03-2024
11666,Corporate,22-06-2024
11667,Consumer,30-06-2024
11668,Consumer,18-02-2024
11669,Consumer,07-09-2022
11670,Consumer,27-09-2022
11671,Consumer,26-08-2023
11672,Corporate,16-01-2024
11673,Small Business,25-06-2024
11674,Consumer,27-07-2023
11675,Consumer,04-06-2023
11676,Small Business,26-09-2023
11677,Small Business,12-10-2023
11678,Consumer,31-10-2024
11679,Consumer,13-03-2022
11680,Consumer,29-08-2024
11681,Small Business,25-03-2023
11682,Consumer,15-03-2022
11683,Consumer,20-11-2024
11684,Small Business,23-06-2023
11685,Consumer,23-05-2022
11686,Small Business,14-08-2023
11687,Small Business,22-12-2024
11688,Consumer,15-11-2023
11689,Consumer,26-03-2024
11690,Corporate,21-12-2022
11691,Consumer,30-07-2023
11692,Consumer,15-04-2024
11693,Corporate,23-02-2024
11694,Consumer,19-07-2022
11695,Consumer,20-12-2023
11696,Consumer,16-07-2024
11697,Consumer,15-07-2023
11698,Consumer,30-08-2024
11699,Consumer,06-10-2022
11700,Consumer,08-11-2024
11701,Consumer,11-07-2023
11702,Small Business,06-04-2024
11703,Consumer,10-09-2024
11704,Corporate,22-05-2023
11705,Consumer,17-07-2023
11706,Consumer,25-12-2022
11707,Corporate,19-09-2023
11708,Small Business,31-12-2022
11709,Consumer,28-04-2022
11710,Small Business,21-02-2024
11711,Corporate,29-09-2023
11712,Consumer,31-03-2024
11713,Consumer,11-02-2023
11714,Small Business,25-01-2023
11715,Corporate,30-06-2022
11716,Consumer,09-10-2023
11717,Consumer,15-11-2023
11718,Consumer,21-12-2023
11719,Consumer,20-10-2024
11720,Consumer,30-09-2023
11721,Small Business,23-01-2023
11722,Small Business,16-05-2022
11723,Consumer,25-06-2022
11724,Consumer,14-10-2024
11725,Small Business,19-05-2022
11726,Small Business,21-10-2022
11727,Consumer,21-07-2023
11728,Consumer,01-06-2022
11729,Consumer,28-11-2022
11730,Consumer,13-12-2024
11731,Consumer,01-02-2022
11732,Small Business,27-11-2022
11733,Consumer,06-04-2023
11734,Consumer,11-07-2023
11735,Consumer,15-01-2023
11736,Corporate,12-04-2024
11737,Small Business,08-05-2024
11738,Consumer,31-03-2022
11739,Corporate,05-03-2022
11740,Consumer,26-02-2023
11741,Consumer,14-03-2023
11742,Consumer,27-12-2023
11743,Consumer,08-01-2023
11744,Consumer,31-08-2024
11745,Consumer,03-05-2022
11746,Consumer,09-10-2022
11747,Consumer,26-05-2024
11748,Small Business,01-12-2023
11749,Consumer,14-06-2024
11750,Consumer,22-08-2022
11751,Corporate,09-08-2022
11752,Consumer,29-08-2022
11753,Consumer,02-12-2022
11754,Corporate,25-10-2024
11755,Consumer,05-01-2024
11756,Corporate,16-06-2024
11757,Corporate,04-06-2024
11758,Consumer,10-12-2022
11759,Consumer,31-10-2023
11760,Consumer,06-10-2023
11761,Corporate,01-02-2023
11762,Consumer,29-04-2024
11763,Consumer,18-03-2023
11764,Consumer,25-08-2023
11765,Consumer,02-02-2022
11766,Corporate,23-04-2022
11767,Consumer,21-10-2024
11768,Consumer,11-08-2022
11769,Small Business,09-09-2024
11770,Corporate,04-12-2022
11771,Small Business,11-02-2024
11772,Consumer,20-07-2022
11773,Consumer,03-05-2024
11774,Corporate,30-09-2022
11775,Small Business,24-09-2023
11776,Consumer,21-06-2024
11777,Consumer,21-08-2022
11778,Consumer,30-03-2022
11779,Small Business,17-03-2024
11780,Consumer,21-06-2023
11781,Corporate,17-09-2023
11782,Consumer,09-05-2024
11783,Consumer,22-11-2022
11784,Consumer,12-05-2023
11785,Corporate,19-11-2023
11786,Consumer,02-09-2024
11787,Consumer,10-10-2023
11788,Consumer,08-07-2022
11789,Corporate,25-11-2024
11790,Consumer,12-03-2022
11791,Corporate,07-04-2022
11792,Consumer,16-02-2024
11793,Consumer,04-05-2022
11794,Consumer,20-01-2022
11795,Consumer,19-07-2024
11796,Consumer,22-03-2022
11797,Corporate,22-09-2023
11798,Consumer,05-08-2023
11799,Consumer,17-03-2022
11800,Consumer,29-02-2024
11801,Consumer,11-07-2023
11802,Consumer,30-08-2023
11803,Consumer,02-10-2023
11804,Corporate,22-11-2024
11805,Consumer,07-06-2024
11806,Consumer,19-10-2023
11807,Consumer,10-02-2024
11808,Consumer,17-04-2024
11809,Consumer,20-01-2023
11810,Corporate,14-09-2024
11811,Consumer,09-11-2024
11812,Consumer,15-03-2022
11813,Consumer,22-05-2024
11814,Small Business,18-07-2023
11815,Consumer,06-12-2023
11816,Corporate,23-10-2022
11817,Corporate,10-11-2024
11818,Corporate,01-04-2024
11819,Consumer,01-05-2024
11820,Small Business,06-09-2022
11821,Consumer,16-01-2022
11822,Corporate,14-04-2023
11823,Consumer,26-05-2022
11824,Corporate,30-07-2024
11825,Small Business,11-02-2023
11826,Consumer,19-05-2024
11827,Small Business,03-09-2024
11828,Consumer,26-10-2023
11829,Small Business,20-06-2023
11830,Corporate,06-04-2022
11831,Consumer,22-06-2023
11832,Consumer,02-03-2023
11833,Consumer,01-10-2022
11834,Consumer,10-09-2023
11835,Consumer,25-06-2022
11836,Consumer,24-02-2024
11837,Small Business,22-12-2023
11838,Consumer,22-03-2023
11839,Corporate,23-12-2023
11840,Consumer,04-07-2024
11841,Consumer,16-07-2024
11842,Consumer,19-11-2023
11843,Corporate,13-02-2024
11844,Consumer,23-10-2024
11845,Consumer,31-03-2023
11846,Corporate,15-04-2024
11847,Consumer,30-08-2023
11848,Consumer,15-11-2022
11849,Consumer,03-08-2023
11850,Small Business,01-01-2023
11851,Corporate,20-12-2023
11852,Corporate,23-05-2022
11853,Consumer,01-12-2022
11854,Consumer,13-07-2023
11855,Small Business,15-02-2022
11856,Consumer,20-11-2022
11857,Consumer,23-09-2024
11858,Small Business,16-07-2024
11859,Small Business,04-01-2023
11860,Small Business,16-03-2022
11861,Consumer,17-07-2022
11862,Corporate,02-06-2022
11863,Consumer,26-01-2022
11864,Consumer,22-08-2022
11865,Consumer,24-10-2022
11866,Consumer,03-07-2023
11867,Consumer,03-09-2022
11868,Consumer,23-04-2023
11869,Corporate,07-03-2023
11870,Consumer,15-06-2022
11871,Consumer,13-05-2022
11872,Consumer,30-03-2023
11873,Consumer,06-04-2024
11874,Small Business,19-08-2023
11875,Consumer,08-09-2024
11876,Consumer,24-08-2022
11877,Consumer,08-01-2024
11878,Consumer,12-04-2023
11879,Corporate,02-05-2024
11880,Consumer,14-05-2023
11881,Consumer,15-12-2022
11882,Consumer,10-02-2022
11883,Small Business,30-10-2022
11884,Corporate,27-04-2022
11885,Consumer,09-05-2024
11886,Small Business,13-08-2022
11887,Consumer,14-09-2022
11888,Consumer,26-11-2023
11889,Consumer,17-03-2024
11890,Consumer,04-01-2024
11891,Consumer,28-01-2022
11892,Consumer,26-02-2024
11893,Consumer,02-03-2022
11894,Consumer,09-06-2022
11895,Consumer,28-03-2023
11896,Consumer,07-09-2023
11897,Consumer,02-12-2023
11898,Corporate,02-12-2023
11899,Small Business,29-09-2024
11900,Corporate,11-12-2022
11901,Consumer,18-02-2023
11902,Small Business,14-11-2024
11903,Consumer,27-06-2022
11904,Small Business,27-12-2022
11905,Corporate,03-01-2024
11906,Consumer,17-10-2023
11907,Small Business,26-07-2024
11908,Consumer,26-05-2023
11909,Consumer,10-08-2024
11910,Consumer,03-03-2023
11911,Consumer,26-02-2023
11912,Consumer,08-06-2022
11913,Consumer,31-07-2022
11914,Consumer,27-05-2024
11915,Consumer,15-02-2023
11916,Consumer,11-12-2023
11917,Corporate,01-05-2023
11918,Consumer,18-07-2022
11919,Corporate,25-03-2022
11920,Consumer,02-01-2022
11921,Consumer,27-09-2024
11922,Consumer,16-03-2023
11923,Small Business,03-10-2024
11924,Corporate,05-08-2022
11925,Consumer,18-11-2024
11926,Consumer,09-08-2024
11927,Consumer,14-05-2022
11928,Consumer,01-12-2023
11929,Consumer,18-11-2023
11930,Consumer,17-11-2022
11931,Small Business,28-01-2022
11932,Small Business,04-03-2022
11933,Corporate,28-03-2022
11934,Consumer,06-09-2022
11935,Consumer,05-08-2022
11936,Small Business,16-10-2022
11937,Small Business,31-12-2024
11938,Corporate,30-11-2024
11939,Consumer,25-04-2024
11940,Consumer,03-07-2023
11941,Consumer,09-01-2023
11942,Corporate,13-02-2022
11943,Small Business,02-11-2022
11944,Corporate,18-09-2022
11945,Small Business,06-09-2023
11946,Corporate,19-12-2024
11947,Small Business,19-07-2023
11948,Consumer,15-01-2022
11949,Small Business,10-07-2024
11950,Small Business,18-07-2023
11951,Consumer,03-02-2024
11952,Consumer,07-07-2022
11953,Consumer,23-04-2024
11954,Corporate,25-12-2022
11955,Small Business,23-09-2023
11956,Consumer,21-12-2024
11957,Consumer,18-03-2024
11958,Consumer,17-07-2023
11959,Corporate,08-04-2023
11960,Consumer,31-03-2023
11961,Small Business,02-10-2023
11962,Consumer,06-07-2023
11963,Corporate,07-08-2022
11964,Consumer,23-04-2022
11965,Small Business,05-05-2023
11966,Consumer,14-02-2024
11967,Consumer,22-08-2023
11968,Consumer,28-04-2024
11969,Consumer,30-09-2022
11970,Consumer,27-11-2022
11971,Consumer,26-01-2022
11972,Consumer,27-06-2023
11973,Small Business,14-01-2024
11974,Consumer,11-04-2024
11975,Consumer,03-02-2022
11976,Consumer,14-10-2022
11977,Small Business,17-03-2023
11978,Small Business,12-12-2023
11979,Consumer,17-05-2022
11980,Consumer,20-07-2023
11981,Small Business,07-01-2024
11982,Consumer,26-02-2024
11983,Corporate,07-03-2024
11984,Corporate,08-10-2024
11985,Consumer,18-08-2022
11986,Consumer,04-07-2024
11987,Consumer,29-08-2022
11988,Consumer,28-10-2024
11989,Small Business,16-03-2023
11990,Consumer,13-09-2022
11991,Consumer,12-06-2022
11992,Corporate,15-06-2023
11993,Corporate,30-07-2022
11994,Consumer,29-09-2022
11995,Consumer,30-08-2024
11996,Corporate,21-05-2023
11997,Consumer,30-01-2022
11998,Consumer,10-12-2024
11999,Consumer,03-11-2022
12000,Consumer,03-08-2023
